ok	/site/.github/docker/ci/smoke.php	0.00		cached
ok	/site/assets/cache/siteManager.php	0.00		cached
ok	/site/assets/modules/store/core.php	0.00		cached
fail	/site/assets/modules/store/installer/action.install.php	0.00	compile failed: MIR.verify: dangling local $_lang read in __main but never defined	cached
fail	/site/assets/modules/store/installer/action.load.php	0.00	/site/assets/modules/store/installer/action.load.php: parse failed: expected ';' after echo at line 14, column 69	cached
fail	/site/assets/modules/store/installer/action.options.php	0.00	/site/assets/modules/store/installer/action.options.php: parse failed: expected ';' after echo at line 133, column 362	cached
ok	/site/assets/modules/store/installer/functions.php	0.00		cached
ok	/site/assets/modules/store/installer/index.php	0.00		cached
ok	/site/assets/modules/store/installer/instprocessor-fast.php	0.00		cached
fail	/site/assets/modules/store/installer/instprocessor.php	0.00	compile failed: MIR.verify: dangling local $modulePath read in __main but never defined	cached
ok	/site/assets/modules/store/installer/lang/bg.inc.php	0.00		cached
ok	/site/assets/modules/store/installer/lang/cs.inc.php	0.00		cached
ok	/site/assets/modules/store/installer/lang/da.inc.php	0.00		cached
ok	/site/assets/modules/store/installer/lang/de.inc.php	0.00		cached
ok	/site/assets/modules/store/installer/lang/en.inc.php	0.00		cached
ok	/site/assets/modules/store/installer/lang/es.inc.php	0.00		cached
ok	/site/assets/modules/store/installer/lang/fa.inc.php	0.00		cached
ok	/site/assets/modules/store/installer/lang/fi.inc.php	0.00		cached
ok	/site/assets/modules/store/installer/lang/fr.inc.php	0.00		cached
ok	/site/assets/modules/store/installer/lang/he.inc.php	0.00		cached
ok	/site/assets/modules/store/installer/lang/it.inc.php	0.00		cached
ok	/site/assets/modules/store/installer/lang/ja.inc.php	0.00		cached
ok	/site/assets/modules/store/installer/lang/no.inc.php	0.00		cached
ok	/site/assets/modules/store/installer/lang/pl.inc.php	0.00		cached
ok	/site/assets/modules/store/installer/lang/pt.inc.php	0.00		cached
ok	/site/assets/modules/store/installer/lang/ru.inc.php	0.00		cached
ok	/site/assets/modules/store/installer/lang/sv.inc.php	0.00		cached
ok	/site/assets/modules/store/installer/lang/uk.inc.php	0.00		cached
fail	/site/assets/modules/store/installer/setup.info.php	0.00	compile failed: MIR.verify: dangling local $moduleTemplates read in __main but never defined	cached
ok	/site/assets/modules/store/installer/sqlParser.class.php	0.00		cached
ok	/site/assets/modules/store/lang/en.php	0.00		cached
ok	/site/assets/modules/store/lang/it.php	0.00		cached
ok	/site/assets/modules/store/lang/ja.php	0.00		cached
ok	/site/assets/modules/store/lang/nl.php	0.00		cached
ok	/site/assets/modules/store/lang/ru.php	0.00		cached
ok	/site/assets/modules/store/lang/uk.php	0.00		cached
ok	/site/assets/modules/store/update.php	0.00		cached
fail	/site/assets/plugins/codemirror/cm/codemirror.files.php	0.00	compile failed: MIR.verify: dangling local $_CM_URL read in __main but never defined	cached
fail	/site/assets/plugins/codemirror/codemirror.plugin.php	0.00	/site/assets/plugins/codemirror/codemirror.plugin.php: parse failed: unexpected token in expression: Semicolon at line 355, column 4	cached
fail	/site/assets/plugins/extrascheck/CheckOutdated.class.php	0.00	compile failed: MIR.verify: dangling local $_lang read in CheckOutdated__setLang but never defined	cached
fail	/site/assets/plugins/extrascheck/OutdatedExtrasCheck.plugin.php	0.00	compile failed: MIR.verify: dangling local $wdgVisibility read in __main but never defined	cached
ok	/site/assets/plugins/extrascheck/lang/english/core.inc.php	0.00		cached
ok	/site/assets/plugins/extrascheck/lang/italian/core.inc.php	0.00		cached
ok	/site/assets/plugins/extrascheck/lang/russian-UTF8/core.inc.php	0.00		cached
ok	/site/assets/plugins/extrascheck/lang/spanish/core.inc.php	0.00		cached
fail	/site/assets/plugins/transalias/plugin.transalias.php	0.00	compile failed: MIR.verify: dangling local $manager_language read in __main but never defined	cached
ok	/site/assets/plugins/transalias/transalias.class.php	0.00		cached
ok	/site/assets/plugins/transalias/transliterations/common.php	0.00		cached
ok	/site/assets/plugins/transalias/transliterations/czech.php	0.00		cached
ok	/site/assets/plugins/transalias/transliterations/dutch.php	0.00		cached
ok	/site/assets/plugins/transalias/transliterations/german.php	0.00		cached
ok	/site/assets/plugins/transalias/transliterations/russian.php	0.00		cached
ok	/site/assets/plugins/transalias/transliterations/utf8.php	0.00		cached
ok	/site/assets/plugins/transalias/transliterations/utf8lowercase.php	0.00		cached
ok	/site/assets/plugins/updater/lang/de.php	0.00		cached
ok	/site/assets/plugins/updater/lang/en.php	0.00		cached
ok	/site/assets/plugins/updater/lang/it.php	0.00		cached
ok	/site/assets/plugins/updater/lang/ja.php	0.00		cached
ok	/site/assets/plugins/updater/lang/nl.php	0.00		cached
ok	/site/assets/plugins/updater/lang/pl.php	0.00		cached
ok	/site/assets/plugins/updater/lang/ru.php	0.00		cached
ok	/site/assets/plugins/updater/lang/uk.php	0.00		cached
fail	/site/assets/plugins/updater/plugin.updater.php	0.00	compile failed: MIR.verify: dangling local $modx read in __main but never defined	cached
ok	/site/core/bootstrap.php	0.00		cached
ok	/site/core/config/app.php	0.00		cached
ok	/site/core/config/blade-icons.php	0.00		cached
ok	/site/core/config/cache.php	0.00		cached
ok	/site/core/config/cms/auth.php	0.00		cached
ok	/site/core/config/cms/observers.php	0.00		cached
ok	/site/core/config/database.php	0.00		cached
ok	/site/core/config/database/connections/default.php	0.00		cached
ok	/site/core/config/database/default.php	0.00		cached
ok	/site/core/config/database/migrations.php	0.00		cached
ok	/site/core/config/filesystems.php	0.00		cached
ok	/site/core/config/logging.php	0.00		cached
ok	/site/core/config/session.php	0.00		cached
ok	/site/core/config/tracy.php	0.00		cached
ok	/site/core/config/view.php	0.00		cached
ok	/site/core/database/migrations/2025_12_25_000000_initial_schema.php	0.00		cached
ok	/site/core/database/migrations/2026_01_17_000000_fix_columns.php	0.00		cached
ok	/site/core/database/migrations/2026_03_29_000000_create_file_groups_table.php	0.00		cached
ok	/site/core/database/migrations/2026_04_12_000000_create_system_cli_tasks_tables.php	0.00		cached
ok	/site/core/database/migrations/2026_08_20_000000_add_cachepwd_expiry_to_users.php	0.00		cached
ok	/site/core/database/migrations/2026_08_27_000000_add_templatefileextension_to_site_templates.php	0.00		cached
ok	/site/core/database/migrations/2026_08_27_000100_add_templatesource_to_site_templates.php	0.00		cached
ok	/site/core/database/seeders/AdminUserTableSeeder.php	0.00		cached
ok	/site/core/database/seeders/SiteContentTableSeeder.php	0.00		cached
ok	/site/core/database/seeders/SiteTemplatesTableSeeder.php	0.00		cached
ok	/site/core/database/seeders/SystemEventnamesTableSeeder.php	0.00		cached
ok	/site/core/database/seeders/SystemSettingsTableSeeder.php	0.00		cached
ok	/site/core/database/seeders/UserPermissionsTableSeeder.php	0.00		cached
ok	/site/core/database/seeders/UserRolesTableSeeder.php	0.00		cached
ok	/site/core/factory/actionlist.php	0.00		cached
ok	/site/core/factory/charsets.php	0.00		cached
ok	/site/core/factory/settings.php	0.00		cached
ok	/site/core/factory/version.php	0.00		cached
ok	/site/core/functions/actions/bkmanager.php	0.00		cached
fail	/site/core/functions/actions/files.php	0.00	compile failed: MIR.verify: dangling local $userGroups read in ls but never defined	cached
ok	/site/core/functions/actions/help.php	0.00		cached
ok	/site/core/functions/actions/logging.php	0.00		cached
fail	/site/core/functions/actions/mutate_content.php	0.00	compile failed: MIR.verify: dangling local $_lang read in renderFormElement but never defined	cached
ok	/site/core/functions/actions/mutate_plugin.php	0.00		cached
ok	/site/core/functions/actions/settings.php	0.00		cached
ok	/site/core/functions/helper.php	0.00		cached
ok	/site/core/functions/laravel.php	0.00		cached
fail	/site/core/functions/nodes.php	0.00	compile failed: lazy body /site/core/functions/nodes.php:12 [{         $modx = evo();         global $icons, $_style, $_lang, $opened, $opened2, $closed2, $modx_textdir;          $o]: unexpected token in expression: Semicolon at line 46, column 10	cached
ok	/site/core/functions/preload.php	0.00		cached
fail	/site/core/functions/processors.php	0.00	compile failed: lazy body /site/core/functions/processors.php:370 [{         if ($_POST['tvsDirty'] == 1) {             $newAssignedTvs = isset($_POST['assignedTv']) ? $_POST['assignedTv']: unexpected token in expression: Semicolon at line 381, column 14	cached
ok	/site/core/functions/session_proxy.php	0.00		cached
ok	/site/core/functions/sync-replace-version.php	0.00		cached
ok	/site/core/functions/tv.php	0.00		cached
ok	/site/core/functions/utils.php	0.00		cached
fail	/site/core/includes/aliases.inc.php	0.00	compile failed: MIR.lower: unsupported statement kind Class at line 30	cached
fail	/site/core/includes/define.inc.php	0.00	compile failed: MIR.verify: dangling local $base_path read in __main but never defined	cached
ok	/site/core/includes/legacy.inc.php	0.00		cached
ok	/site/core/includes/protect.inc.php	0.00		cached
ok	/site/core/lang/az/global.php	0.00		cached
ok	/site/core/lang/az/pagination.php	0.00		cached
ok	/site/core/lang/az/validation.php	0.00		cached
ok	/site/core/lang/be/global.php	0.00		cached
ok	/site/core/lang/be/pagination.php	0.00		cached
ok	/site/core/lang/be/validation.php	0.00		cached
ok	/site/core/lang/bg/global.php	0.00		cached
ok	/site/core/lang/bg/pagination.php	0.00		cached
ok	/site/core/lang/bg/validation.php	0.00		cached
ok	/site/core/lang/cs/global.php	0.00		cached
ok	/site/core/lang/cs/pagination.php	0.00		cached
ok	/site/core/lang/cs/validation.php	0.00		cached
ok	/site/core/lang/da/global.php	0.00		cached
ok	/site/core/lang/da/pagination.php	0.00		cached
ok	/site/core/lang/da/validation.php	0.00		cached
ok	/site/core/lang/de/global.php	0.00		cached
ok	/site/core/lang/de/pagination.php	0.00		cached
ok	/site/core/lang/de/validation.php	0.00		cached
ok	/site/core/lang/en/global.php	0.00		cached
ok	/site/core/lang/en/pagination.php	0.00		cached
ok	/site/core/lang/en/validation.php	0.00		cached
ok	/site/core/lang/es/global.php	0.00		cached
ok	/site/core/lang/es/pagination.php	0.00		cached
ok	/site/core/lang/es/validation.php	0.00		cached
ok	/site/core/lang/fa/global.php	0.00		cached
ok	/site/core/lang/fa/pagination.php	0.00		cached
ok	/site/core/lang/fa/validation.php	0.00		cached
ok	/site/core/lang/fi/global.php	0.00		cached
ok	/site/core/lang/fi/pagination.php	0.00		cached
ok	/site/core/lang/fi/validation.php	0.00		cached
ok	/site/core/lang/fr/global.php	0.00		cached
ok	/site/core/lang/fr/pagination.php	0.00		cached
ok	/site/core/lang/fr/validation.php	0.00		cached
ok	/site/core/lang/he/global.php	0.00		cached
ok	/site/core/lang/he/pagination.php	0.00		cached
ok	/site/core/lang/he/validation.php	0.00		cached
ok	/site/core/lang/it/global.php	0.00		cached
ok	/site/core/lang/it/pagination.php	0.00		cached
ok	/site/core/lang/it/validation.php	0.00		cached
ok	/site/core/lang/ja/global.php	0.00		cached
ok	/site/core/lang/ja/pagination.php	0.00		cached
ok	/site/core/lang/ja/validation.php	0.00		cached
ok	/site/core/lang/nl/global.php	0.00		cached
ok	/site/core/lang/nl/pagination.php	0.00		cached
ok	/site/core/lang/nl/validation.php	0.00		cached
ok	/site/core/lang/nn/global.php	0.00		cached
ok	/site/core/lang/nn/pagination.php	0.00		cached
ok	/site/core/lang/nn/validation.php	0.00		cached
ok	/site/core/lang/pl/global.php	0.00		cached
ok	/site/core/lang/pl/pagination.php	0.00		cached
ok	/site/core/lang/pl/validation.php	0.00		cached
ok	/site/core/lang/pt/global.php	0.00		cached
ok	/site/core/lang/pt/pagination.php	0.00		cached
ok	/site/core/lang/pt/validation.php	0.00		cached
ok	/site/core/lang/ru/global.php	0.00		cached
ok	/site/core/lang/ru/pagination.php	0.00		cached
ok	/site/core/lang/ru/validation.php	0.00		cached
ok	/site/core/lang/sv/global.php	0.00		cached
ok	/site/core/lang/sv/pagination.php	0.00		cached
ok	/site/core/lang/sv/validation.php	0.00		cached
ok	/site/core/lang/uk/global.php	0.00		cached
ok	/site/core/lang/uk/pagination.php	0.00		cached
ok	/site/core/lang/uk/validation.php	0.00		cached
ok	/site/core/lang/zh/global.php	0.00		cached
ok	/site/core/lang/zh/pagination.php	0.00		cached
ok	/site/core/lang/zh/validation.php	0.00		cached
ok	/site/core/modifiers/mdf_addbreak.inc.php	0.00		cached
fail	/site/core/modifiers/mdf_getimage.inc.php	0.00	compile failed: MIR.verify: dangling local $value read in __main but never defined	cached
fail	/site/core/modifiers/mdf_memberof.inc.php	0.00	compile failed: MIR.verify: dangling local $this read in __main but never defined	cached
fail	/site/core/modifiers/mdf_moduser.inc.php	0.00	compile failed: MIR.verify: dangling local $value read in __main but never defined	cached
fail	/site/core/modifiers/mdf_summary.inc.php	0.00	compile failed: MIR.verify: dangling local $opt read in __main but never defined	cached
fail	/site/core/modifiers/mdf_wordwrap.inc.php	0.00	compile failed: MIR.verify: dangling local $value read in __main but never defined	cached
ok	/site/core/src/AbstractLaravel.php	0.00		cached
ok	/site/core/src/AliasLoader.php	0.00		cached
ok	/site/core/src/Auth/Contracts/LoginPipe.php	0.00		cached
ok	/site/core/src/Auth/LoginAttempt.php	0.00		cached
ok	/site/core/src/Auth/LoginPipeline.php	0.00		cached
ok	/site/core/src/Auth/PipelineUserManager.php	0.00		cached
ok	/site/core/src/Auth/Pipes/EnsureNotThrottled.php	0.00		cached
ok	/site/core/src/Bootstrap/EnvCacheLoader.php	0.00		cached
ok	/site/core/src/Console.php	0.00		cached
ok	/site/core/src/Console/ClearCacheFullCommand.php	0.00		cached
ok	/site/core/src/Console/ClearCompiledCommand.php	0.00		cached
ok	/site/core/src/Console/Lists/DeprecatedCommand.php	0.00		cached
ok	/site/core/src/Console/Lists/DocCommand.php	0.00		cached
ok	/site/core/src/Console/Lists/TemplateCommand.php	0.00		cached
ok	/site/core/src/Console/Lists/TvCommand.php	0.00		cached
fail	/site/core/src/Console/Packages/ExtrasCommand.php	0.00	compile failed: lazy body /site/core/src/Console/Packages/ExtrasCommand.php:267 [{         $catalog = $this->loadExtrasCatalog();         if ($catalog === null) {             $repos = $this->collectRep]: expected ':' after case label at line 278, column 43	cached
ok	/site/core/src/Console/Packages/InstallPackageAutoloadCommand.php	0.00		cached
ok	/site/core/src/Console/Packages/InstallPackageRequireCommand.php	0.00		cached
ok	/site/core/src/Console/Packages/PackageCommand.php	0.00		cached
ok	/site/core/src/Console/Packages/PackageCreateCommand.php	0.00		cached
ok	/site/core/src/Console/Packages/RemovePackageRequireCommand.php	0.00		cached
ok	/site/core/src/Console/Packages/RunPackageConsoleCommand.php	0.00		cached
ok	/site/core/src/Console/Presets/ApplyCommand.php	0.00		cached
ok	/site/core/src/Console/Presets/InstallCommand.php	0.00		cached
ok	/site/core/src/Console/RouteListCommand.php	0.00		cached
ok	/site/core/src/Console/Scheduling/ScheduleListCommand.php	0.00		cached
ok	/site/core/src/Console/Scheduling/ScheduleRunCommand.php	0.00		cached
ok	/site/core/src/Console/SiteUpdateCommand.php	0.00		cached
ok	/site/core/src/Console/SystemTasks/SchedulerHeartbeatCommand.php	0.00		cached
ok	/site/core/src/Console/SystemTasks/TaskWorkerCommand.php	0.00		cached
ok	/site/core/src/Console/TailwindBuildCommand.php	0.00		cached
fail	/site/core/src/Console/TranslationsSyncCommand.php	0.00	compile failed: lazy body /site/core/src/Console/TranslationsSyncCommand.php:258 [{         $filePath = $fileInfo['file'];         $language = $fileInfo['language'];         $arrayName = $fileInfo['arra]: expected ')' after arguments at line 275, column 21	cached
ok	/site/core/src/Console/UpdateTreeCommand.php	0.00		cached
ok	/site/core/src/Console/VendorPublishCommand.php	0.00		cached
ok	/site/core/src/Console/ViewClearCommand.php	0.00		cached
ok	/site/core/src/Controllers/AbstractController.php	0.00		cached
ok	/site/core/src/Controllers/AbstractResources.php	0.00		cached
fail	/site/core/src/Controllers/Actions.php	0.00	compile failed: MIR.lower: unsupported assign target kind StaticAccess at /site/core/src/Controllers/Actions.php:21	cached
ok	/site/core/src/Controllers/Chunk.php	0.00		cached
ok	/site/core/src/Controllers/EventLog.php	0.00		cached
ok	/site/core/src/Controllers/EventLogDetails.php	0.00		cached
ok	/site/core/src/Controllers/Frame.php	0.00		cached
ok	/site/core/src/Controllers/Help.php	0.00		cached
ok	/site/core/src/Controllers/MailTest.php	0.00		cached
ok	/site/core/src/Controllers/Modules.php	0.00		cached
fail	/site/core/src/Controllers/MoveDocument.php	0.00	compile failed: lazy body /site/core/src/Controllers/MoveDocument.php:41 [{          $newParentID = (int)get_by_key($_REQUEST, 'new_parent', 0, 'is_scalar');          $documentID = $this->getEle]: unexpected token in expression: Semicolon at line 86, column 14	cached
ok	/site/core/src/Controllers/Password.php	0.00		cached
ok	/site/core/src/Controllers/Phpinfo.php	0.00		cached
ok	/site/core/src/Controllers/Plugin.php	0.00		cached
ok	/site/core/src/Controllers/PluginPriority.php	0.00		cached
ok	/site/core/src/Controllers/RefreshSite.php	0.00		cached
ok	/site/core/src/Controllers/Resources.php	0.00		cached
ok	/site/core/src/Controllers/Resources/Chunks.php	0.00		cached
ok	/site/core/src/Controllers/Resources/Modules.php	0.00		cached
ok	/site/core/src/Controllers/Resources/Plugins.php	0.00		cached
ok	/site/core/src/Controllers/Resources/Snippets.php	0.00		cached
ok	/site/core/src/Controllers/Resources/Templates.php	0.00		cached
ok	/site/core/src/Controllers/Resources/Tv.php	0.00		cached
ok	/site/core/src/Controllers/Search.php	0.00		cached
ok	/site/core/src/Controllers/SiteSchedule.php	0.00		cached
ok	/site/core/src/Controllers/Snippet.php	0.00		cached
ok	/site/core/src/Controllers/SystemInfo.php	0.00		cached
ok	/site/core/src/Controllers/SystemSettings.php	0.00		cached
ok	/site/core/src/Controllers/Template.php	0.00		cached
ok	/site/core/src/Controllers/Tmplvar.php	0.00		cached
ok	/site/core/src/Controllers/TmplvarRank.php	0.00		cached
ok	/site/core/src/Controllers/UpdateTree.php	0.00		cached
ok	/site/core/src/Controllers/UserRoles/Permission.php	0.00		cached
ok	/site/core/src/Controllers/UserRoles/PermissionsGroups.php	0.00		cached
ok	/site/core/src/Controllers/UserRoles/PermissionsGroupsList.php	0.00		cached
ok	/site/core/src/Controllers/UserRoles/PermissionsList.php	0.00		cached
ok	/site/core/src/Controllers/UserRoles/RoleList.php	0.00		cached
ok	/site/core/src/Controllers/UserRoles/RoleManagment.php	0.00		cached
fail	/site/core/src/Controllers/UserRoles/UserRole.php	0.00	compile failed: lazy body /site/core/src/Controllers/UserRoles/UserRole.php:53 [{         $id = $this->getElementId();         $mode = $this->getIndex();         if (!$this->managerTheme->getCore()->h]: unexpected token in expression: Semicolon at line 91, column 14	cached
ok	/site/core/src/Controllers/Users/ChangePassword.php	0.00		cached
ok	/site/core/src/Controllers/Users/DeleteUser.php	0.00		cached
ok	/site/core/src/Controllers/Users/EditOrNewUser.php	0.00		cached
ok	/site/core/src/Controllers/Users/LogInOut.php	0.00		cached
ok	/site/core/src/Controllers/WebAccessPermissions.php	0.00		cached
fail	/site/core/src/Core.php	0.00	compile failed: MIR.lower: unsupported assign target kind StaticAccess at /site/core/src/Core.php:311	cached
ok	/site/core/src/Database.php	0.00		cached
ok	/site/core/src/Event.php	0.00		cached
ok	/site/core/src/Events/VendorTagPublished.php	0.00		cached
ok	/site/core/src/ExceptionHandler.php	0.00		cached
ok	/site/core/src/Exceptions/InvalidFieldException.php	0.00		cached
ok	/site/core/src/Exceptions/PasswordRecoveryRequiredException.php	0.00		cached
ok	/site/core/src/Exceptions/ServiceActionException.php	0.00		cached
ok	/site/core/src/Exceptions/ServiceValidationException.php	0.00		cached
ok	/site/core/src/Exceptions/TableNotDefinedException.php	0.00		cached
ok	/site/core/src/Exceptions/UnknownFetchTypeException.php	0.00		cached
ok	/site/core/src/Extensions/Collection.php	0.00		cached
ok	/site/core/src/Extensions/Router.php	0.00		cached
ok	/site/core/src/Facades/AuthServices.php	0.00		cached
ok	/site/core/src/Facades/ConfigService.php	0.00		cached
ok	/site/core/src/Facades/Console.php	0.00		cached
ok	/site/core/src/Facades/DocBlock.php	0.00		cached
ok	/site/core/src/Facades/HelperProcessor.php	0.00		cached
ok	/site/core/src/Facades/ManagerTheme.php	0.00		cached
ok	/site/core/src/Facades/Tailwind.php	0.00		cached
ok	/site/core/src/Facades/TemplateProcessor.php	0.00		cached
ok	/site/core/src/Facades/UrlProcessor.php	0.00		cached
fail	/site/core/src/HelperProcessor.php	0.00	compile failed: MIR.verify: dangling local $new read in EvolutionCMS\HelperProcessor__phpThumb but never defined	cached
ok	/site/core/src/Interfaces/CaptchaInterface.php	0.00		cached
ok	/site/core/src/Interfaces/ContextMenuInterface.php	0.00		cached
ok	/site/core/src/Interfaces/CoreInterface.php	0.00		cached
ok	/site/core/src/Interfaces/DataGridInterface.php	0.00		cached
ok	/site/core/src/Interfaces/DataSetPagerInterface.php	0.00		cached
ok	/site/core/src/Interfaces/DatabaseInterface.php	0.00		cached
ok	/site/core/src/Interfaces/DeprecatedCoreInterface.php	0.00		cached
ok	/site/core/src/Interfaces/DocBlockInterface.php	0.00		cached
ok	/site/core/src/Interfaces/EventInterface.php	0.00		cached
ok	/site/core/src/Interfaces/ExceptionHandlerInterface.php	0.00		cached
ok	/site/core/src/Interfaces/MailInterface.php	0.00		cached
ok	/site/core/src/Interfaces/MakeTableInterface.php	0.00		cached
ok	/site/core/src/Interfaces/ManagerApiInterface.php	0.00		cached
ok	/site/core/src/Interfaces/ManagerTheme/ControllerInterface.php	0.00		cached
ok	/site/core/src/Interfaces/ManagerTheme/PageControllerInterface.php	0.00		cached
ok	/site/core/src/Interfaces/ManagerTheme/TabControllerInterface.php	0.00		cached
ok	/site/core/src/Interfaces/ManagerThemeInterface.php	0.00		cached
ok	/site/core/src/Interfaces/MenuInterface.php	0.00		cached
ok	/site/core/src/Interfaces/ModifiersInterface.php	0.00		cached
ok	/site/core/src/Interfaces/MysqlDumperInterface.php	0.00		cached
ok	/site/core/src/Interfaces/PaginginateInterface.php	0.00		cached
ok	/site/core/src/Interfaces/PasswordHashInterface.php	0.00		cached
ok	/site/core/src/Interfaces/PhpCompatInterface.php	0.00		cached
ok	/site/core/src/Interfaces/ServiceProviderInterface.php	0.00		cached
ok	/site/core/src/Interfaces/SystemTaskHandlerInterface.php	0.00		cached
ok	/site/core/src/Interfaces/TracyPanel.php	0.00		cached
ok	/site/core/src/Interfaces/UserManagerInterface.php	0.00		cached
ok	/site/core/src/Legacy/Cache.php	0.00		cached
ok	/site/core/src/Legacy/Categories.php	0.00		cached
ok	/site/core/src/Legacy/DeprecatedCore.php	0.00		cached
ok	/site/core/src/Legacy/ErrorHandler.php	0.00		cached
ok	/site/core/src/Legacy/LogHandler.php	0.00		cached
ok	/site/core/src/Legacy/ManagerApi.php	0.00		cached
fail	/site/core/src/Legacy/Modifiers.php	0.00	compile failed: lazy body /site/core/src/Legacy/Modifiers.php:345 [{         $modx = evo();          if ($this->isEmpty($cmd, $value)) {             return '';         }          $this->k]: expected ')' after arguments at line 796, column 62	cached
ok	/site/core/src/Legacy/ModuleCategoriesManager.php	0.00		cached
ok	/site/core/src/Legacy/PasswordHash.php	0.00		cached
ok	/site/core/src/Legacy/Permissions.php	0.00		cached
ok	/site/core/src/Legacy/PhpCompat.php	0.00		cached
ok	/site/core/src/Legacy/Phx.php	0.00		cached
ok	/site/core/src/Legacy/TemplateParser.php	0.00		cached
ok	/site/core/src/Legacy/mgrResources.php	0.00		cached
ok	/site/core/src/Mail.php	0.00		cached
ok	/site/core/src/MaintenanceMode.php	0.00		cached
ok	/site/core/src/ManagerTheme.php	0.00		cached
ok	/site/core/src/Middleware/CheckAuthToken.php	0.00		cached
ok	/site/core/src/Middleware/CheckManagerAuth.php	0.00		cached
ok	/site/core/src/Middleware/Manager.php	0.00		cached
ok	/site/core/src/Middleware/SessionProxy.php	0.00		cached
ok	/site/core/src/Middleware/VerifyCsrfToken.php	0.00		cached
ok	/site/core/src/Models/ActiveUser.php	0.00		cached
ok	/site/core/src/Models/ActiveUserLock.php	0.00		cached
ok	/site/core/src/Models/ActiveUserSession.php	0.00		cached
ok	/site/core/src/Models/Category.php	0.00		cached
ok	/site/core/src/Models/ClosureTable.php	0.00		cached
ok	/site/core/src/Models/DocumentGroup.php	0.00		cached
ok	/site/core/src/Models/DocumentgroupName.php	0.00		cached
ok	/site/core/src/Models/EventLog.php	0.00		cached
ok	/site/core/src/Models/FileGroup.php	0.00		cached
ok	/site/core/src/Models/ManagerLog.php	0.00		cached
ok	/site/core/src/Models/MemberGroup.php	0.00		cached
ok	/site/core/src/Models/MembergroupAccess.php	0.00		cached
ok	/site/core/src/Models/MembergroupName.php	0.00		cached
ok	/site/core/src/Models/Permissions.php	0.00		cached
ok	/site/core/src/Models/PermissionsGroups.php	0.00		cached
ok	/site/core/src/Models/RolePermissions.php	0.00		cached
ok	/site/core/src/Models/SiteContent.php	0.00		cached
ok	/site/core/src/Models/SiteHtmlsnippet.php	0.00		cached
ok	/site/core/src/Models/SiteModule.php	0.00		cached
ok	/site/core/src/Models/SiteModuleAccess.php	0.00		cached
ok	/site/core/src/Models/SiteModuleDepobj.php	0.00		cached
ok	/site/core/src/Models/SitePlugin.php	0.00		cached
ok	/site/core/src/Models/SitePluginEvent.php	0.00		cached
ok	/site/core/src/Models/SiteSnippet.php	0.00		cached
ok	/site/core/src/Models/SiteTemplate.php	0.00		cached
ok	/site/core/src/Models/SiteTmplvar.php	0.00		cached
ok	/site/core/src/Models/SiteTmplvarAccess.php	0.00		cached
ok	/site/core/src/Models/SiteTmplvarContentvalue.php	0.00		cached
ok	/site/core/src/Models/SiteTmplvarTemplate.php	0.00		cached
ok	/site/core/src/Models/SystemCliTask.php	0.00		cached
ok	/site/core/src/Models/SystemCliTaskLog.php	0.00		cached
ok	/site/core/src/Models/SystemEventname.php	0.00		cached
ok	/site/core/src/Models/SystemSchedulerHealth.php	0.00		cached
ok	/site/core/src/Models/SystemSetting.php	0.00		cached
ok	/site/core/src/Models/SystemWorkerHealth.php	0.00		cached
ok	/site/core/src/Models/User.php	0.00		cached
ok	/site/core/src/Models/UserAttribute.php	0.00		cached
ok	/site/core/src/Models/UserRole.php	0.00		cached
ok	/site/core/src/Models/UserRoleVar.php	0.00		cached
ok	/site/core/src/Models/UserSetting.php	0.00		cached
ok	/site/core/src/Models/UserValue.php	0.00		cached
ok	/site/core/src/Observers/SiteContentObserver.php	0.00		cached
ok	/site/core/src/Parser.php	0.00		cached
ok	/site/core/src/ProviderRepository.php	0.00		cached
ok	/site/core/src/Providers/ArtisanServiceProvider.php	0.00		cached
ok	/site/core/src/Providers/AuthServiceProvider.php	0.00		cached
ok	/site/core/src/Providers/BladeIconsAdapterServiceProvider.php	0.00		cached
ok	/site/core/src/Providers/BladeServiceProvider.php	0.00		cached
ok	/site/core/src/Providers/ComposerServiceProvider.php	0.00		cached
ok	/site/core/src/Providers/ConfigServiceProvider.php	0.00		cached
ok	/site/core/src/Providers/DLTemplateServiceProvider.php	0.00		cached
ok	/site/core/src/Providers/DatabaseServiceProvider.php	0.00		cached
ok	/site/core/src/Providers/DeprecatedCoreServiceProvider.php	0.00		cached
ok	/site/core/src/Providers/DocBlockServiceProvider.php	0.00		cached
ok	/site/core/src/Providers/EventServiceProvider.php	0.00		cached
ok	/site/core/src/Providers/ExceptionHandlerServiceProvider.php	0.00		cached
ok	/site/core/src/Providers/FsServiceProvider.php	0.00		cached
ok	/site/core/src/Providers/HelperProcessorServiceProvider.php	0.00		cached
ok	/site/core/src/Providers/LogContextServiceProvider.php	0.00		cached
ok	/site/core/src/Providers/MailServiceProvider.php	0.00		cached
ok	/site/core/src/Providers/MakeTableServiceProvider.php	0.00		cached
ok	/site/core/src/Providers/ManagerApiServiceProvider.php	0.00		cached
ok	/site/core/src/Providers/ManagerThemeServiceProvider.php	0.00		cached
ok	/site/core/src/Providers/ModResourceServiceProvider.php	0.00		cached
ok	/site/core/src/Providers/ModUsersServiceProvider.php	0.00		cached
ok	/site/core/src/Providers/ModifiersServiceProvider.php	0.00		cached
ok	/site/core/src/Providers/ObserversServiceProvider.php	0.00		cached
ok	/site/core/src/Providers/PaginationServiceProvider.php	0.00		cached
ok	/site/core/src/Providers/PasswordHashServiceProvider.php	0.00		cached
ok	/site/core/src/Providers/PhpCompatServiceProvider.php	0.00		cached
ok	/site/core/src/Providers/PhxServiceProvider.php	0.00		cached
ok	/site/core/src/Providers/PipelineUserManagerServiceProvider.php	0.00		cached
ok	/site/core/src/Providers/RoutingServiceProvider.php	0.00		cached
ok	/site/core/src/Providers/SessionServiceProvider.php	0.00		cached
ok	/site/core/src/Providers/SystemTasksServiceProvider.php	0.00		cached
ok	/site/core/src/Providers/TailwindServiceProvider.php	0.00		cached
ok	/site/core/src/Providers/TemplateProcessorServiceProvider.php	0.00		cached
fail	/site/core/src/Providers/TracyServiceProvider.php	0.00	compile failed: MIR.lower: unsupported assign target kind StaticAccess at /site/core/src/Providers/TracyServiceProvider.php:32	cached
ok	/site/core/src/Providers/UrlProcessorServiceProvider.php	0.00		cached
ok	/site/core/src/ServiceProvider.php	0.00		cached
ok	/site/core/src/Services/AuthServices.php	0.00		cached
ok	/site/core/src/Services/ComposerVersionSynchronizer.php	0.00		cached
ok	/site/core/src/Services/ConfigService.php	0.00		cached
ok	/site/core/src/Services/DatabaseBackupService.php	0.00		cached
ok	/site/core/src/Services/PasswordRecoveryService.php	0.00		cached
ok	/site/core/src/Services/Store/CatalogService.php	0.00		cached
ok	/site/core/src/Services/Store/InstalledStateService.php	0.00		cached
ok	/site/core/src/Services/Store/LegacyDeleteService.php	0.00		cached
ok	/site/core/src/Services/Store/ModuleActionService.php	0.00		cached
ok	/site/core/src/Services/Store/ModuleViewService.php	0.00		cached
ok	/site/core/src/Services/Store/PackageInstallFlowService.php	0.00		cached
ok	/site/core/src/Services/Store/RemoteTransportService.php	0.00		cached
ok	/site/core/src/Services/Store/SiteUpdateService.php	0.00		cached
fail	/site/core/src/Services/Store/StoreContextService.php	0.00	compile failed: MIR.verify: dangling local $_Lang read in EvolutionCMS\Services\Store\StoreContextService__loadLanguage but never defined	cached
ok	/site/core/src/Services/SystemTasks/ConsoleInstallFlowService.php	0.00		cached
ok	/site/core/src/Services/SystemTasks/ConsoleUninstall/ConsoleUninstallHandlerInterface.php	0.00		cached
ok	/site/core/src/Services/SystemTasks/ConsoleUninstall/ConsoleUninstallPlan.php	0.00		cached
ok	/site/core/src/Services/SystemTasks/ConsoleUninstall/ConsoleUninstallRegistry.php	0.00		cached
ok	/site/core/src/Services/SystemTasks/ConsoleUninstall/ConsoleUninstallResult.php	0.00		cached
ok	/site/core/src/Services/SystemTasks/ConsoleUninstallFlowService.php	0.00		cached
ok	/site/core/src/Services/SystemTasks/SchedulerHealthService.php	0.00		cached
ok	/site/core/src/Services/SystemTasks/SiteUpdateFlowService.php	0.00		cached
ok	/site/core/src/Services/SystemTasks/SystemTaskRegistry.php	0.00		cached
ok	/site/core/src/Services/SystemTasks/SystemTaskService.php	0.00		cached
ok	/site/core/src/Services/SystemTasks/WorkerHealthService.php	0.00		cached
ok	/site/core/src/Services/TailwindService.php	0.00		cached
ok	/site/core/src/Shit/SoftDeletingScope.php	0.00		cached
ok	/site/core/src/Support/ArithmeticExpression.php	0.00		cached
ok	/site/core/src/Support/BladeDirective.php	0.00		cached
ok	/site/core/src/Support/Captcha.php	0.00		cached
ok	/site/core/src/Support/ContextMenu.php	0.00		cached
ok	/site/core/src/Support/DataGrid.php	0.00		cached
ok	/site/core/src/Support/DataSetPager.php	0.00		cached
ok	/site/core/src/Support/DocBlock.php	0.00		cached
ok	/site/core/src/Support/FileManagerAccess.php	0.00		cached
ok	/site/core/src/Support/Formatter/CSSMinify.php	0.00		cached
ok	/site/core/src/Support/Formatter/HtmlFormatter.php	0.00		cached
ok	/site/core/src/Support/Formatter/SqlFormatter.php	0.00		cached
ok	/site/core/src/Support/MailTestMailer.php	0.00		cached
ok	/site/core/src/Support/MailTestSmtp.php	0.00		cached
ok	/site/core/src/Support/MakeTable.php	0.00		cached
ok	/site/core/src/Support/Menu.php	0.00		cached
ok	/site/core/src/Support/MoveDocumentTargetGuard.php	0.00		cached
ok	/site/core/src/Support/MysqlDumper.php	0.00		cached
ok	/site/core/src/Support/Paginate.php	0.00		cached
ok	/site/core/src/Support/SiteTimezone.php	0.00		cached
ok	/site/core/src/Support/SqliteDumper.php	0.00		cached
ok	/site/core/src/Support/SystemSettingPathNormalizer.php	0.00		cached
ok	/site/core/src/Support/TemplateFileEngines.php	0.00		cached
ok	/site/core/src/TemplateProcessor.php	0.00		cached
ok	/site/core/src/Tracy/Debugger.php	0.00		cached
ok	/site/core/src/Tracy/Panels/AbstractPanel.php	0.00		cached
ok	/site/core/src/Tracy/Panels/Auth/Panel.php	0.00		cached
fail	/site/core/src/Tracy/Panels/Auth/assets/panel.php	0.00	/site/core/src/Tracy/Panels/Auth/assets/panel.php: parse failed: expected ';' after echo at line 1, column 66	cached
fail	/site/core/src/Tracy/Panels/Auth/assets/tab.php	0.00	/site/core/src/Tracy/Panels/Auth/assets/tab.php: parse failed: expected ';' after echo at line 1, column 75	cached
ok	/site/core/src/Tracy/Panels/Database/Panel.php	0.00		cached
fail	/site/core/src/Tracy/Panels/Database/assets/panel.php	0.00	/site/core/src/Tracy/Panels/Database/assets/panel.php: parse failed: expected ';' after echo at line 9, column 95	cached
fail	/site/core/src/Tracy/Panels/Database/assets/tab.php	0.00	/site/core/src/Tracy/Panels/Database/assets/tab.php: parse failed: expected ';' after echo at line 3, column 66	cached
ok	/site/core/src/Tracy/Panels/Event/Panel.php	0.00		cached
fail	/site/core/src/Tracy/Panels/Event/assets/panel.php	0.00	/site/core/src/Tracy/Panels/Event/assets/panel.php: parse failed: expected ';' after echo at line 2, column 51	cached
ok	/site/core/src/Tracy/Panels/Event/assets/tab.php	0.00		cached
ok	/site/core/src/Tracy/Panels/Request/Panel.php	0.00		cached
fail	/site/core/src/Tracy/Panels/Request/assets/panel.php	0.00	/site/core/src/Tracy/Panels/Request/assets/panel.php: parse failed: expected ';' after echo at line 9, column 50	cached
ok	/site/core/src/Tracy/Panels/Request/assets/tab.php	0.00		cached
ok	/site/core/src/Tracy/Panels/Routing/Panel.php	0.00		cached
fail	/site/core/src/Tracy/Panels/Routing/assets/panel.php	0.00	/site/core/src/Tracy/Panels/Routing/assets/panel.php: parse failed: expected ';' after echo at line 9, column 45	cached
fail	/site/core/src/Tracy/Panels/Routing/assets/tab.php	0.00	/site/core/src/Tracy/Panels/Routing/assets/tab.php: parse failed: expected ';' after echo at line 6, column 94	cached
ok	/site/core/src/Tracy/Panels/Session/Panel.php	0.00		cached
fail	/site/core/src/Tracy/Panels/Session/assets/panel.php	0.00	/site/core/src/Tracy/Panels/Session/assets/panel.php: parse failed: expected ';' after echo at line 12, column 50	cached
ok	/site/core/src/Tracy/Panels/Session/assets/tab.php	0.00		cached
ok	/site/core/src/Tracy/Panels/View/Panel.php	0.00		cached
fail	/site/core/src/Tracy/Panels/View/assets/panel.php	0.00	/site/core/src/Tracy/Panels/View/assets/panel.php: parse failed: expected ';' after echo at line 17, column 49	cached
ok	/site/core/src/Tracy/Panels/View/assets/tab.php	0.00		cached
ok	/site/core/src/Tracy/Template.php	0.00		cached
ok	/site/core/src/Traits/Helpers.php	0.00		cached
ok	/site/core/src/Traits/Models/ManagerActions.php	0.00		cached
ok	/site/core/src/Traits/Models/SoftDeletes.php	0.00		cached
ok	/site/core/src/Traits/Models/TimeMutator.php	0.00		cached
ok	/site/core/src/Traits/Path.php	0.00		cached
ok	/site/core/src/Traits/Settings.php	0.00		cached
ok	/site/core/src/UrlProcessor.php	0.00		cached
fail	/site/core/storage/bootstrap/siteCache.idx.php	0.00	compile failed: MIR.verify: dangling local $this read in __main but never defined	cached
ok	/site/core/storage/bootstrap/sitePublishing.idx.php	0.21		compiled
ok	/site/core/tests/Feature/ModifiersTest.php	0.00		cached
ok	/site/core/tests/Feature/SiteUpdateE2ETest.php	0.00		cached
ok	/site/core/tests/Mocks/MockDocumentParser.php	0.00		cached
ok	/site/core/tests/Pest.php	0.00		cached
ok	/site/core/tests/TestCase.php	0.00		cached
ok	/site/core/tests/Unit/AbstractLaravelLoadConfigurationTest.php	0.00		cached
ok	/site/core/tests/Unit/BackupManagerSqlImportSplitTest.php	0.00		cached
ok	/site/core/tests/Unit/Console/ClearCacheFullCommandTest.php	0.00		cached
ok	/site/core/tests/Unit/Console/PackageDiscoverTransitiveWarningTest.php	0.00		cached
ok	/site/core/tests/Unit/Console/PackageRequireCommandTest.php	0.00		cached
ok	/site/core/tests/Unit/Console/SiteUpdateCommandTest.php	0.00		cached
ok	/site/core/tests/Unit/Console/VendorPublishManifestTest.php	0.00		cached
ok	/site/core/tests/Unit/Controllers/ControllerNullableSignatureTest.php	0.00		cached
ok	/site/core/tests/Unit/Controllers/ManagerEmptyHashLoginTest.php	0.00		cached
ok	/site/core/tests/Unit/Controllers/SearchTest.php	0.00		cached
ok	/site/core/tests/Unit/Controllers/SearchTestHarness.php	0.00		cached
ok	/site/core/tests/Unit/Controllers/UserRoles/UserRolePermissionPayloadTest.php	0.00		cached
ok	/site/core/tests/Unit/CoreAddDataToViewTest.php	0.00		cached
ok	/site/core/tests/Unit/CoreTest.php	0.00		cached
ok	/site/core/tests/Unit/DatabaseBackupServiceConsistencyTest.php	0.00		cached
ok	/site/core/tests/Unit/DatabasePrefixPlaceholderCompatibilityTest.php	0.00		cached
ok	/site/core/tests/Unit/DefineConstantsCompatibilityTest.php	0.00		cached
ok	/site/core/tests/Unit/FileGroupsSchemaAndModelTest.php	0.00		cached
ok	/site/core/tests/Unit/FileManagerAccessTest.php	0.00		cached
ok	/site/core/tests/Unit/HelperJsJsonTest.php	0.00		cached
ok	/site/core/tests/Unit/Install/CliInstallTest.php	0.00		cached
ok	/site/core/tests/Unit/Install/ConnectionTemplatePasswordValidationTest.php	0.00		cached
ok	/site/core/tests/Unit/Install/DashboardWidgetRolePermissionUpgradeTest.php	0.00		cached
ok	/site/core/tests/Unit/Install/ManagerAclBaselineRepairTest.php	0.00		cached
ok	/site/core/tests/Unit/Install/UpdatePathConsistencyTest.php	0.00		cached
ok	/site/core/tests/Unit/LegacyApiModeCompatibilityTest.php	0.00		cached
ok	/site/core/tests/Unit/MailInitTest.php	0.00		cached
ok	/site/core/tests/Unit/Manager/BackupManagerTooltipMarkupTest.php	0.00		cached
ok	/site/core/tests/Unit/Manager/DocumentParserHookTest.php	0.00		cached
ok	/site/core/tests/Unit/Manager/FileManagerAclSourceTest.php	0.00		cached
ok	/site/core/tests/Unit/Manager/FileManagerDirectoryZipTest.php	0.00		cached
ok	/site/core/tests/Unit/Manager/FileManagerZipDownloadLoaderTest.php	0.00		cached
ok	/site/core/tests/Unit/Manager/FrameLegacyTreeBootstrapTest.php	0.00		cached
ok	/site/core/tests/Unit/Manager/FrameMainTargetHelperIncludeTest.php	0.00		cached
ok	/site/core/tests/Unit/Manager/FrameManagerTitleContractTest.php	0.00		cached
ok	/site/core/tests/Unit/Manager/GlobalTabsCsrfTokenTest.php	0.00		cached
ok	/site/core/tests/Unit/Manager/KcfinderAclUiSourceTest.php	0.00		cached
ok	/site/core/tests/Unit/Manager/LightnessActiveMenuContrastTest.php	0.00		cached
ok	/site/core/tests/Unit/Manager/LocalizationKeySyncTest.php	0.00		cached
ok	/site/core/tests/Unit/Manager/LocalizationTypoCleanupTest.php	0.00		cached
ok	/site/core/tests/Unit/Manager/LockoutHomeButtonLabelTest.php	0.00		cached
ok	/site/core/tests/Unit/Manager/LoginSiteNameEscapingTest.php	0.00		cached
ok	/site/core/tests/Unit/Manager/MailTestMailerTest.php	0.00		cached
ok	/site/core/tests/Unit/Manager/ManagerThemeLocaleContractTest.php	0.00		cached
ok	/site/core/tests/Unit/Manager/Page3ChildDocsVisibilityTest.php	0.00		cached
ok	/site/core/tests/Unit/Manager/ReferenceTypeSwitchFlowTest.php	0.00		cached
ok	/site/core/tests/Unit/Manager/ResourcePublishDateFieldTest.php	0.00		cached
ok	/site/core/tests/Unit/Manager/SiteTimezoneSettingContractTest.php	0.00		cached
ok	/site/core/tests/Unit/Manager/StaleLockCleanupTest.php	0.00		cached
ok	/site/core/tests/Unit/Manager/TemplateFileEnginesTest.php	0.00		cached
ok	/site/core/tests/Unit/Manager/ThemeToggleIconMarkupTest.php	0.00		cached
ok	/site/core/tests/Unit/Manager/ThemeToggleLightHoverContrastTest.php	0.00		cached
ok	/site/core/tests/Unit/Manager/TrackVisitorsHideFromTreeLocalizationTest.php	0.00		cached
ok	/site/core/tests/Unit/Manager/UkSettingFromFileLocalizationTest.php	0.00		cached
ok	/site/core/tests/Unit/Manager/ViewOptionsPanelLayoutTest.php	0.00		cached
ok	/site/core/tests/Unit/Manager/WebAccessPermissionsGroupIdsVisibilityTest.php	0.00		cached
ok	/site/core/tests/Unit/Manager/WebAlertAndQuitPlainTextTest.php	0.00		cached
ok	/site/core/tests/Unit/Manager/WebUserEmailRequiredMarkerTest.php	0.00		cached
ok	/site/core/tests/Unit/ManagerPathConstantUsageTest.php	0.00		cached
ok	/site/core/tests/Unit/Models/EventLogListPresentationTest.php	0.00		cached
ok	/site/core/tests/Unit/Models/EventLogMailSentTest.php	0.00		cached
ok	/site/core/tests/Unit/MoveDocumentTargetGuardTest.php	0.00		cached
ok	/site/core/tests/Unit/NiceCountHelperTest.php	0.00		cached
ok	/site/core/tests/Unit/NiceEtaTest.php	0.00		cached
ok	/site/core/tests/Unit/RemoveLocksConfirmMessageTest.php	0.00		cached
ok	/site/core/tests/Unit/Security/BladeStoredXssTest.php	0.00		cached
ok	/site/core/tests/Unit/Security/LoginPipelineTest.php	0.00		cached
ok	/site/core/tests/Unit/Security/ManagerCsrfCoverageTest.php	0.00		cached
ok	/site/core/tests/Unit/Security/ManagerCsrfMiddlewareTest.php	0.00		cached
ok	/site/core/tests/Unit/Security/ManagerOutputHelpersTest.php	0.00		cached
ok	/site/core/tests/Unit/Security/ManagerReflectedXssTest.php	0.00		cached
ok	/site/core/tests/Unit/Security/ParserEvalHardeningTest.php	0.00		cached
ok	/site/core/tests/Unit/Security/PasswordHashFormatsTest.php	0.00		cached
ok	/site/core/tests/Unit/Security/PasswordHashTypeRoutingTest.php	0.00		cached
ok	/site/core/tests/Unit/Security/PasswordRecoveryTest.php	0.00		cached
ok	/site/core/tests/Unit/Security/PasswordStorageTest.php	0.00		cached
ok	/site/core/tests/Unit/Security/SafeHtmlTest.php	0.00		cached
ok	/site/core/tests/Unit/Security/UnserializeAllowedClassesTest.php	0.00		cached
ok	/site/core/tests/Unit/Security/UpdaterMetadataTest.php	0.00		cached
ok	/site/core/tests/Unit/Security/UserManagerContractTest.php	0.00		cached
ok	/site/core/tests/Unit/Services/ComposerVersionSynchronizerTest.php	0.00		cached
ok	/site/core/tests/Unit/SiteTimezoneTest.php	0.00		cached
ok	/site/core/tests/Unit/SiteUrlFromHostHeaderTest.php	0.00		cached
ok	/site/core/tests/Unit/Store/StoreSelfUpdateBannerTest.php	0.00		cached
ok	/site/core/tests/Unit/Support/ArithmeticExpressionTest.php	0.00		cached
ok	/site/core/tests/Unit/Support/MysqlDumperRowBatchSizeTest.php	0.00		cached
ok	/site/core/tests/Unit/Support/SiteTimezoneTest.php	0.00		cached
ok	/site/core/tests/Unit/SystemSettingPathNormalizerTest.php	0.00		cached
ok	/site/core/tests/Unit/SystemTasks/ConsoleInstallFlowServiceTest.php	0.00		cached
ok	/site/core/tests/Unit/SystemTasks/ConsoleUninstallFlowServiceTest.php	0.00		cached
ok	/site/core/tests/Unit/SystemTasks/ConsoleUninstallRegistryTest.php	0.00		cached
ok	/site/core/tests/Unit/SystemTasks/HealthServicesTest.php	0.00		cached
ok	/site/core/tests/Unit/SystemTasks/ModuleActionServiceTest.php	0.00		cached
ok	/site/core/tests/Unit/SystemTasks/RemoteTransportServiceTest.php	0.00		cached
ok	/site/core/tests/Unit/SystemTasks/SiteUpdateFlowServiceTest.php	0.00		cached
ok	/site/core/tests/Unit/SystemTasks/SystemTaskRegistryTest.php	0.00		cached
ok	/site/core/tests/Unit/SystemTasks/SystemTaskServiceTest.php	0.00		cached
ok	/site/core/tests/Unit/SystemTasks/TestConsoleUninstallHandler.php	0.00		cached
ok	/site/core/tests/Unit/TransAliasManagerLanguageTest.php	0.00		cached
ok	/site/core/tests/Unit/TreeSortButtonContextTest.php	0.00		cached
ok	/site/core/tests/Unit/UpdaterManagerUiTest.php	0.00		cached
ok	/site/core/vendor/autoload.php	0.00		cached
ok	/site/core/vendor/blade-ui-kit/blade-icons/config/blade-icons.php	0.00		cached
ok	/site/core/vendor/blade-ui-kit/blade-icons/src/BladeIconsServiceProvider.php	0.00		cached
ok	/site/core/vendor/blade-ui-kit/blade-icons/src/Components/Icon.php	0.00		cached
ok	/site/core/vendor/blade-ui-kit/blade-icons/src/Components/Svg.php	0.00		cached
ok	/site/core/vendor/blade-ui-kit/blade-icons/src/Concerns/RendersAttributes.php	0.00		cached
ok	/site/core/vendor/blade-ui-kit/blade-icons/src/Console/CacheCommand.php	0.00		cached
ok	/site/core/vendor/blade-ui-kit/blade-icons/src/Console/ClearCommand.php	0.00		cached
ok	/site/core/vendor/blade-ui-kit/blade-icons/src/Exceptions/CannotRegisterIconSet.php	0.00		cached
ok	/site/core/vendor/blade-ui-kit/blade-icons/src/Exceptions/SvgNotFound.php	0.00		cached
ok	/site/core/vendor/blade-ui-kit/blade-icons/src/Factory.php	0.00		cached
ok	/site/core/vendor/blade-ui-kit/blade-icons/src/Generation/IconGenerator.php	0.00		cached
ok	/site/core/vendor/blade-ui-kit/blade-icons/src/IconsManifest.php	0.00		cached
ok	/site/core/vendor/blade-ui-kit/blade-icons/src/Svg.php	0.00		cached
ok	/site/core/vendor/blade-ui-kit/blade-icons/src/helpers.php	0.00		cached
ok	/site/core/vendor/brianium/paratest/bin/phpunit-wrapper.php	0.00		cached
ok	/site/core/vendor/brianium/paratest/src/Coverage/CoverageMerger.php	0.00		cached
ok	/site/core/vendor/brianium/paratest/src/JUnit/LogMerger.php	0.00		cached
ok	/site/core/vendor/brianium/paratest/src/JUnit/MessageType.php	0.00		cached
ok	/site/core/vendor/brianium/paratest/src/JUnit/TestCase.php	0.00		cached
ok	/site/core/vendor/brianium/paratest/src/JUnit/TestCaseWithMessage.php	0.00		cached
ok	/site/core/vendor/brianium/paratest/src/JUnit/TestSuite.php	0.00		cached
ok	/site/core/vendor/brianium/paratest/src/JUnit/Writer.php	0.00		cached
ok	/site/core/vendor/brianium/paratest/src/Options.php	0.00		cached
ok	/site/core/vendor/brianium/paratest/src/ParaTestCommand.php	0.00		cached
ok	/site/core/vendor/brianium/paratest/src/RunnerInterface.php	0.00		cached
ok	/site/core/vendor/brianium/paratest/src/TestDox/TestDoxResultsMerger.php	0.00		cached
ok	/site/core/vendor/brianium/paratest/src/Util/PhpstormHelper.php	0.00		cached
ok	/site/core/vendor/brianium/paratest/src/WrapperRunner/ApplicationForWrapperWorker.php	0.00		cached
ok	/site/core/vendor/brianium/paratest/src/WrapperRunner/MissingResultsException.php	0.00		cached
ok	/site/core/vendor/brianium/paratest/src/WrapperRunner/ProgressPrinterOutput.php	0.00		cached
ok	/site/core/vendor/brianium/paratest/src/WrapperRunner/ResultPrinter.php	0.00		cached
ok	/site/core/vendor/brianium/paratest/src/WrapperRunner/ShardDistribution.php	0.00		cached
ok	/site/core/vendor/brianium/paratest/src/WrapperRunner/SuiteLoader.php	0.00		cached
ok	/site/core/vendor/brianium/paratest/src/WrapperRunner/WorkerCrashedException.php	0.00		cached
ok	/site/core/vendor/brianium/paratest/src/WrapperRunner/WrapperRunner.php	0.00		cached
ok	/site/core/vendor/brianium/paratest/src/WrapperRunner/WrapperWorker.php	0.00		cached
fail	/site/core/vendor/brick/math/src/BigDecimal.php	0.00	compile failed: Brick\Math\BigDecimal::negated() has #[\Override] attribute, but no matching parent method exists at line 669	cached
fail	/site/core/vendor/brick/math/src/BigInteger.php	0.00	compile failed: Brick\Math\BigInteger::negated() has #[\Override] attribute, but no matching parent method exists at line 903	cached
fail	/site/core/vendor/brick/math/src/BigNumber.php	0.00	compile failed: Brick\Math\BigNumber::jsonSerialize() has #[\Override] attribute, but no matching parent method exists at line 492	cached
fail	/site/core/vendor/brick/math/src/BigRational.php	0.00	compile failed: Brick\Math\BigRational::negated() has #[\Override] attribute, but no matching parent method exists at line 393	cached
ok	/site/core/vendor/brick/math/src/Exception/DivisionByZeroException.php	0.00		cached
ok	/site/core/vendor/brick/math/src/Exception/IntegerOverflowException.php	0.00		cached
ok	/site/core/vendor/brick/math/src/Exception/MathException.php	0.00		cached
ok	/site/core/vendor/brick/math/src/Exception/NegativeNumberException.php	0.00		cached
ok	/site/core/vendor/brick/math/src/Exception/NumberFormatException.php	0.00		cached
ok	/site/core/vendor/brick/math/src/Exception/RoundingNecessaryException.php	0.00		cached
ok	/site/core/vendor/brick/math/src/Internal/Calculator.php	0.00		cached
fail	/site/core/vendor/brick/math/src/Internal/Calculator/BcMathCalculator.php	0.00	compile failed: Brick\Math\Internal\Calculator\BcMathCalculator::add() has #[\Override] attribute, but no matching parent method exists at line 27	cached
fail	/site/core/vendor/brick/math/src/Internal/Calculator/GmpCalculator.php	0.00	compile failed: Brick\Math\Internal\Calculator\GmpCalculator::add() has #[\Override] attribute, but no matching parent method exists at line 37	cached
fail	/site/core/vendor/brick/math/src/Internal/Calculator/NativeCalculator.php	0.00	compile failed: Brick\Math\Internal\Calculator\NativeCalculator::add() has #[\Override] attribute, but no matching parent method exists at line 55	cached
ok	/site/core/vendor/brick/math/src/Internal/CalculatorRegistry.php	0.00		cached
ok	/site/core/vendor/brick/math/src/RoundingMode.php	0.00		cached
ok	/site/core/vendor/carbonphp/carbon-doctrine-types/src/Carbon/Doctrine/CarbonDoctrineType.php	0.00		cached
ok	/site/core/vendor/carbonphp/carbon-doctrine-types/src/Carbon/Doctrine/CarbonImmutableType.php	0.00		cached
ok	/site/core/vendor/carbonphp/carbon-doctrine-types/src/Carbon/Doctrine/CarbonType.php	0.00		cached
ok	/site/core/vendor/carbonphp/carbon-doctrine-types/src/Carbon/Doctrine/CarbonTypeConverter.php	0.00		cached
ok	/site/core/vendor/carbonphp/carbon-doctrine-types/src/Carbon/Doctrine/DateTimeDefaultPrecision.php	0.00		cached
ok	/site/core/vendor/carbonphp/carbon-doctrine-types/src/Carbon/Doctrine/DateTimeImmutableType.php	0.00		cached
ok	/site/core/vendor/carbonphp/carbon-doctrine-types/src/Carbon/Doctrine/DateTimeType.php	0.00		cached
ok	/site/core/vendor/composer/ClassLoader.php	0.00		cached
ok	/site/core/vendor/composer/InstalledVersions.php	0.00		cached
ok	/site/core/vendor/composer/autoload_classmap.php	0.00		cached
ok	/site/core/vendor/composer/autoload_files.php	0.00		cached
ok	/site/core/vendor/composer/autoload_namespaces.php	0.00		cached
ok	/site/core/vendor/composer/autoload_psr4.php	0.00		cached
ok	/site/core/vendor/composer/autoload_real.php	0.00		cached
ok	/site/core/vendor/composer/autoload_static.php	0.00		cached
ok	/site/core/vendor/composer/ca-bundle/src/CaBundle.php	0.00		cached
ok	/site/core/vendor/composer/class-map-generator/src/ClassMap.php	0.00		cached
fail	/site/core/vendor/composer/class-map-generator/src/ClassMapGenerator.php	0.00	compile failed: MIR.verify: dangling local $match read in Composer\ClassMapGenerator\ClassMapGenerator__normalizePath but never defined	cached
ok	/site/core/vendor/composer/class-map-generator/src/FileList.php	0.00		cached
ok	/site/core/vendor/composer/class-map-generator/src/PhpFileCleaner.php	0.00		cached
ok	/site/core/vendor/composer/class-map-generator/src/PhpFileParser.php	0.00		cached
ok	/site/core/vendor/composer/composer/src/Composer/Advisory/AuditConfig.php	0.00		cached
ok	/site/core/vendor/composer/composer/src/Composer/Advisory/Auditor.php	0.00		cached
ok	/site/core/vendor/composer/composer/src/Composer/Advisory/IgnoredSecurityAdvisory.php	0.00		cached
ok	/site/core/vendor/composer/composer/src/Composer/Advisory/PartialSecurityAdvisory.php	0.00		cached
ok	/site/core/vendor/composer/composer/src/Composer/Advisory/SecurityAdvisory.php	0.00		cached
fail	/site/core/vendor/composer/composer/src/Composer/Autoload/AutoloadGenerator.php	0.00	compile failed: MIR.verify: dangling local $match read in Composer\Autoload\AutoloadGenerator__dump but never defined	cached
ok	/site/core/vendor/composer/composer/src/Composer/Autoload/ClassLoader.php	0.00		cached
ok	/site/core/vendor/composer/composer/src/Composer/Autoload/ClassMapGenerator.php	0.00		cached
fail	/site/core/vendor/composer/composer/src/Composer/Cache.php	0.00	compile failed: MIR.verify: dangling local $m read in Composer\Cache__write but never defined	cached
ok	/site/core/vendor/composer/composer/src/Composer/Command/AboutCommand.php	0.00		cached
fail	/site/core/vendor/composer/composer/src/Composer/Command/ArchiveCommand.php	0.00	compile failed: MIR.verify: dangling local $match read in Composer\Command\ArchiveCommand__selectPackage but never defined	cached
ok	/site/core/vendor/composer/composer/src/Composer/Command/AuditCommand.php	0.00		cached
ok	/site/core/vendor/composer/composer/src/Composer/Command/BaseCommand.php	0.00		cached
ok	/site/core/vendor/composer/composer/src/Composer/Command/BaseConfigCommand.php	0.00		cached
ok	/site/core/vendor/composer/composer/src/Composer/Command/BaseDependencyCommand.php	0.00		cached
ok	/site/core/vendor/composer/composer/src/Composer/Command/BumpCommand.php	0.00		cached
ok	/site/core/vendor/composer/composer/src/Composer/Command/CheckPlatformReqsCommand.php	0.00		cached
ok	/site/core/vendor/composer/composer/src/Composer/Command/ClearCacheCommand.php	0.00		cached
ok	/site/core/vendor/composer/composer/src/Composer/Command/CompletionTrait.php	0.00		cached
fail	/site/core/vendor/composer/composer/src/Composer/Command/ConfigCommand.php	0.00	compile failed: MIR.verify: dangling local $matches read in Composer\Command\ConfigCommand__execute but never defined	cached
fail	/site/core/vendor/composer/composer/src/Composer/Command/CreateProjectCommand.php	0.00	compile failed: MIR.verify: dangling local $match read in Composer\Command\CreateProjectCommand__installRootPackage but never defined	cached
ok	/site/core/vendor/composer/composer/src/Composer/Command/DependsCommand.php	0.00		cached
fail	/site/core/vendor/composer/composer/src/Composer/Command/DiagnoseCommand.php	0.00	compile failed: MIR.verify: dangling local $output read in Composer\Command\DiagnoseCommand__checkGit but never defined	cached
ok	/site/core/vendor/composer/composer/src/Composer/Command/DumpAutoloadCommand.php	0.00		cached
ok	/site/core/vendor/composer/composer/src/Composer/Command/ExecCommand.php	0.00		cached
fail	/site/core/vendor/composer/composer/src/Composer/Command/FundCommand.php	0.00	compile failed: MIR.verify: dangling local $match read in Composer\Command\FundCommand__insertFundingData but never defined	cached
ok	/site/core/vendor/composer/composer/src/Composer/Command/GlobalCommand.php	0.00		cached
fail	/site/core/vendor/composer/composer/src/Composer/Command/HomeCommand.php	0.00	compile failed: MIR.verify: dangling local $output read in Composer\Command\HomeCommand__openBrowser but never defined	cached
fail	/site/core/vendor/composer/composer/src/Composer/Command/InitCommand.php	0.00	compile failed: MIR.verify: dangling local $match read in Composer\Command\InitCommand__parseAuthorString but never defined	cached
ok	/site/core/vendor/composer/composer/src/Composer/Command/InstallCommand.php	0.00		cached
ok	/site/core/vendor/composer/composer/src/Composer/Command/LicensesCommand.php	0.00		cached
ok	/site/core/vendor/composer/composer/src/Composer/Command/OutdatedCommand.php	0.00		cached
ok	/site/core/vendor/composer/composer/src/Composer/Command/PackageDiscoveryTrait.php	0.00		cached
ok	/site/core/vendor/composer/composer/src/Composer/Command/PolicyCommand.php	0.00		cached
ok	/site/core/vendor/composer/composer/src/Composer/Command/ProhibitsCommand.php	0.00		cached
ok	/site/core/vendor/composer/composer/src/Composer/Command/ReinstallCommand.php	0.00		cached
ok	/site/core/vendor/composer/composer/src/Composer/Command/RemoveCommand.php	0.00		cached
ok	/site/core/vendor/composer/composer/src/Composer/Command/RepositoryCommand.php	0.00		cached
ok	/site/core/vendor/composer/composer/src/Composer/Command/RequireCommand.php	0.00		cached
ok	/site/core/vendor/composer/composer/src/Composer/Command/RunScriptCommand.php	0.00		cached
ok	/site/core/vendor/composer/composer/src/Composer/Command/ScriptAliasCommand.php	0.00		cached
ok	/site/core/vendor/composer/composer/src/Composer/Command/SearchCommand.php	0.00		cached
fail	/site/core/vendor/composer/composer/src/Composer/Command/SelfUpdateCommand.php	0.00	compile failed: MIR.verify: dangling local $match read in Composer\Command\SelfUpdateCommand__fetchKeys but never defined	cached
fail	/site/core/vendor/composer/composer/src/Composer/Command/ShowCommand.php	0.00	compile failed: MIR.verify: dangling local $match read in Composer\Command\ShowCommand__findLatestPackage but never defined	cached
ok	/site/core/vendor/composer/composer/src/Composer/Command/StatusCommand.php	0.00		cached
ok	/site/core/vendor/composer/composer/src/Composer/Command/SuggestsCommand.php	0.00		cached
fail	/site/core/vendor/composer/composer/src/Composer/Command/UpdateCommand.php	0.00	compile failed: MIR.verify: dangling local $match read in Composer\Command\UpdateCommand__execute but never defined	cached
ok	/site/core/vendor/composer/composer/src/Composer/Command/ValidateCommand.php	0.00		cached
ok	/site/core/vendor/composer/composer/src/Composer/Compiler.php	0.00		cached
ok	/site/core/vendor/composer/composer/src/Composer/Composer.php	0.00		cached
fail	/site/core/vendor/composer/composer/src/Composer/Config.php	0.00	compile failed: MIR.verify: dangling local $matches read in Composer\Config__get but never defined	cached
ok	/site/core/vendor/composer/composer/src/Composer/Config/ConfigSourceInterface.php	0.00		cached
ok	/site/core/vendor/composer/composer/src/Composer/Config/JsonConfigSource.php	0.00		cached
ok	/site/core/vendor/composer/composer/src/Composer/Console/Application.php	0.00		cached
ok	/site/core/vendor/composer/composer/src/Composer/Console/GithubActionError.php	0.00		cached
ok	/site/core/vendor/composer/composer/src/Composer/Console/HtmlOutputFormatter.php	0.00		cached
ok	/site/core/vendor/composer/composer/src/Composer/Console/Input/InputArgument.php	0.00		cached
ok	/site/core/vendor/composer/composer/src/Composer/Console/Input/InputOption.php	0.00		cached
ok	/site/core/vendor/composer/composer/src/Composer/DependencyResolver/Decisions.php	0.00		cached
ok	/site/core/vendor/composer/composer/src/Composer/DependencyResolver/DefaultPolicy.php	0.00		cached
ok	/site/core/vendor/composer/composer/src/Composer/DependencyResolver/FilterListPoolFilter.php	0.00		cached
ok	/site/core/vendor/composer/composer/src/Composer/DependencyResolver/GenericRule.php	0.00		cached
ok	/site/core/vendor/composer/composer/src/Composer/DependencyResolver/LocalRepoTransaction.php	0.00		cached
ok	/site/core/vendor/composer/composer/src/Composer/DependencyResolver/LockTransaction.php	0.00		cached
ok	/site/core/vendor/composer/composer/src/Composer/DependencyResolver/MultiConflictRule.php	0.00		cached
ok	/site/core/vendor/composer/composer/src/Composer/DependencyResolver/Operation/InstallOperation.php	0.00		cached
ok	/site/core/vendor/composer/composer/src/Composer/DependencyResolver/Operation/MarkAliasInstalledOperation.php	0.00		cached
ok	/site/core/vendor/composer/composer/src/Composer/DependencyResolver/Operation/MarkAliasUninstalledOperation.php	0.00		cached
ok	/site/core/vendor/composer/composer/src/Composer/DependencyResolver/Operation/OperationInterface.php	0.00		cached
ok	/site/core/vendor/composer/composer/src/Composer/DependencyResolver/Operation/SolverOperation.php	0.00		cached
ok	/site/core/vendor/composer/composer/src/Composer/DependencyResolver/Operation/UninstallOperation.php	0.00		cached
ok	/site/core/vendor/composer/composer/src/Composer/DependencyResolver/Operation/UpdateOperation.php	0.00		cached
ok	/site/core/vendor/composer/composer/src/Composer/DependencyResolver/PolicyInterface.php	0.00		cached
ok	/site/core/vendor/composer/composer/src/Composer/DependencyResolver/Pool.php	0.00		cached
ok	/site/core/vendor/composer/composer/src/Composer/DependencyResolver/PoolBuilder.php	0.00		cached
ok	/site/core/vendor/composer/composer/src/Composer/DependencyResolver/PoolOptimizer.php	0.00		cached
fail	/site/core/vendor/composer/composer/src/Composer/DependencyResolver/Problem.php	0.00	compile failed: MIR.verify: dangling local $m read in Composer\DependencyResolver\Problem__formatDeduplicatedRules but never defined	cached
ok	/site/core/vendor/composer/composer/src/Composer/DependencyResolver/Request.php	0.00		cached
ok	/site/core/vendor/composer/composer/src/Composer/DependencyResolver/Rule.php	0.00		cached
ok	/site/core/vendor/composer/composer/src/Composer/DependencyResolver/Rule2Literals.php	0.00		cached
ok	/site/core/vendor/composer/composer/src/Composer/DependencyResolver/RuleSet.php	0.00		cached
ok	/site/core/vendor/composer/composer/src/Composer/DependencyResolver/RuleSetGenerator.php	0.00		cached
ok	/site/core/vendor/composer/composer/src/Composer/DependencyResolver/RuleSetIterator.php	0.00		cached
fail	/site/core/vendor/composer/composer/src/Composer/DependencyResolver/RuleWatchChain.php	0.00	compile failed: lazy body /site/core/vendor/composer/composer/src/Composer/DependencyResolver/RuleWatchChain.php:32 [{         $this->rewind();         for ($i = 0; $i < $offset; $i++, $this->next());     }]: unexpected token in expression: Semicolon at line 34, column 56	cached
ok	/site/core/vendor/composer/composer/src/Composer/DependencyResolver/RuleWatchGraph.php	0.00		cached
ok	/site/core/vendor/composer/composer/src/Composer/DependencyResolver/RuleWatchNode.php	0.00		cached
ok	/site/core/vendor/composer/composer/src/Composer/DependencyResolver/SecurityAdvisoryPoolFilter.php	0.00		cached
ok	/site/core/vendor/composer/composer/src/Composer/DependencyResolver/Solver.php	0.00		cached
ok	/site/core/vendor/composer/composer/src/Composer/DependencyResolver/SolverBugException.php	0.00		cached
ok	/site/core/vendor/composer/composer/src/Composer/DependencyResolver/SolverProblemsException.php	0.00		cached
ok	/site/core/vendor/composer/composer/src/Composer/DependencyResolver/Transaction.php	0.00		cached
ok	/site/core/vendor/composer/composer/src/Composer/Downloader/ArchiveDownloader.php	0.00		cached
ok	/site/core/vendor/composer/composer/src/Composer/Downloader/ChangeReportInterface.php	0.00		cached
ok	/site/core/vendor/composer/composer/src/Composer/Downloader/DownloadManager.php	0.00		cached
ok	/site/core/vendor/composer/composer/src/Composer/Downloader/DownloaderInterface.php	0.00		cached
ok	/site/core/vendor/composer/composer/src/Composer/Downloader/DvcsDownloaderInterface.php	0.00		cached
ok	/site/core/vendor/composer/composer/src/Composer/Downloader/FileDownloader.php	0.00		cached
ok	/site/core/vendor/composer/composer/src/Composer/Downloader/FilesystemException.php	0.00		cached
ok	/site/core/vendor/composer/composer/src/Composer/Downloader/FossilDownloader.php	0.00		cached
fail	/site/core/vendor/composer/composer/src/Composer/Downloader/GitDownloader.php	0.00	compile failed: MIR.verify: dangling local $originMatch read in Composer\Downloader\GitDownloader__doUpdate but never defined	cached
ok	/site/core/vendor/composer/composer/src/Composer/Downloader/GzipDownloader.php	0.00		cached
ok	/site/core/vendor/composer/composer/src/Composer/Downloader/HgDownloader.php	0.00		cached
ok	/site/core/vendor/composer/composer/src/Composer/Downloader/MaxFileSizeExceededException.php	0.00		cached
ok	/site/core/vendor/composer/composer/src/Composer/Downloader/PathDownloader.php	0.00		cached
ok	/site/core/vendor/composer/composer/src/Composer/Downloader/PerforceDownloader.php	0.00		cached
ok	/site/core/vendor/composer/composer/src/Composer/Downloader/PharDownloader.php	0.00		cached
ok	/site/core/vendor/composer/composer/src/Composer/Downloader/RarDownloader.php	0.00		cached
fail	/site/core/vendor/composer/composer/src/Composer/Downloader/SvnDownloader.php	0.00	compile failed: MIR.verify: dangling local $output read in Composer\Downloader\SvnDownloader__getLocalChanges but never defined	cached
ok	/site/core/vendor/composer/composer/src/Composer/Downloader/TarDownloader.php	0.00		cached
ok	/site/core/vendor/composer/composer/src/Composer/Downloader/TransportException.php	0.00		cached
ok	/site/core/vendor/composer/composer/src/Composer/Downloader/VcsCapableDownloaderInterface.php	0.00		cached
ok	/site/core/vendor/composer/composer/src/Composer/Downloader/VcsDownloader.php	0.00		cached
ok	/site/core/vendor/composer/composer/src/Composer/Downloader/XzDownloader.php	0.00		cached
fail	/site/core/vendor/composer/composer/src/Composer/Downloader/ZipDownloader.php	0.00	compile failed: MIR.verify: dangling local $match read in Composer\Downloader\ZipDownloader__extractWithSystemUnzip but never defined	cached
ok	/site/core/vendor/composer/composer/src/Composer/EventDispatcher/Event.php	0.00		cached
fail	/site/core/vendor/composer/composer/src/Composer/EventDispatcher/EventDispatcher.php	0.00	compile failed: MIR.verify: dangling local $match read in Composer\EventDispatcher\EventDispatcher__doDispatch but never defined	cached
ok	/site/core/vendor/composer/composer/src/Composer/EventDispatcher/EventSubscriberInterface.php	0.00		cached
ok	/site/core/vendor/composer/composer/src/Composer/EventDispatcher/ScriptExecutionException.php	0.00		cached
ok	/site/core/vendor/composer/composer/src/Composer/Exception/IrrecoverableDownloadException.php	0.00		cached
ok	/site/core/vendor/composer/composer/src/Composer/Exception/NoSslException.php	0.00		cached
ok	/site/core/vendor/composer/composer/src/Composer/Exception/SecurityException.php	0.00		cached
ok	/site/core/vendor/composer/composer/src/Composer/Factory.php	0.00		cached
ok	/site/core/vendor/composer/composer/src/Composer/Filter/PlatformRequirementFilter/IgnoreAllPlatformRequirementFilter.php	0.00		cached
ok	/site/core/vendor/composer/composer/src/Composer/Filter/PlatformRequirementFilter/IgnoreListPlatformRequirementFilter.php	0.00		cached
ok	/site/core/vendor/composer/composer/src/Composer/Filter/PlatformRequirementFilter/IgnoreNothingPlatformRequirementFilter.php	0.00		cached
ok	/site/core/vendor/composer/composer/src/Composer/Filter/PlatformRequirementFilter/PlatformRequirementFilterFactory.php	0.00		cached
ok	/site/core/vendor/composer/composer/src/Composer/Filter/PlatformRequirementFilter/PlatformRequirementFilterInterface.php	0.00		cached
ok	/site/core/vendor/composer/composer/src/Composer/FilterList/ComposerRepositoryFilterInformation.php	0.00		cached
ok	/site/core/vendor/composer/composer/src/Composer/FilterList/FilterListApiClient.php	0.00		cached
ok	/site/core/vendor/composer/composer/src/Composer/FilterList/FilterListAuditor.php	0.00		cached
ok	/site/core/vendor/composer/composer/src/Composer/FilterList/FilterListEntry.php	0.00		cached
ok	/site/core/vendor/composer/composer/src/Composer/FilterList/FilterListEntryBuilder.php	0.00		cached
ok	/site/core/vendor/composer/composer/src/Composer/FilterList/FilterListProvider/FilterListProviderSet.php	0.00		cached
ok	/site/core/vendor/composer/composer/src/Composer/FilterList/FilterListProvider/UrlSourceFilterListProvider.php	0.00		cached
ok	/site/core/vendor/composer/composer/src/Composer/FilterList/Source/SourceValidator.php	0.00		cached
ok	/site/core/vendor/composer/composer/src/Composer/FilterList/Source/UrlSource.php	0.00		cached
ok	/site/core/vendor/composer/composer/src/Composer/IO/BaseIO.php	0.00		cached
ok	/site/core/vendor/composer/composer/src/Composer/IO/BufferIO.php	0.00		cached
ok	/site/core/vendor/composer/composer/src/Composer/IO/ConsoleIO.php	0.00		cached
ok	/site/core/vendor/composer/composer/src/Composer/IO/IOInterface.php	0.00		cached
ok	/site/core/vendor/composer/composer/src/Composer/IO/NullIO.php	0.00		cached
ok	/site/core/vendor/composer/composer/src/Composer/InstalledVersions.php	0.00		cached
ok	/site/core/vendor/composer/composer/src/Composer/Installer.php	0.00		cached
fail	/site/core/vendor/composer/composer/src/Composer/Installer/BinaryInstaller.php	0.00	compile failed: MIR.verify: dangling local $match read in Composer\Installer\BinaryInstaller__determineBinaryCaller but never defined	cached
ok	/site/core/vendor/composer/composer/src/Composer/Installer/BinaryPresenceInterface.php	0.00		cached
fail	/site/core/vendor/composer/composer/src/Composer/Installer/InstallationManager.php	0.00	compile failed: MIR.lower: unsupported assign target kind StaticAccess at /site/core/vendor/composer/composer/src/Composer/Installer/InstallationManager.php:67	cached
ok	/site/core/vendor/composer/composer/src/Composer/Installer/InstallerEvent.php	0.00		cached
ok	/site/core/vendor/composer/composer/src/Composer/Installer/InstallerEvents.php	0.00		cached
ok	/site/core/vendor/composer/composer/src/Composer/Installer/InstallerInterface.php	0.00		cached
ok	/site/core/vendor/composer/composer/src/Composer/Installer/LibraryInstaller.php	0.00		cached
ok	/site/core/vendor/composer/composer/src/Composer/Installer/MetapackageInstaller.php	0.00		cached
ok	/site/core/vendor/composer/composer/src/Composer/Installer/NoopInstaller.php	0.00		cached
ok	/site/core/vendor/composer/composer/src/Composer/Installer/PackageEvent.php	0.00		cached
ok	/site/core/vendor/composer/composer/src/Composer/Installer/PackageEvents.php	0.00		cached
ok	/site/core/vendor/composer/composer/src/Composer/Installer/PluginInstaller.php	0.00		cached
ok	/site/core/vendor/composer/composer/src/Composer/Installer/ProjectInstaller.php	0.00		cached
ok	/site/core/vendor/composer/composer/src/Composer/Installer/SuggestedPackagesReporter.php	0.00		cached
fail	/site/core/vendor/composer/composer/src/Composer/Json/JsonFile.php	0.00	compile failed: MIR.verify: dangling local $count read in Composer\Json\JsonFile__parseJson but never defined	cached
ok	/site/core/vendor/composer/composer/src/Composer/Json/JsonFormatter.php	0.00		cached
fail	/site/core/vendor/composer/composer/src/Composer/Json/JsonManipulator.php	0.00	compile failed: MIR.verify: dangling local $matches read in Composer\Json\JsonManipulator__addLink but never defined	cached
ok	/site/core/vendor/composer/composer/src/Composer/Json/JsonValidationException.php	0.00		cached
ok	/site/core/vendor/composer/composer/src/Composer/PHPStan/ConfigReturnTypeExtension.php	0.00		cached
ok	/site/core/vendor/composer/composer/src/Composer/PHPStan/RuleReasonDataReturnTypeExtension.php	0.00		cached
ok	/site/core/vendor/composer/composer/src/Composer/Package/AliasPackage.php	0.00		cached
ok	/site/core/vendor/composer/composer/src/Composer/Package/Archiver/ArchivableFilesFilter.php	0.00		cached
ok	/site/core/vendor/composer/composer/src/Composer/Package/Archiver/ArchivableFilesFinder.php	0.00		cached
ok	/site/core/vendor/composer/composer/src/Composer/Package/Archiver/ArchiveManager.php	0.00		cached
ok	/site/core/vendor/composer/composer/src/Composer/Package/Archiver/ArchiverInterface.php	0.00		cached
ok	/site/core/vendor/composer/composer/src/Composer/Package/Archiver/BaseExcludeFilter.php	0.00		cached
ok	/site/core/vendor/composer/composer/src/Composer/Package/Archiver/ComposerExcludeFilter.php	0.00		cached
ok	/site/core/vendor/composer/composer/src/Composer/Package/Archiver/GitExcludeFilter.php	0.00		cached
ok	/site/core/vendor/composer/composer/src/Composer/Package/Archiver/PharArchiver.php	0.00		cached
ok	/site/core/vendor/composer/composer/src/Composer/Package/Archiver/ZipArchiver.php	0.00		cached
ok	/site/core/vendor/composer/composer/src/Composer/Package/BasePackage.php	0.00		cached
ok	/site/core/vendor/composer/composer/src/Composer/Package/Comparer/Comparer.php	0.00		cached
ok	/site/core/vendor/composer/composer/src/Composer/Package/CompleteAliasPackage.php	0.00		cached
ok	/site/core/vendor/composer/composer/src/Composer/Package/CompletePackage.php	0.00		cached
ok	/site/core/vendor/composer/composer/src/Composer/Package/CompletePackageInterface.php	0.00		cached
ok	/site/core/vendor/composer/composer/src/Composer/Package/Dumper/ArrayDumper.php	0.00		cached
ok	/site/core/vendor/composer/composer/src/Composer/Package/Link.php	0.00		cached
ok	/site/core/vendor/composer/composer/src/Composer/Package/Loader/ArrayLoader.php	0.00		cached
ok	/site/core/vendor/composer/composer/src/Composer/Package/Loader/InvalidPackageException.php	0.00		cached
ok	/site/core/vendor/composer/composer/src/Composer/Package/Loader/JsonLoader.php	0.00		cached
ok	/site/core/vendor/composer/composer/src/Composer/Package/Loader/LoaderInterface.php	0.00		cached
fail	/site/core/vendor/composer/composer/src/Composer/Package/Loader/RootPackageLoader.php	0.00	compile failed: MIR.verify: dangling local $match read in Composer\Package\Loader\RootPackageLoader__extractAliases but never defined	cached
ok	/site/core/vendor/composer/composer/src/Composer/Package/Loader/ValidatingArrayLoader.php	0.00		cached
fail	/site/core/vendor/composer/composer/src/Composer/Package/Locker.php	0.00	compile failed: MIR.verify: dangling local $match read in Composer\Package\Locker__getPackageTime but never defined	cached
ok	/site/core/vendor/composer/composer/src/Composer/Package/Package.php	0.00		cached
ok	/site/core/vendor/composer/composer/src/Composer/Package/PackageInterface.php	0.00		cached
ok	/site/core/vendor/composer/composer/src/Composer/Package/RootAliasPackage.php	0.00		cached
ok	/site/core/vendor/composer/composer/src/Composer/Package/RootPackage.php	0.00		cached
ok	/site/core/vendor/composer/composer/src/Composer/Package/RootPackageInterface.php	0.00		cached
ok	/site/core/vendor/composer/composer/src/Composer/Package/Version/StabilityFilter.php	0.00		cached
fail	/site/core/vendor/composer/composer/src/Composer/Package/Version/VersionBumper.php	0.00	compile failed: MIR.verify: dangling local $matches read in Composer\Package\Version\VersionBumper__bumpRequirement but never defined	cached
fail	/site/core/vendor/composer/composer/src/Composer/Package/Version/VersionGuesser.php	0.00	compile failed: MIR.verify: dangling local $match read in Composer\Package\Version\VersionGuesser__guessGitVersion but never defined	cached
ok	/site/core/vendor/composer/composer/src/Composer/Package/Version/VersionParser.php	0.00		cached
fail	/site/core/vendor/composer/composer/src/Composer/Package/Version/VersionSelector.php	0.00	compile failed: MIR.verify: dangling local $count read in Composer\Package\Version\VersionSelector__findRecommendedRequireVersion but never defined	cached
ok	/site/core/vendor/composer/composer/src/Composer/PartialComposer.php	0.00		cached
ok	/site/core/vendor/composer/composer/src/Composer/Platform/HhvmDetector.php	0.00		cached
fail	/site/core/vendor/composer/composer/src/Composer/Platform/Runtime.php	0.00	compile failed: MIR.verify: dangling local $matches read in Composer\Platform\Runtime__parseHtmlExtensionInfo but never defined	cached
fail	/site/core/vendor/composer/composer/src/Composer/Platform/Version.php	0.00	compile failed: MIR.verify: dangling local $matches read in Composer\Platform\Version__parseOpenssl but never defined	cached
ok	/site/core/vendor/composer/composer/src/Composer/Plugin/Capability/Capability.php	0.00		cached
ok	/site/core/vendor/composer/composer/src/Composer/Plugin/Capability/CommandProvider.php	0.00		cached
ok	/site/core/vendor/composer/composer/src/Composer/Plugin/Capable.php	0.00		cached
ok	/site/core/vendor/composer/composer/src/Composer/Plugin/CommandEvent.php	0.00		cached
ok	/site/core/vendor/composer/composer/src/Composer/Plugin/PluginBlockedException.php	0.00		cached
ok	/site/core/vendor/composer/composer/src/Composer/Plugin/PluginEvents.php	0.00		cached
ok	/site/core/vendor/composer/composer/src/Composer/Plugin/PluginInterface.php	0.00		cached
ok	/site/core/vendor/composer/composer/src/Composer/Plugin/PluginManager.php	0.00		cached
ok	/site/core/vendor/composer/composer/src/Composer/Plugin/PostFileDownloadEvent.php	0.00		cached
ok	/site/core/vendor/composer/composer/src/Composer/Plugin/PreCommandRunEvent.php	0.00		cached
ok	/site/core/vendor/composer/composer/src/Composer/Plugin/PreFileDownloadEvent.php	0.00		cached
ok	/site/core/vendor/composer/composer/src/Composer/Plugin/PrePoolCreateEvent.php	0.00		cached
ok	/site/core/vendor/composer/composer/src/Composer/Policy/AbandonedPolicyConfig.php	0.00		cached
ok	/site/core/vendor/composer/composer/src/Composer/Policy/AdvisoriesPolicyConfig.php	0.00		cached
ok	/site/core/vendor/composer/composer/src/Composer/Policy/CustomListPolicyConfig.php	0.00		cached
ok	/site/core/vendor/composer/composer/src/Composer/Policy/IgnoreIdRule.php	0.00		cached
ok	/site/core/vendor/composer/composer/src/Composer/Policy/IgnorePackageRule.php	0.00		cached
ok	/site/core/vendor/composer/composer/src/Composer/Policy/IgnoreSeverityRule.php	0.00		cached
ok	/site/core/vendor/composer/composer/src/Composer/Policy/IgnoreUnreachable.php	0.00		cached
ok	/site/core/vendor/composer/composer/src/Composer/Policy/ListPolicyConfig.php	0.00		cached
ok	/site/core/vendor/composer/composer/src/Composer/Policy/MalwarePolicyConfig.php	0.00		cached
ok	/site/core/vendor/composer/composer/src/Composer/Policy/PolicyConfig.php	0.00		cached
ok	/site/core/vendor/composer/composer/src/Composer/Question/StrictConfirmationQuestion.php	0.00		cached
ok	/site/core/vendor/composer/composer/src/Composer/Repository/AdvisoryProviderInterface.php	0.00		cached
ok	/site/core/vendor/composer/composer/src/Composer/Repository/ArrayRepository.php	0.00		cached
ok	/site/core/vendor/composer/composer/src/Composer/Repository/ArtifactRepository.php	0.00		cached
ok	/site/core/vendor/composer/composer/src/Composer/Repository/CanonicalPackagesTrait.php	0.00		cached
fail	/site/core/vendor/composer/composer/src/Composer/Repository/ComposerRepository.php	0.00	compile failed: MIR.verify: dangling local $match read in Composer\Repository\ComposerRepository____construct but never defined	cached
ok	/site/core/vendor/composer/composer/src/Composer/Repository/CompositeRepository.php	0.00		cached
ok	/site/core/vendor/composer/composer/src/Composer/Repository/ConfigurableRepositoryInterface.php	0.00		cached
ok	/site/core/vendor/composer/composer/src/Composer/Repository/FilesystemRepository.php	0.00		cached
ok	/site/core/vendor/composer/composer/src/Composer/Repository/FilterListProviderInterface.php	0.00		cached
ok	/site/core/vendor/composer/composer/src/Composer/Repository/FilterRepository.php	0.00		cached
ok	/site/core/vendor/composer/composer/src/Composer/Repository/InstalledArrayRepository.php	0.00		cached
ok	/site/core/vendor/composer/composer/src/Composer/Repository/InstalledFilesystemRepository.php	0.00		cached
ok	/site/core/vendor/composer/composer/src/Composer/Repository/InstalledRepository.php	0.00		cached
ok	/site/core/vendor/composer/composer/src/Composer/Repository/InstalledRepositoryInterface.php	0.00		cached
ok	/site/core/vendor/composer/composer/src/Composer/Repository/InvalidRepositoryException.php	0.00		cached
ok	/site/core/vendor/composer/composer/src/Composer/Repository/LockArrayRepository.php	0.00		cached
ok	/site/core/vendor/composer/composer/src/Composer/Repository/PackageRepository.php	0.00		cached
ok	/site/core/vendor/composer/composer/src/Composer/Repository/PathRepository.php	0.00		cached
ok	/site/core/vendor/composer/composer/src/Composer/Repository/PearRepository.php	0.00		cached
fail	/site/core/vendor/composer/composer/src/Composer/Repository/PlatformRepository.php	0.00	compile failed: MIR.verify: dangling local $librabbitmqMatches read in Composer\Repository\PlatformRepository__initialize but never defined	cached
ok	/site/core/vendor/composer/composer/src/Composer/Repository/RepositoryFactory.php	0.00		cached
ok	/site/core/vendor/composer/composer/src/Composer/Repository/RepositoryInterface.php	0.00		cached
ok	/site/core/vendor/composer/composer/src/Composer/Repository/RepositoryManager.php	0.00		cached
ok	/site/core/vendor/composer/composer/src/Composer/Repository/RepositorySecurityException.php	0.00		cached
ok	/site/core/vendor/composer/composer/src/Composer/Repository/RepositorySet.php	0.00		cached
ok	/site/core/vendor/composer/composer/src/Composer/Repository/RepositoryUtils.php	0.00		cached
ok	/site/core/vendor/composer/composer/src/Composer/Repository/RootPackageRepository.php	0.00		cached
fail	/site/core/vendor/composer/composer/src/Composer/Repository/Vcs/ForgejoDriver.php	0.00	compile failed: MIR.verify: dangling local $match read in Composer\Repository\Vcs\ForgejoDriver__getNextPage but never defined	cached
ok	/site/core/vendor/composer/composer/src/Composer/Repository/Vcs/FossilDriver.php	0.00		cached
fail	/site/core/vendor/composer/composer/src/Composer/Repository/Vcs/GitBitbucketDriver.php	0.00	compile failed: MIR.verify: dangling local $match read in Composer\Repository\Vcs\GitBitbucketDriver__initialize but never defined	cached
fail	/site/core/vendor/composer/composer/src/Composer/Repository/Vcs/GitDriver.php	0.00	compile failed: MIR.verify: dangling local $match read in Composer\Repository\Vcs\GitDriver__getRootIdentifier but never defined	cached
fail	/site/core/vendor/composer/composer/src/Composer/Repository/Vcs/GitHubDriver.php	0.00	compile failed: MIR.verify: dangling local $match read in Composer\Repository\Vcs\GitHubDriver__initialize but never defined	cached
fail	/site/core/vendor/composer/composer/src/Composer/Repository/Vcs/GitLabDriver.php	0.00	compile failed: MIR.verify: dangling local $match read in Composer\Repository\Vcs\GitLabDriver__initialize but never defined	cached
fail	/site/core/vendor/composer/composer/src/Composer/Repository/Vcs/HgDriver.php	0.00	compile failed: MIR.verify: dangling local $match read in Composer\Repository\Vcs\HgDriver__getTags but never defined	cached
ok	/site/core/vendor/composer/composer/src/Composer/Repository/Vcs/PerforceDriver.php	0.00		cached
fail	/site/core/vendor/composer/composer/src/Composer/Repository/Vcs/SvnDriver.php	0.00	compile failed: MIR.verify: dangling local $match read in Composer\Repository\Vcs\SvnDriver__getFileContent but never defined	cached
ok	/site/core/vendor/composer/composer/src/Composer/Repository/Vcs/VcsDriver.php	0.00		cached
ok	/site/core/vendor/composer/composer/src/Composer/Repository/Vcs/VcsDriverInterface.php	0.00		cached
ok	/site/core/vendor/composer/composer/src/Composer/Repository/VcsRepository.php	0.00		cached
ok	/site/core/vendor/composer/composer/src/Composer/Repository/VersionCacheInterface.php	0.00		cached
ok	/site/core/vendor/composer/composer/src/Composer/Repository/WritableArrayRepository.php	0.00		cached
ok	/site/core/vendor/composer/composer/src/Composer/Repository/WritableRepositoryInterface.php	0.00		cached
ok	/site/core/vendor/composer/composer/src/Composer/Script/Event.php	0.00		cached
ok	/site/core/vendor/composer/composer/src/Composer/Script/ScriptEvents.php	0.00		cached
ok	/site/core/vendor/composer/composer/src/Composer/SelfUpdate/Keys.php	0.00		cached
ok	/site/core/vendor/composer/composer/src/Composer/SelfUpdate/Versions.php	0.00		cached
ok	/site/core/vendor/composer/composer/src/Composer/Util/AuthHelper.php	0.00		cached
ok	/site/core/vendor/composer/composer/src/Composer/Util/Bitbucket.php	0.00		cached
fail	/site/core/vendor/composer/composer/src/Composer/Util/ComposerMirror.php	0.00	compile failed: MIR.verify: dangling local $match read in Composer\Util\ComposerMirror__processGitUrl but never defined	cached
ok	/site/core/vendor/composer/composer/src/Composer/Util/ConfigValidator.php	0.00		cached
ok	/site/core/vendor/composer/composer/src/Composer/Util/ErrorHandler.php	0.00		cached
fail	/site/core/vendor/composer/composer/src/Composer/Util/Filesystem.php	0.00	compile failed: MIR.verify: dangling local $match read in Composer\Util\Filesystem__normalizePath but never defined	cached
ok	/site/core/vendor/composer/composer/src/Composer/Util/Forgejo.php	0.00		cached
ok	/site/core/vendor/composer/composer/src/Composer/Util/ForgejoRepositoryData.php	0.00		cached
fail	/site/core/vendor/composer/composer/src/Composer/Util/ForgejoUrl.php	0.00	compile failed: MIR.verify: dangling local $match read in Composer\Util\ForgejoUrl__tryFrom but never defined	cached
fail	/site/core/vendor/composer/composer/src/Composer/Util/Git.php	0.00	compile failed: MIR.verify: dangling local $match read in Composer\Util\Git__getAuthenticationFailure but never defined	cached
fail	/site/core/vendor/composer/composer/src/Composer/Util/GitHub.php	0.00	compile failed: MIR.verify: dangling local $match read in Composer\Util\GitHub__getSsoUrl but never defined	cached
ok	/site/core/vendor/composer/composer/src/Composer/Util/GitLab.php	0.00		cached
fail	/site/core/vendor/composer/composer/src/Composer/Util/Hg.php	0.00	compile failed: MIR.verify: dangling local $matches read in Composer\Util\Hg__runCommand but never defined	cached
ok	/site/core/vendor/composer/composer/src/Composer/Util/Http/CurlDownloader.php	0.00		cached
ok	/site/core/vendor/composer/composer/src/Composer/Util/Http/CurlResponse.php	0.00		cached
ok	/site/core/vendor/composer/composer/src/Composer/Util/Http/ProxyItem.php	0.00		cached
ok	/site/core/vendor/composer/composer/src/Composer/Util/Http/ProxyManager.php	0.00		cached
ok	/site/core/vendor/composer/composer/src/Composer/Util/Http/RequestProxy.php	0.00		cached
fail	/site/core/vendor/composer/composer/src/Composer/Util/Http/Response.php	0.00	compile failed: MIR.verify: dangling local $match read in Composer\Util\Http\Response__findHeaderValue but never defined	cached
fail	/site/core/vendor/composer/composer/src/Composer/Util/HttpDownloader.php	0.00	compile failed: MIR.verify: dangling local $match read in Composer\Util\HttpDownloader__addJob but never defined	cached
ok	/site/core/vendor/composer/composer/src/Composer/Util/IniHelper.php	0.00		cached
ok	/site/core/vendor/composer/composer/src/Composer/Util/Loop.php	0.00		cached
ok	/site/core/vendor/composer/composer/src/Composer/Util/MetadataMinifier.php	0.00		cached
ok	/site/core/vendor/composer/composer/src/Composer/Util/NoProxyPattern.php	0.00		cached
ok	/site/core/vendor/composer/composer/src/Composer/Util/PackageInfo.php	0.00		cached
ok	/site/core/vendor/composer/composer/src/Composer/Util/PackageSorter.php	0.00		cached
ok	/site/core/vendor/composer/composer/src/Composer/Util/Perforce.php	0.00		cached
ok	/site/core/vendor/composer/composer/src/Composer/Util/Platform.php	0.00		cached
fail	/site/core/vendor/composer/composer/src/Composer/Util/ProcessExecutor.php	0.00	compile failed: MIR.verify: dangling local $match read in Composer\Util\ProcessExecutor__runProcess but never defined	cached
fail	/site/core/vendor/composer/composer/src/Composer/Util/RemoteFilesystem.php	0.00	compile failed: MIR.verify: dangling local $match read in Composer\Util\RemoteFilesystem__findStatusCode but never defined	cached
ok	/site/core/vendor/composer/composer/src/Composer/Util/Silencer.php	0.00		cached
ok	/site/core/vendor/composer/composer/src/Composer/Util/StreamContextFactory.php	0.00		cached
fail	/site/core/vendor/composer/composer/src/Composer/Util/Svn.php	0.00	compile failed: MIR.verify: dangling local $output read in Composer\Util\Svn__binaryVersion but never defined	cached
ok	/site/core/vendor/composer/composer/src/Composer/Util/SyncHelper.php	0.00		cached
ok	/site/core/vendor/composer/composer/src/Composer/Util/Tar.php	0.00		cached
ok	/site/core/vendor/composer/composer/src/Composer/Util/TlsHelper.php	0.00		cached
fail	/site/core/vendor/composer/composer/src/Composer/Util/Url.php	0.00	compile failed: MIR.verify: dangling local $match read in Composer\Util\Url__updateDistReference but never defined	cached
ok	/site/core/vendor/composer/composer/src/Composer/Util/Zip.php	0.00		cached
ok	/site/core/vendor/composer/composer/src/bootstrap.php	0.00		cached
ok	/site/core/vendor/composer/installed.php	0.00		cached
ok	/site/core/vendor/composer/metadata-minifier/src/MetadataMinifier.php	0.00		cached
ok	/site/core/vendor/composer/pcre/src/MatchAllResult.php	0.00		cached
ok	/site/core/vendor/composer/pcre/src/MatchAllStrictGroupsResult.php	0.00		cached
ok	/site/core/vendor/composer/pcre/src/MatchAllWithOffsetsResult.php	0.00		cached
ok	/site/core/vendor/composer/pcre/src/MatchResult.php	0.00		cached
ok	/site/core/vendor/composer/pcre/src/MatchStrictGroupsResult.php	0.00		cached
ok	/site/core/vendor/composer/pcre/src/MatchWithOffsetsResult.php	0.00		cached
ok	/site/core/vendor/composer/pcre/src/PHPStan/InvalidRegexPatternRule.php	0.00		cached
ok	/site/core/vendor/composer/pcre/src/PHPStan/PregMatchFlags.php	0.00		cached
ok	/site/core/vendor/composer/pcre/src/PHPStan/PregMatchParameterOutTypeExtension.php	0.00		cached
ok	/site/core/vendor/composer/pcre/src/PHPStan/PregMatchTypeSpecifyingExtension.php	0.00		cached
ok	/site/core/vendor/composer/pcre/src/PHPStan/PregReplaceCallbackClosureTypeExtension.php	0.00		cached
ok	/site/core/vendor/composer/pcre/src/PHPStan/UnsafeStrictGroupsCallRule.php	0.00		cached
ok	/site/core/vendor/composer/pcre/src/PcreException.php	0.00		cached
ok	/site/core/vendor/composer/pcre/src/Preg.php	0.00		cached
ok	/site/core/vendor/composer/pcre/src/Regex.php	0.00		cached
ok	/site/core/vendor/composer/pcre/src/ReplaceResult.php	0.00		cached
ok	/site/core/vendor/composer/pcre/src/UnexpectedNullMatchException.php	0.00		cached
ok	/site/core/vendor/composer/platform_check.php	0.00		cached
ok	/site/core/vendor/composer/semver/src/Comparator.php	0.00		cached
ok	/site/core/vendor/composer/semver/src/CompilingMatcher.php	0.00		cached
ok	/site/core/vendor/composer/semver/src/Constraint/Bound.php	0.00		cached
ok	/site/core/vendor/composer/semver/src/Constraint/Constraint.php	0.00		cached
ok	/site/core/vendor/composer/semver/src/Constraint/ConstraintInterface.php	0.00		cached
ok	/site/core/vendor/composer/semver/src/Constraint/MatchAllConstraint.php	0.00		cached
ok	/site/core/vendor/composer/semver/src/Constraint/MatchNoneConstraint.php	0.00		cached
ok	/site/core/vendor/composer/semver/src/Constraint/MultiConstraint.php	0.00		cached
ok	/site/core/vendor/composer/semver/src/Interval.php	0.00		cached
ok	/site/core/vendor/composer/semver/src/Intervals.php	0.00		cached
ok	/site/core/vendor/composer/semver/src/Semver.php	0.00		cached
ok	/site/core/vendor/composer/semver/src/VersionParser.php	0.00		cached
ok	/site/core/vendor/composer/spdx-licenses/src/SpdxLicenses.php	0.00		cached
ok	/site/core/vendor/composer/xdebug-handler/src/PhpConfig.php	0.00		cached
ok	/site/core/vendor/composer/xdebug-handler/src/Process.php	0.00		cached
ok	/site/core/vendor/composer/xdebug-handler/src/Status.php	0.00		cached
fail	/site/core/vendor/composer/xdebug-handler/src/XdebugHandler.php	0.00	compile failed: MIR.verify: dangling local $matches read in Composer\XdebugHandler\XdebugHandler__writeTmpIni but never defined	cached
ok	/site/core/vendor/dmitry-suffi/redis-session-handler/src/RedisSessionHandler.php	0.00		cached
ok	/site/core/vendor/dmitry-suffi/redis-session-handler/tests/RedisSessionHandlerTest.php	0.00		cached
ok	/site/core/vendor/dmitry-suffi/redis-session-handler/tests/autoload.php	0.00		cached
ok	/site/core/vendor/doctrine/dbal/src/ArrayParameterType.php	0.00		cached
ok	/site/core/vendor/doctrine/dbal/src/ArrayParameters/Exception.php	0.00		cached
ok	/site/core/vendor/doctrine/dbal/src/ArrayParameters/Exception/MissingNamedParameter.php	0.00		cached
ok	/site/core/vendor/doctrine/dbal/src/ArrayParameters/Exception/MissingPositionalParameter.php	0.00		cached
ok	/site/core/vendor/doctrine/dbal/src/Cache/ArrayResult.php	0.00		cached
ok	/site/core/vendor/doctrine/dbal/src/Cache/CacheException.php	0.00		cached
ok	/site/core/vendor/doctrine/dbal/src/Cache/Exception/NoCacheKey.php	0.00		cached
ok	/site/core/vendor/doctrine/dbal/src/Cache/Exception/NoResultDriverConfigured.php	0.00		cached
ok	/site/core/vendor/doctrine/dbal/src/Cache/QueryCacheProfile.php	0.00		cached
ok	/site/core/vendor/doctrine/dbal/src/ColumnCase.php	0.00		cached
ok	/site/core/vendor/doctrine/dbal/src/Configuration.php	0.00		cached
ok	/site/core/vendor/doctrine/dbal/src/Connection.php	0.00		cached
ok	/site/core/vendor/doctrine/dbal/src/Connection/StaticServerVersionProvider.php	0.00		cached
ok	/site/core/vendor/doctrine/dbal/src/ConnectionException.php	0.00		cached
ok	/site/core/vendor/doctrine/dbal/src/Connections/PrimaryReadReplicaConnection.php	0.00		cached
ok	/site/core/vendor/doctrine/dbal/src/Driver.php	0.00		cached
ok	/site/core/vendor/doctrine/dbal/src/Driver/API/ExceptionConverter.php	0.00		cached
ok	/site/core/vendor/doctrine/dbal/src/Driver/API/IBMDB2/ExceptionConverter.php	0.00		cached
ok	/site/core/vendor/doctrine/dbal/src/Driver/API/MySQL/ExceptionConverter.php	0.00		cached
ok	/site/core/vendor/doctrine/dbal/src/Driver/API/OCI/ExceptionConverter.php	0.00		cached
ok	/site/core/vendor/doctrine/dbal/src/Driver/API/PostgreSQL/ExceptionConverter.php	0.00		cached
ok	/site/core/vendor/doctrine/dbal/src/Driver/API/SQLSrv/ExceptionConverter.php	0.00		cached
ok	/site/core/vendor/doctrine/dbal/src/Driver/API/SQLite/ExceptionConverter.php	0.00		cached
ok	/site/core/vendor/doctrine/dbal/src/Driver/AbstractDB2Driver.php	0.00		cached
ok	/site/core/vendor/doctrine/dbal/src/Driver/AbstractException.php	0.00		cached
ok	/site/core/vendor/doctrine/dbal/src/Driver/AbstractMySQLDriver.php	0.00		cached
ok	/site/core/vendor/doctrine/dbal/src/Driver/AbstractOracleDriver.php	0.00		cached
ok	/site/core/vendor/doctrine/dbal/src/Driver/AbstractOracleDriver/EasyConnectString.php	0.00		cached
ok	/site/core/vendor/doctrine/dbal/src/Driver/AbstractPostgreSQLDriver.php	0.00		cached
ok	/site/core/vendor/doctrine/dbal/src/Driver/AbstractSQLServerDriver.php	0.00		cached
ok	/site/core/vendor/doctrine/dbal/src/Driver/AbstractSQLServerDriver/Exception/PortWithoutHost.php	0.00		cached
ok	/site/core/vendor/doctrine/dbal/src/Driver/AbstractSQLiteDriver.php	0.00		cached
ok	/site/core/vendor/doctrine/dbal/src/Driver/AbstractSQLiteDriver/Middleware/EnableForeignKeys.php	0.00		cached
ok	/site/core/vendor/doctrine/dbal/src/Driver/Connection.php	0.00		cached
ok	/site/core/vendor/doctrine/dbal/src/Driver/Exception.php	0.00		cached
ok	/site/core/vendor/doctrine/dbal/src/Driver/Exception/IdentityColumnsNotSupported.php	0.00		cached
ok	/site/core/vendor/doctrine/dbal/src/Driver/Exception/NoIdentityValue.php	0.00		cached
ok	/site/core/vendor/doctrine/dbal/src/Driver/FetchUtils.php	0.00		cached
ok	/site/core/vendor/doctrine/dbal/src/Driver/IBMDB2/Connection.php	0.00		cached
ok	/site/core/vendor/doctrine/dbal/src/Driver/IBMDB2/DataSourceName.php	0.00		cached
ok	/site/core/vendor/doctrine/dbal/src/Driver/IBMDB2/Driver.php	0.00		cached
ok	/site/core/vendor/doctrine/dbal/src/Driver/IBMDB2/Exception/CannotCopyStreamToStream.php	0.00		cached
ok	/site/core/vendor/doctrine/dbal/src/Driver/IBMDB2/Exception/CannotCreateTemporaryFile.php	0.00		cached
ok	/site/core/vendor/doctrine/dbal/src/Driver/IBMDB2/Exception/ConnectionError.php	0.00		cached
ok	/site/core/vendor/doctrine/dbal/src/Driver/IBMDB2/Exception/ConnectionFailed.php	0.00		cached
ok	/site/core/vendor/doctrine/dbal/src/Driver/IBMDB2/Exception/Factory.php	0.00		cached
ok	/site/core/vendor/doctrine/dbal/src/Driver/IBMDB2/Exception/PrepareFailed.php	0.00		cached
ok	/site/core/vendor/doctrine/dbal/src/Driver/IBMDB2/Exception/StatementError.php	0.00		cached
ok	/site/core/vendor/doctrine/dbal/src/Driver/IBMDB2/Result.php	0.00		cached
ok	/site/core/vendor/doctrine/dbal/src/Driver/IBMDB2/Statement.php	0.00		cached
ok	/site/core/vendor/doctrine/dbal/src/Driver/Middleware.php	0.00		cached
ok	/site/core/vendor/doctrine/dbal/src/Driver/Middleware/AbstractConnectionMiddleware.php	0.00		cached
ok	/site/core/vendor/doctrine/dbal/src/Driver/Middleware/AbstractDriverMiddleware.php	0.00		cached
ok	/site/core/vendor/doctrine/dbal/src/Driver/Middleware/AbstractResultMiddleware.php	0.00		cached
ok	/site/core/vendor/doctrine/dbal/src/Driver/Middleware/AbstractStatementMiddleware.php	0.00		cached
ok	/site/core/vendor/doctrine/dbal/src/Driver/Mysqli/Connection.php	0.00		cached
ok	/site/core/vendor/doctrine/dbal/src/Driver/Mysqli/Driver.php	0.00		cached
ok	/site/core/vendor/doctrine/dbal/src/Driver/Mysqli/Exception/ConnectionError.php	0.00		cached
ok	/site/core/vendor/doctrine/dbal/src/Driver/Mysqli/Exception/ConnectionFailed.php	0.00		cached
ok	/site/core/vendor/doctrine/dbal/src/Driver/Mysqli/Exception/FailedReadingStreamOffset.php	0.00		cached
ok	/site/core/vendor/doctrine/dbal/src/Driver/Mysqli/Exception/HostRequired.php	0.00		cached
ok	/site/core/vendor/doctrine/dbal/src/Driver/Mysqli/Exception/InvalidCharset.php	0.00		cached
ok	/site/core/vendor/doctrine/dbal/src/Driver/Mysqli/Exception/InvalidOption.php	0.00		cached
ok	/site/core/vendor/doctrine/dbal/src/Driver/Mysqli/Exception/NonStreamResourceUsedAsLargeObject.php	0.00		cached
ok	/site/core/vendor/doctrine/dbal/src/Driver/Mysqli/Exception/StatementError.php	0.00		cached
ok	/site/core/vendor/doctrine/dbal/src/Driver/Mysqli/Initializer.php	0.00		cached
ok	/site/core/vendor/doctrine/dbal/src/Driver/Mysqli/Initializer/Charset.php	0.00		cached
ok	/site/core/vendor/doctrine/dbal/src/Driver/Mysqli/Initializer/Options.php	0.00		cached
ok	/site/core/vendor/doctrine/dbal/src/Driver/Mysqli/Initializer/Secure.php	0.00		cached
ok	/site/core/vendor/doctrine/dbal/src/Driver/Mysqli/Result.php	0.00		cached
ok	/site/core/vendor/doctrine/dbal/src/Driver/Mysqli/Statement.php	0.00		cached
ok	/site/core/vendor/doctrine/dbal/src/Driver/OCI8/Connection.php	0.00		cached
ok	/site/core/vendor/doctrine/dbal/src/Driver/OCI8/ConvertPositionalToNamedPlaceholders.php	0.00		cached
ok	/site/core/vendor/doctrine/dbal/src/Driver/OCI8/Driver.php	0.00		cached
ok	/site/core/vendor/doctrine/dbal/src/Driver/OCI8/Exception/ConnectionFailed.php	0.00		cached
ok	/site/core/vendor/doctrine/dbal/src/Driver/OCI8/Exception/Error.php	0.00		cached
ok	/site/core/vendor/doctrine/dbal/src/Driver/OCI8/Exception/InvalidConfiguration.php	0.00		cached
ok	/site/core/vendor/doctrine/dbal/src/Driver/OCI8/Exception/NonTerminatedStringLiteral.php	0.00		cached
ok	/site/core/vendor/doctrine/dbal/src/Driver/OCI8/Exception/UnknownParameterIndex.php	0.00		cached
ok	/site/core/vendor/doctrine/dbal/src/Driver/OCI8/ExecutionMode.php	0.00		cached
ok	/site/core/vendor/doctrine/dbal/src/Driver/OCI8/Middleware/InitializeSession.php	0.00		cached
ok	/site/core/vendor/doctrine/dbal/src/Driver/OCI8/Result.php	0.00		cached
ok	/site/core/vendor/doctrine/dbal/src/Driver/OCI8/Statement.php	0.00		cached
ok	/site/core/vendor/doctrine/dbal/src/Driver/PDO/Connection.php	0.00		cached
ok	/site/core/vendor/doctrine/dbal/src/Driver/PDO/Exception.php	0.00		cached
ok	/site/core/vendor/doctrine/dbal/src/Driver/PDO/Exception/InvalidConfiguration.php	0.00		cached
ok	/site/core/vendor/doctrine/dbal/src/Driver/PDO/MySQL/Driver.php	0.00		cached
ok	/site/core/vendor/doctrine/dbal/src/Driver/PDO/OCI/Driver.php	0.00		cached
ok	/site/core/vendor/doctrine/dbal/src/Driver/PDO/PDOConnect.php	0.00		cached
ok	/site/core/vendor/doctrine/dbal/src/Driver/PDO/PgSQL/Driver.php	0.00		cached
ok	/site/core/vendor/doctrine/dbal/src/Driver/PDO/Result.php	0.00		cached
ok	/site/core/vendor/doctrine/dbal/src/Driver/PDO/SQLSrv/Connection.php	0.00		cached
ok	/site/core/vendor/doctrine/dbal/src/Driver/PDO/SQLSrv/Driver.php	0.00		cached
ok	/site/core/vendor/doctrine/dbal/src/Driver/PDO/SQLSrv/Statement.php	0.00		cached
ok	/site/core/vendor/doctrine/dbal/src/Driver/PDO/SQLite/Driver.php	0.00		cached
ok	/site/core/vendor/doctrine/dbal/src/Driver/PDO/Statement.php	0.00		cached
ok	/site/core/vendor/doctrine/dbal/src/Driver/PgSQL/Connection.php	0.00		cached
ok	/site/core/vendor/doctrine/dbal/src/Driver/PgSQL/ConvertParameters.php	0.00		cached
ok	/site/core/vendor/doctrine/dbal/src/Driver/PgSQL/Driver.php	0.00		cached
ok	/site/core/vendor/doctrine/dbal/src/Driver/PgSQL/Exception.php	0.00		cached
ok	/site/core/vendor/doctrine/dbal/src/Driver/PgSQL/Exception/UnexpectedValue.php	0.00		cached
ok	/site/core/vendor/doctrine/dbal/src/Driver/PgSQL/Exception/UnknownParameter.php	0.00		cached
ok	/site/core/vendor/doctrine/dbal/src/Driver/PgSQL/Result.php	0.00		cached
ok	/site/core/vendor/doctrine/dbal/src/Driver/PgSQL/Statement.php	0.00		cached
ok	/site/core/vendor/doctrine/dbal/src/Driver/Result.php	0.00		cached
ok	/site/core/vendor/doctrine/dbal/src/Driver/SQLSrv/Connection.php	0.00		cached
ok	/site/core/vendor/doctrine/dbal/src/Driver/SQLSrv/Driver.php	0.00		cached
ok	/site/core/vendor/doctrine/dbal/src/Driver/SQLSrv/Exception/Error.php	0.00		cached
ok	/site/core/vendor/doctrine/dbal/src/Driver/SQLSrv/Result.php	0.00		cached
fail	/site/core/vendor/doctrine/dbal/src/Driver/SQLSrv/Statement.php	0.00	compile failed (emit): unsupported: a reference into an element of a array-elemented array (`$a[$k] = &$v`) — the element channel is raw and a reference cell is not. See docs/design/reference-cells.md. (:1591)	cached
ok	/site/core/vendor/doctrine/dbal/src/Driver/SQLite3/Connection.php	0.00		cached
ok	/site/core/vendor/doctrine/dbal/src/Driver/SQLite3/Driver.php	0.00		cached
ok	/site/core/vendor/doctrine/dbal/src/Driver/SQLite3/Exception.php	0.00		cached
ok	/site/core/vendor/doctrine/dbal/src/Driver/SQLite3/Result.php	0.00		cached
ok	/site/core/vendor/doctrine/dbal/src/Driver/SQLite3/Statement.php	0.00		cached
ok	/site/core/vendor/doctrine/dbal/src/Driver/Statement.php	0.00		cached
ok	/site/core/vendor/doctrine/dbal/src/DriverManager.php	0.00		cached
ok	/site/core/vendor/doctrine/dbal/src/Exception.php	0.00		cached
ok	/site/core/vendor/doctrine/dbal/src/Exception/CommitFailedRollbackOnly.php	0.00		cached
ok	/site/core/vendor/doctrine/dbal/src/Exception/ConnectionException.php	0.00		cached
ok	/site/core/vendor/doctrine/dbal/src/Exception/ConnectionLost.php	0.00		cached
ok	/site/core/vendor/doctrine/dbal/src/Exception/ConstraintViolationException.php	0.00		cached
ok	/site/core/vendor/doctrine/dbal/src/Exception/DatabaseDoesNotExist.php	0.00		cached
ok	/site/core/vendor/doctrine/dbal/src/Exception/DatabaseObjectExistsException.php	0.00		cached
ok	/site/core/vendor/doctrine/dbal/src/Exception/DatabaseObjectNotFoundException.php	0.00		cached
ok	/site/core/vendor/doctrine/dbal/src/Exception/DatabaseRequired.php	0.00		cached
ok	/site/core/vendor/doctrine/dbal/src/Exception/DeadlockException.php	0.00		cached
ok	/site/core/vendor/doctrine/dbal/src/Exception/DriverException.php	0.00		cached
ok	/site/core/vendor/doctrine/dbal/src/Exception/DriverRequired.php	0.00		cached
ok	/site/core/vendor/doctrine/dbal/src/Exception/ForeignKeyConstraintViolationException.php	0.00		cached
ok	/site/core/vendor/doctrine/dbal/src/Exception/InvalidArgumentException.php	0.00		cached
ok	/site/core/vendor/doctrine/dbal/src/Exception/InvalidColumnDeclaration.php	0.00		cached
ok	/site/core/vendor/doctrine/dbal/src/Exception/InvalidColumnIndex.php	0.00		cached
ok	/site/core/vendor/doctrine/dbal/src/Exception/InvalidColumnType.php	0.00		cached
ok	/site/core/vendor/doctrine/dbal/src/Exception/InvalidColumnType/ColumnLengthRequired.php	0.00		cached
ok	/site/core/vendor/doctrine/dbal/src/Exception/InvalidColumnType/ColumnPrecisionRequired.php	0.00		cached
ok	/site/core/vendor/doctrine/dbal/src/Exception/InvalidColumnType/ColumnScaleRequired.php	0.00		cached
ok	/site/core/vendor/doctrine/dbal/src/Exception/InvalidColumnType/ColumnValuesRequired.php	0.00		cached
ok	/site/core/vendor/doctrine/dbal/src/Exception/InvalidDriverClass.php	0.00		cached
ok	/site/core/vendor/doctrine/dbal/src/Exception/InvalidFieldNameException.php	0.00		cached
ok	/site/core/vendor/doctrine/dbal/src/Exception/InvalidWrapperClass.php	0.00		cached
ok	/site/core/vendor/doctrine/dbal/src/Exception/LockWaitTimeoutException.php	0.00		cached
ok	/site/core/vendor/doctrine/dbal/src/Exception/MalformedDsnException.php	0.00		cached
ok	/site/core/vendor/doctrine/dbal/src/Exception/NoActiveTransaction.php	0.00		cached
ok	/site/core/vendor/doctrine/dbal/src/Exception/NoKeyValue.php	0.00		cached
ok	/site/core/vendor/doctrine/dbal/src/Exception/NonUniqueFieldNameException.php	0.00		cached
ok	/site/core/vendor/doctrine/dbal/src/Exception/NotNullConstraintViolationException.php	0.00		cached
ok	/site/core/vendor/doctrine/dbal/src/Exception/ParseError.php	0.00		cached
ok	/site/core/vendor/doctrine/dbal/src/Exception/ReadOnlyException.php	0.00		cached
ok	/site/core/vendor/doctrine/dbal/src/Exception/RetryableException.php	0.00		cached
ok	/site/core/vendor/doctrine/dbal/src/Exception/SavepointsNotSupported.php	0.00		cached
ok	/site/core/vendor/doctrine/dbal/src/Exception/SchemaDoesNotExist.php	0.00		cached
ok	/site/core/vendor/doctrine/dbal/src/Exception/ServerException.php	0.00		cached
ok	/site/core/vendor/doctrine/dbal/src/Exception/SyntaxErrorException.php	0.00		cached
ok	/site/core/vendor/doctrine/dbal/src/Exception/TableExistsException.php	0.00		cached
ok	/site/core/vendor/doctrine/dbal/src/Exception/TableNotFoundException.php	0.00		cached
ok	/site/core/vendor/doctrine/dbal/src/Exception/TransactionRolledBack.php	0.00		cached
ok	/site/core/vendor/doctrine/dbal/src/Exception/UniqueConstraintViolationException.php	0.00		cached
ok	/site/core/vendor/doctrine/dbal/src/Exception/UnknownDriver.php	0.00		cached
ok	/site/core/vendor/doctrine/dbal/src/ExpandArrayParameters.php	0.00		cached
ok	/site/core/vendor/doctrine/dbal/src/LockMode.php	0.00		cached
ok	/site/core/vendor/doctrine/dbal/src/Logging/Connection.php	0.00		cached
ok	/site/core/vendor/doctrine/dbal/src/Logging/Driver.php	0.00		cached
ok	/site/core/vendor/doctrine/dbal/src/Logging/Middleware.php	0.00		cached
ok	/site/core/vendor/doctrine/dbal/src/Logging/Statement.php	0.00		cached
ok	/site/core/vendor/doctrine/dbal/src/ParameterType.php	0.00		cached
ok	/site/core/vendor/doctrine/dbal/src/Platforms/AbstractMySQLPlatform.php	0.00		cached
ok	/site/core/vendor/doctrine/dbal/src/Platforms/AbstractPlatform.php	0.00		cached
ok	/site/core/vendor/doctrine/dbal/src/Platforms/DB2Platform.php	0.00		cached
ok	/site/core/vendor/doctrine/dbal/src/Platforms/DateIntervalUnit.php	0.00		cached
ok	/site/core/vendor/doctrine/dbal/src/Platforms/Db2/Db2MetadataProvider.php	0.00		cached
ok	/site/core/vendor/doctrine/dbal/src/Platforms/Exception/InvalidPlatformVersion.php	0.00		cached
ok	/site/core/vendor/doctrine/dbal/src/Platforms/Exception/NoColumnsSpecifiedForTable.php	0.00		cached
ok	/site/core/vendor/doctrine/dbal/src/Platforms/Exception/NotSupported.php	0.00		cached
ok	/site/core/vendor/doctrine/dbal/src/Platforms/Exception/PlatformException.php	0.00		cached
ok	/site/core/vendor/doctrine/dbal/src/Platforms/Keywords/DB2Keywords.php	0.00		cached
ok	/site/core/vendor/doctrine/dbal/src/Platforms/Keywords/KeywordList.php	0.00		cached
ok	/site/core/vendor/doctrine/dbal/src/Platforms/Keywords/MariaDB117Keywords.php	0.00		cached
ok	/site/core/vendor/doctrine/dbal/src/Platforms/Keywords/MariaDB123Keywords.php	0.00		cached
ok	/site/core/vendor/doctrine/dbal/src/Platforms/Keywords/MariaDBKeywords.php	0.00		cached
ok	/site/core/vendor/doctrine/dbal/src/Platforms/Keywords/MySQL80Keywords.php	0.00		cached
ok	/site/core/vendor/doctrine/dbal/src/Platforms/Keywords/MySQL84Keywords.php	0.00		cached
ok	/site/core/vendor/doctrine/dbal/src/Platforms/Keywords/MySQLKeywords.php	0.00		cached
ok	/site/core/vendor/doctrine/dbal/src/Platforms/Keywords/OracleKeywords.php	0.00		cached
ok	/site/core/vendor/doctrine/dbal/src/Platforms/Keywords/PostgreSQLKeywords.php	0.00		cached
ok	/site/core/vendor/doctrine/dbal/src/Platforms/Keywords/SQLServerKeywords.php	0.00		cached
ok	/site/core/vendor/doctrine/dbal/src/Platforms/Keywords/SQLiteKeywords.php	0.00		cached
ok	/site/core/vendor/doctrine/dbal/src/Platforms/MariaDB1010Platform.php	0.00		cached
ok	/site/core/vendor/doctrine/dbal/src/Platforms/MariaDB1052Platform.php	0.00		cached
ok	/site/core/vendor/doctrine/dbal/src/Platforms/MariaDB1060Platform.php	0.00		cached
ok	/site/core/vendor/doctrine/dbal/src/Platforms/MariaDB110700Platform.php	0.00		cached
ok	/site/core/vendor/doctrine/dbal/src/Platforms/MariaDB120300Platform.php	0.00		cached
ok	/site/core/vendor/doctrine/dbal/src/Platforms/MariaDBPlatform.php	0.00		cached
ok	/site/core/vendor/doctrine/dbal/src/Platforms/MySQL/CharsetMetadataProvider.php	0.00		cached
ok	/site/core/vendor/doctrine/dbal/src/Platforms/MySQL/CharsetMetadataProvider/CachingCharsetMetadataProvider.php	0.00		cached
ok	/site/core/vendor/doctrine/dbal/src/Platforms/MySQL/CharsetMetadataProvider/ConnectionCharsetMetadataProvider.php	0.00		cached
ok	/site/core/vendor/doctrine/dbal/src/Platforms/MySQL/CollationMetadataProvider.php	0.00		cached
ok	/site/core/vendor/doctrine/dbal/src/Platforms/MySQL/CollationMetadataProvider/CachingCollationMetadataProvider.php	0.00		cached
ok	/site/core/vendor/doctrine/dbal/src/Platforms/MySQL/CollationMetadataProvider/ConnectionCollationMetadataProvider.php	0.00		cached
ok	/site/core/vendor/doctrine/dbal/src/Platforms/MySQL/Comparator.php	0.00		cached
ok	/site/core/vendor/doctrine/dbal/src/Platforms/MySQL/DefaultTableOptions.php	0.00		cached
ok	/site/core/vendor/doctrine/dbal/src/Platforms/MySQL/MySQLMetadataProvider.php	0.00		cached
ok	/site/core/vendor/doctrine/dbal/src/Platforms/MySQL80Platform.php	0.00		cached
ok	/site/core/vendor/doctrine/dbal/src/Platforms/MySQL84Platform.php	0.00		cached
ok	/site/core/vendor/doctrine/dbal/src/Platforms/MySQLPlatform.php	0.00		cached
ok	/site/core/vendor/doctrine/dbal/src/Platforms/Oracle/OracleMetadataProvider.php	0.00		cached
ok	/site/core/vendor/doctrine/dbal/src/Platforms/OraclePlatform.php	0.00		cached
ok	/site/core/vendor/doctrine/dbal/src/Platforms/PostgreSQL/PostgreSQLMetadataProvider.php	0.00		cached
ok	/site/core/vendor/doctrine/dbal/src/Platforms/PostgreSQL120Platform.php	0.00		cached
ok	/site/core/vendor/doctrine/dbal/src/Platforms/PostgreSQLPlatform.php	0.00		cached
ok	/site/core/vendor/doctrine/dbal/src/Platforms/SQLServer/Comparator.php	0.00		cached
ok	/site/core/vendor/doctrine/dbal/src/Platforms/SQLServer/SQL/Builder/SQLServerSelectSQLBuilder.php	0.00		cached
ok	/site/core/vendor/doctrine/dbal/src/Platforms/SQLServer/SQLServerMetadataProvider.php	0.00		cached
ok	/site/core/vendor/doctrine/dbal/src/Platforms/SQLServerPlatform.php	0.00		cached
ok	/site/core/vendor/doctrine/dbal/src/Platforms/SQLite/Comparator.php	0.00		cached
ok	/site/core/vendor/doctrine/dbal/src/Platforms/SQLite/SQLiteMetadataProvider.php	0.00		cached
ok	/site/core/vendor/doctrine/dbal/src/Platforms/SQLite/SQLiteMetadataProvider/ForeignKeyConstraintDetails.php	0.00		cached
ok	/site/core/vendor/doctrine/dbal/src/Platforms/SQLitePlatform.php	0.00		cached
ok	/site/core/vendor/doctrine/dbal/src/Platforms/TrimMode.php	0.00		cached
ok	/site/core/vendor/doctrine/dbal/src/Portability/Connection.php	0.00		cached
ok	/site/core/vendor/doctrine/dbal/src/Portability/Converter.php	0.00		cached
ok	/site/core/vendor/doctrine/dbal/src/Portability/Driver.php	0.00		cached
ok	/site/core/vendor/doctrine/dbal/src/Portability/Middleware.php	0.00		cached
ok	/site/core/vendor/doctrine/dbal/src/Portability/OptimizeFlags.php	0.00		cached
ok	/site/core/vendor/doctrine/dbal/src/Portability/Result.php	0.00		cached
ok	/site/core/vendor/doctrine/dbal/src/Portability/Statement.php	0.00		cached
ok	/site/core/vendor/doctrine/dbal/src/Query.php	0.00		cached
ok	/site/core/vendor/doctrine/dbal/src/Query/CommonTableExpression.php	0.00		cached
ok	/site/core/vendor/doctrine/dbal/src/Query/Exception/NonUniqueAlias.php	0.00		cached
ok	/site/core/vendor/doctrine/dbal/src/Query/Exception/UnknownAlias.php	0.00		cached
ok	/site/core/vendor/doctrine/dbal/src/Query/Expression/CompositeExpression.php	0.00		cached
ok	/site/core/vendor/doctrine/dbal/src/Query/Expression/ExpressionBuilder.php	0.00		cached
ok	/site/core/vendor/doctrine/dbal/src/Query/ForUpdate.php	0.00		cached
ok	/site/core/vendor/doctrine/dbal/src/Query/ForUpdate/ConflictResolutionMode.php	0.00		cached
ok	/site/core/vendor/doctrine/dbal/src/Query/From.php	0.00		cached
ok	/site/core/vendor/doctrine/dbal/src/Query/Join.php	0.00		cached
ok	/site/core/vendor/doctrine/dbal/src/Query/Limit.php	0.00		cached
ok	/site/core/vendor/doctrine/dbal/src/Query/QueryBuilder.php	0.00		cached
ok	/site/core/vendor/doctrine/dbal/src/Query/QueryException.php	0.00		cached
ok	/site/core/vendor/doctrine/dbal/src/Query/QueryType.php	0.00		cached
ok	/site/core/vendor/doctrine/dbal/src/Query/SelectQuery.php	0.00		cached
ok	/site/core/vendor/doctrine/dbal/src/Query/Union.php	0.00		cached
ok	/site/core/vendor/doctrine/dbal/src/Query/UnionQuery.php	0.00		cached
ok	/site/core/vendor/doctrine/dbal/src/Query/UnionType.php	0.00		cached
ok	/site/core/vendor/doctrine/dbal/src/Result.php	0.00		cached
ok	/site/core/vendor/doctrine/dbal/src/SQL/Builder/CreateSchemaObjectsSQLBuilder.php	0.00		cached
ok	/site/core/vendor/doctrine/dbal/src/SQL/Builder/DefaultSelectSQLBuilder.php	0.00		cached
ok	/site/core/vendor/doctrine/dbal/src/SQL/Builder/DefaultUnionSQLBuilder.php	0.00		cached
ok	/site/core/vendor/doctrine/dbal/src/SQL/Builder/DropSchemaObjectsSQLBuilder.php	0.00		cached
ok	/site/core/vendor/doctrine/dbal/src/SQL/Builder/SelectSQLBuilder.php	0.00		cached
ok	/site/core/vendor/doctrine/dbal/src/SQL/Builder/UnionSQLBuilder.php	0.00		cached
ok	/site/core/vendor/doctrine/dbal/src/SQL/Builder/WithSQLBuilder.php	0.00		cached
ok	/site/core/vendor/doctrine/dbal/src/SQL/Parser.php	0.00		cached
ok	/site/core/vendor/doctrine/dbal/src/SQL/Parser/Exception.php	0.00		cached
ok	/site/core/vendor/doctrine/dbal/src/SQL/Parser/Exception/RegularExpressionError.php	0.00		cached
ok	/site/core/vendor/doctrine/dbal/src/SQL/Parser/Visitor.php	0.00		cached
ok	/site/core/vendor/doctrine/dbal/src/Schema/AbstractAsset.php	0.00		cached
ok	/site/core/vendor/doctrine/dbal/src/Schema/AbstractNamedObject.php	0.00		cached
ok	/site/core/vendor/doctrine/dbal/src/Schema/AbstractOptionallyNamedObject.php	0.00		cached
ok	/site/core/vendor/doctrine/dbal/src/Schema/AbstractSchemaManager.php	0.00		cached
ok	/site/core/vendor/doctrine/dbal/src/Schema/Collections/Exception.php	0.00		cached
ok	/site/core/vendor/doctrine/dbal/src/Schema/Collections/Exception/ObjectAlreadyExists.php	0.00		cached
ok	/site/core/vendor/doctrine/dbal/src/Schema/Collections/Exception/ObjectDoesNotExist.php	0.00		cached
ok	/site/core/vendor/doctrine/dbal/src/Schema/Collections/ObjectSet.php	0.00		cached
ok	/site/core/vendor/doctrine/dbal/src/Schema/Collections/OptionallyUnqualifiedNamedObjectSet.php	0.00		cached
ok	/site/core/vendor/doctrine/dbal/src/Schema/Collections/UnqualifiedNamedObjectSet.php	0.00		cached
ok	/site/core/vendor/doctrine/dbal/src/Schema/Column.php	0.00		cached
ok	/site/core/vendor/doctrine/dbal/src/Schema/ColumnDiff.php	0.00		cached
ok	/site/core/vendor/doctrine/dbal/src/Schema/ColumnEditor.php	0.00		cached
ok	/site/core/vendor/doctrine/dbal/src/Schema/Comparator.php	0.00		cached
ok	/site/core/vendor/doctrine/dbal/src/Schema/ComparatorConfig.php	0.00		cached
ok	/site/core/vendor/doctrine/dbal/src/Schema/DB2SchemaManager.php	0.00		cached
ok	/site/core/vendor/doctrine/dbal/src/Schema/DefaultExpression.php	0.00		cached
ok	/site/core/vendor/doctrine/dbal/src/Schema/DefaultExpression/CurrentDate.php	0.00		cached
ok	/site/core/vendor/doctrine/dbal/src/Schema/DefaultExpression/CurrentTime.php	0.00		cached
ok	/site/core/vendor/doctrine/dbal/src/Schema/DefaultExpression/CurrentTimestamp.php	0.00		cached
ok	/site/core/vendor/doctrine/dbal/src/Schema/DefaultSchemaManagerFactory.php	0.00		cached
ok	/site/core/vendor/doctrine/dbal/src/Schema/Exception/ColumnAlreadyExists.php	0.00		cached
ok	/site/core/vendor/doctrine/dbal/src/Schema/Exception/ColumnDoesNotExist.php	0.00		cached
ok	/site/core/vendor/doctrine/dbal/src/Schema/Exception/ForeignKeyDoesNotExist.php	0.00		cached
ok	/site/core/vendor/doctrine/dbal/src/Schema/Exception/IncomparableNames.php	0.00		cached
ok	/site/core/vendor/doctrine/dbal/src/Schema/Exception/IndexAlreadyExists.php	0.00		cached
ok	/site/core/vendor/doctrine/dbal/src/Schema/Exception/IndexDoesNotExist.php	0.00		cached
ok	/site/core/vendor/doctrine/dbal/src/Schema/Exception/IndexNameInvalid.php	0.00		cached
ok	/site/core/vendor/doctrine/dbal/src/Schema/Exception/InvalidColumnDefinition.php	0.00		cached
ok	/site/core/vendor/doctrine/dbal/src/Schema/Exception/InvalidForeignKeyConstraintDefinition.php	0.00		cached
ok	/site/core/vendor/doctrine/dbal/src/Schema/Exception/InvalidIdentifier.php	0.00		cached
ok	/site/core/vendor/doctrine/dbal/src/Schema/Exception/InvalidIndexDefinition.php	0.00		cached
ok	/site/core/vendor/doctrine/dbal/src/Schema/Exception/InvalidName.php	0.00		cached
ok	/site/core/vendor/doctrine/dbal/src/Schema/Exception/InvalidPrimaryKeyConstraintDefinition.php	0.00		cached
ok	/site/core/vendor/doctrine/dbal/src/Schema/Exception/InvalidSequenceDefinition.php	0.00		cached
ok	/site/core/vendor/doctrine/dbal/src/Schema/Exception/InvalidState.php	0.00		cached
ok	/site/core/vendor/doctrine/dbal/src/Schema/Exception/InvalidTableDefinition.php	0.00		cached
ok	/site/core/vendor/doctrine/dbal/src/Schema/Exception/InvalidTableModification.php	0.00		cached
ok	/site/core/vendor/doctrine/dbal/src/Schema/Exception/InvalidTableName.php	0.00		cached
ok	/site/core/vendor/doctrine/dbal/src/Schema/Exception/InvalidUniqueConstraintDefinition.php	0.00		cached
ok	/site/core/vendor/doctrine/dbal/src/Schema/Exception/InvalidViewDefinition.php	0.00		cached
ok	/site/core/vendor/doctrine/dbal/src/Schema/Exception/NamespaceAlreadyExists.php	0.00		cached
ok	/site/core/vendor/doctrine/dbal/src/Schema/Exception/NotImplemented.php	0.00		cached
ok	/site/core/vendor/doctrine/dbal/src/Schema/Exception/PrimaryKeyAlreadyExists.php	0.00		cached
ok	/site/core/vendor/doctrine/dbal/src/Schema/Exception/SequenceAlreadyExists.php	0.00		cached
ok	/site/core/vendor/doctrine/dbal/src/Schema/Exception/SequenceDoesNotExist.php	0.00		cached
ok	/site/core/vendor/doctrine/dbal/src/Schema/Exception/TableAlreadyExists.php	0.00		cached
ok	/site/core/vendor/doctrine/dbal/src/Schema/Exception/TableDoesNotExist.php	0.00		cached
ok	/site/core/vendor/doctrine/dbal/src/Schema/Exception/UniqueConstraintDoesNotExist.php	0.00		cached
ok	/site/core/vendor/doctrine/dbal/src/Schema/Exception/UnknownColumnOption.php	0.00		cached
ok	/site/core/vendor/doctrine/dbal/src/Schema/Exception/UnsupportedName.php	0.00		cached
ok	/site/core/vendor/doctrine/dbal/src/Schema/Exception/UnsupportedSchema.php	0.00		cached
ok	/site/core/vendor/doctrine/dbal/src/Schema/ForeignKeyConstraint.php	0.00		cached
ok	/site/core/vendor/doctrine/dbal/src/Schema/ForeignKeyConstraint/Deferrability.php	0.00		cached
ok	/site/core/vendor/doctrine/dbal/src/Schema/ForeignKeyConstraint/MatchType.php	0.00		cached
ok	/site/core/vendor/doctrine/dbal/src/Schema/ForeignKeyConstraint/ReferentialAction.php	0.00		cached
ok	/site/core/vendor/doctrine/dbal/src/Schema/ForeignKeyConstraintEditor.php	0.00		cached
ok	/site/core/vendor/doctrine/dbal/src/Schema/Identifier.php	0.00		cached
ok	/site/core/vendor/doctrine/dbal/src/Schema/Index.php	0.00		cached
ok	/site/core/vendor/doctrine/dbal/src/Schema/Index/IndexType.php	0.00		cached
ok	/site/core/vendor/doctrine/dbal/src/Schema/Index/IndexedColumn.php	0.00		cached
ok	/site/core/vendor/doctrine/dbal/src/Schema/IndexEditor.php	0.00		cached
ok	/site/core/vendor/doctrine/dbal/src/Schema/Introspection/IntrospectingSchemaProvider.php	0.00		cached
ok	/site/core/vendor/doctrine/dbal/src/Schema/Introspection/MetadataProcessor/ForeignKeyConstraintColumnMetadataProcessor.php	0.00		cached
ok	/site/core/vendor/doctrine/dbal/src/Schema/Introspection/MetadataProcessor/IndexColumnMetadataProcessor.php	0.00		cached
ok	/site/core/vendor/doctrine/dbal/src/Schema/Introspection/MetadataProcessor/PrimaryKeyConstraintColumnMetadataProcessor.php	0.00		cached
ok	/site/core/vendor/doctrine/dbal/src/Schema/Introspection/MetadataProcessor/SequenceMetadataProcessor.php	0.00		cached
ok	/site/core/vendor/doctrine/dbal/src/Schema/Introspection/MetadataProcessor/ViewMetadataProcessor.php	0.00		cached
ok	/site/core/vendor/doctrine/dbal/src/Schema/Metadata/DatabaseMetadataRow.php	0.00		cached
ok	/site/core/vendor/doctrine/dbal/src/Schema/Metadata/ForeignKeyConstraintColumnMetadataRow.php	0.00		cached
ok	/site/core/vendor/doctrine/dbal/src/Schema/Metadata/IndexColumnMetadataRow.php	0.00		cached
ok	/site/core/vendor/doctrine/dbal/src/Schema/Metadata/MetadataProvider.php	0.00		cached
ok	/site/core/vendor/doctrine/dbal/src/Schema/Metadata/PrimaryKeyConstraintColumnRow.php	0.00		cached
ok	/site/core/vendor/doctrine/dbal/src/Schema/Metadata/SchemaMetadataRow.php	0.00		cached
ok	/site/core/vendor/doctrine/dbal/src/Schema/Metadata/SequenceMetadataRow.php	0.00		cached
ok	/site/core/vendor/doctrine/dbal/src/Schema/Metadata/TableColumnMetadataRow.php	0.00		cached
ok	/site/core/vendor/doctrine/dbal/src/Schema/Metadata/TableMetadataRow.php	0.00		cached
ok	/site/core/vendor/doctrine/dbal/src/Schema/Metadata/ViewMetadataRow.php	0.00		cached
ok	/site/core/vendor/doctrine/dbal/src/Schema/MySQLSchemaManager.php	0.00		cached
ok	/site/core/vendor/doctrine/dbal/src/Schema/Name.php	0.00		cached
ok	/site/core/vendor/doctrine/dbal/src/Schema/Name/GenericName.php	0.00		cached
ok	/site/core/vendor/doctrine/dbal/src/Schema/Name/Identifier.php	0.00		cached
ok	/site/core/vendor/doctrine/dbal/src/Schema/Name/OptionallyQualifiedName.php	0.00		cached
ok	/site/core/vendor/doctrine/dbal/src/Schema/Name/Parser.php	0.00		cached
ok	/site/core/vendor/doctrine/dbal/src/Schema/Name/Parser/Exception.php	0.00		cached
ok	/site/core/vendor/doctrine/dbal/src/Schema/Name/Parser/Exception/ExpectedDot.php	0.00		cached
ok	/site/core/vendor/doctrine/dbal/src/Schema/Name/Parser/Exception/ExpectedNextIdentifier.php	0.00		cached
ok	/site/core/vendor/doctrine/dbal/src/Schema/Name/Parser/Exception/InvalidName.php	0.00		cached
ok	/site/core/vendor/doctrine/dbal/src/Schema/Name/Parser/Exception/UnableToParseIdentifier.php	0.00		cached
ok	/site/core/vendor/doctrine/dbal/src/Schema/Name/Parser/GenericNameParser.php	0.00		cached
ok	/site/core/vendor/doctrine/dbal/src/Schema/Name/Parser/OptionallyQualifiedNameParser.php	0.00		cached
ok	/site/core/vendor/doctrine/dbal/src/Schema/Name/Parser/UnqualifiedNameParser.php	0.00		cached
ok	/site/core/vendor/doctrine/dbal/src/Schema/Name/Parsers.php	0.00		cached
ok	/site/core/vendor/doctrine/dbal/src/Schema/Name/UnqualifiedName.php	0.00		cached
ok	/site/core/vendor/doctrine/dbal/src/Schema/Name/UnquotedIdentifierFolding.php	0.00		cached
ok	/site/core/vendor/doctrine/dbal/src/Schema/NamedObject.php	0.00		cached
ok	/site/core/vendor/doctrine/dbal/src/Schema/OptionallyNamedObject.php	0.00		cached
ok	/site/core/vendor/doctrine/dbal/src/Schema/OracleSchemaManager.php	0.00		cached
ok	/site/core/vendor/doctrine/dbal/src/Schema/PostgreSQLSchemaManager.php	0.00		cached
ok	/site/core/vendor/doctrine/dbal/src/Schema/PrimaryKeyConstraint.php	0.00		cached
ok	/site/core/vendor/doctrine/dbal/src/Schema/PrimaryKeyConstraintEditor.php	0.00		cached
ok	/site/core/vendor/doctrine/dbal/src/Schema/SQLServerSchemaManager.php	0.00		cached
ok	/site/core/vendor/doctrine/dbal/src/Schema/SQLiteSchemaManager.php	0.00		cached
ok	/site/core/vendor/doctrine/dbal/src/Schema/Schema.php	0.00		cached
ok	/site/core/vendor/doctrine/dbal/src/Schema/SchemaConfig.php	0.00		cached
ok	/site/core/vendor/doctrine/dbal/src/Schema/SchemaDiff.php	0.00		cached
ok	/site/core/vendor/doctrine/dbal/src/Schema/SchemaException.php	0.00		cached
ok	/site/core/vendor/doctrine/dbal/src/Schema/SchemaManagerFactory.php	0.00		cached
ok	/site/core/vendor/doctrine/dbal/src/Schema/SchemaProvider.php	0.00		cached
ok	/site/core/vendor/doctrine/dbal/src/Schema/Sequence.php	0.00		cached
ok	/site/core/vendor/doctrine/dbal/src/Schema/SequenceEditor.php	0.00		cached
ok	/site/core/vendor/doctrine/dbal/src/Schema/Table.php	0.00		cached
ok	/site/core/vendor/doctrine/dbal/src/Schema/TableConfiguration.php	0.00		cached
ok	/site/core/vendor/doctrine/dbal/src/Schema/TableDiff.php	0.00		cached
ok	/site/core/vendor/doctrine/dbal/src/Schema/TableEditor.php	0.00		cached
ok	/site/core/vendor/doctrine/dbal/src/Schema/UniqueConstraint.php	0.00		cached
ok	/site/core/vendor/doctrine/dbal/src/Schema/UniqueConstraintEditor.php	0.00		cached
ok	/site/core/vendor/doctrine/dbal/src/Schema/View.php	0.00		cached
ok	/site/core/vendor/doctrine/dbal/src/Schema/ViewEditor.php	0.00		cached
ok	/site/core/vendor/doctrine/dbal/src/ServerVersionProvider.php	0.00		cached
ok	/site/core/vendor/doctrine/dbal/src/Statement.php	0.00		cached
ok	/site/core/vendor/doctrine/dbal/src/Tools/Console/Command/RunSqlCommand.php	0.00		cached
ok	/site/core/vendor/doctrine/dbal/src/Tools/Console/ConnectionNotFound.php	0.00		cached
ok	/site/core/vendor/doctrine/dbal/src/Tools/Console/ConnectionProvider.php	0.00		cached
ok	/site/core/vendor/doctrine/dbal/src/Tools/Console/ConnectionProvider/SingleConnectionProvider.php	0.00		cached
ok	/site/core/vendor/doctrine/dbal/src/Tools/DsnParser.php	0.00		cached
ok	/site/core/vendor/doctrine/dbal/src/TransactionIsolationLevel.php	0.00		cached
ok	/site/core/vendor/doctrine/dbal/src/Types/AsciiStringType.php	0.00		cached
ok	/site/core/vendor/doctrine/dbal/src/Types/BigIntType.php	0.00		cached
ok	/site/core/vendor/doctrine/dbal/src/Types/BinaryType.php	0.00		cached
ok	/site/core/vendor/doctrine/dbal/src/Types/BlobType.php	0.00		cached
ok	/site/core/vendor/doctrine/dbal/src/Types/BooleanType.php	0.00		cached
ok	/site/core/vendor/doctrine/dbal/src/Types/ConversionException.php	0.00		cached
ok	/site/core/vendor/doctrine/dbal/src/Types/DateImmutableType.php	0.00		cached
ok	/site/core/vendor/doctrine/dbal/src/Types/DateIntervalType.php	0.00		cached
ok	/site/core/vendor/doctrine/dbal/src/Types/DateTimeImmutableType.php	0.00		cached
ok	/site/core/vendor/doctrine/dbal/src/Types/DateTimeType.php	0.00		cached
ok	/site/core/vendor/doctrine/dbal/src/Types/DateTimeTzImmutableType.php	0.00		cached
ok	/site/core/vendor/doctrine/dbal/src/Types/DateTimeTzType.php	0.00		cached
ok	/site/core/vendor/doctrine/dbal/src/Types/DateType.php	0.00		cached
ok	/site/core/vendor/doctrine/dbal/src/Types/DecimalType.php	0.00		cached
ok	/site/core/vendor/doctrine/dbal/src/Types/EnumType.php	0.00		cached
ok	/site/core/vendor/doctrine/dbal/src/Types/Exception/InvalidFormat.php	0.00		cached
ok	/site/core/vendor/doctrine/dbal/src/Types/Exception/InvalidType.php	0.00		cached
ok	/site/core/vendor/doctrine/dbal/src/Types/Exception/SerializationFailed.php	0.00		cached
ok	/site/core/vendor/doctrine/dbal/src/Types/Exception/TypeAlreadyRegistered.php	0.00		cached
ok	/site/core/vendor/doctrine/dbal/src/Types/Exception/TypeArgumentCountError.php	0.00		cached
ok	/site/core/vendor/doctrine/dbal/src/Types/Exception/TypeNotFound.php	0.00		cached
ok	/site/core/vendor/doctrine/dbal/src/Types/Exception/TypeNotRegistered.php	0.00		cached
ok	/site/core/vendor/doctrine/dbal/src/Types/Exception/TypesAlreadyExists.php	0.00		cached
ok	/site/core/vendor/doctrine/dbal/src/Types/Exception/TypesException.php	0.00		cached
ok	/site/core/vendor/doctrine/dbal/src/Types/Exception/UnknownColumnType.php	0.00		cached
ok	/site/core/vendor/doctrine/dbal/src/Types/Exception/ValueNotConvertible.php	0.00		cached
ok	/site/core/vendor/doctrine/dbal/src/Types/FloatType.php	0.00		cached
ok	/site/core/vendor/doctrine/dbal/src/Types/GuidType.php	0.00		cached
ok	/site/core/vendor/doctrine/dbal/src/Types/IntegerType.php	0.00		cached
ok	/site/core/vendor/doctrine/dbal/src/Types/JsonObjectType.php	0.00		cached
ok	/site/core/vendor/doctrine/dbal/src/Types/JsonType.php	0.00		cached
ok	/site/core/vendor/doctrine/dbal/src/Types/JsonTypeConvert.php	0.00		cached
ok	/site/core/vendor/doctrine/dbal/src/Types/JsonbObjectType.php	0.00		cached
ok	/site/core/vendor/doctrine/dbal/src/Types/JsonbType.php	0.00		cached
ok	/site/core/vendor/doctrine/dbal/src/Types/NumberType.php	0.00		cached
ok	/site/core/vendor/doctrine/dbal/src/Types/PhpDateMappingType.php	0.00		cached
ok	/site/core/vendor/doctrine/dbal/src/Types/PhpDateTimeMappingType.php	0.00		cached
ok	/site/core/vendor/doctrine/dbal/src/Types/PhpIntegerMappingType.php	0.00		cached
ok	/site/core/vendor/doctrine/dbal/src/Types/PhpTimeMappingType.php	0.00		cached
ok	/site/core/vendor/doctrine/dbal/src/Types/SimpleArrayType.php	0.00		cached
ok	/site/core/vendor/doctrine/dbal/src/Types/SmallFloatType.php	0.00		cached
ok	/site/core/vendor/doctrine/dbal/src/Types/SmallIntType.php	0.00		cached
ok	/site/core/vendor/doctrine/dbal/src/Types/StringType.php	0.00		cached
ok	/site/core/vendor/doctrine/dbal/src/Types/TextType.php	0.00		cached
ok	/site/core/vendor/doctrine/dbal/src/Types/TimeImmutableType.php	0.00		cached
ok	/site/core/vendor/doctrine/dbal/src/Types/TimeType.php	0.00		cached
ok	/site/core/vendor/doctrine/dbal/src/Types/Type.php	0.00		cached
ok	/site/core/vendor/doctrine/dbal/src/Types/TypeRegistry.php	0.00		cached
ok	/site/core/vendor/doctrine/dbal/src/Types/Types.php	0.00		cached
ok	/site/core/vendor/doctrine/dbal/src/Types/VarDateTimeImmutableType.php	0.00		cached
ok	/site/core/vendor/doctrine/dbal/src/Types/VarDateTimeType.php	0.00		cached
ok	/site/core/vendor/doctrine/deprecations/src/Deprecation.php	0.00		cached
ok	/site/core/vendor/doctrine/deprecations/src/PHPUnit/VerifyDeprecations.php	0.00		cached
ok	/site/core/vendor/doctrine/inflector/src/CachedWordInflector.php	0.00		cached
ok	/site/core/vendor/doctrine/inflector/src/GenericLanguageInflectorFactory.php	0.00		cached
ok	/site/core/vendor/doctrine/inflector/src/Inflector.php	0.00		cached
ok	/site/core/vendor/doctrine/inflector/src/InflectorFactory.php	0.00		cached
ok	/site/core/vendor/doctrine/inflector/src/Language.php	0.00		cached
ok	/site/core/vendor/doctrine/inflector/src/LanguageInflectorFactory.php	0.00		cached
ok	/site/core/vendor/doctrine/inflector/src/NoopWordInflector.php	0.00		cached
ok	/site/core/vendor/doctrine/inflector/src/Rules/English/Inflectible.php	0.00		cached
ok	/site/core/vendor/doctrine/inflector/src/Rules/English/InflectorFactory.php	0.00		cached
ok	/site/core/vendor/doctrine/inflector/src/Rules/English/Rules.php	0.00		cached
ok	/site/core/vendor/doctrine/inflector/src/Rules/English/Uninflected.php	0.00		cached
ok	/site/core/vendor/doctrine/inflector/src/Rules/Esperanto/Inflectible.php	0.00		cached
ok	/site/core/vendor/doctrine/inflector/src/Rules/Esperanto/InflectorFactory.php	0.00		cached
ok	/site/core/vendor/doctrine/inflector/src/Rules/Esperanto/Rules.php	0.00		cached
ok	/site/core/vendor/doctrine/inflector/src/Rules/Esperanto/Uninflected.php	0.00		cached
ok	/site/core/vendor/doctrine/inflector/src/Rules/French/Inflectible.php	0.00		cached
ok	/site/core/vendor/doctrine/inflector/src/Rules/French/InflectorFactory.php	0.00		cached
ok	/site/core/vendor/doctrine/inflector/src/Rules/French/Rules.php	0.00		cached
ok	/site/core/vendor/doctrine/inflector/src/Rules/French/Uninflected.php	0.00		cached
ok	/site/core/vendor/doctrine/inflector/src/Rules/Italian/Inflectible.php	0.00		cached
ok	/site/core/vendor/doctrine/inflector/src/Rules/Italian/InflectorFactory.php	0.00		cached
ok	/site/core/vendor/doctrine/inflector/src/Rules/Italian/Rules.php	0.00		cached
ok	/site/core/vendor/doctrine/inflector/src/Rules/Italian/Uninflected.php	0.00		cached
ok	/site/core/vendor/doctrine/inflector/src/Rules/NorwegianBokmal/Inflectible.php	0.00		cached
ok	/site/core/vendor/doctrine/inflector/src/Rules/NorwegianBokmal/InflectorFactory.php	0.00		cached
ok	/site/core/vendor/doctrine/inflector/src/Rules/NorwegianBokmal/Rules.php	0.00		cached
ok	/site/core/vendor/doctrine/inflector/src/Rules/NorwegianBokmal/Uninflected.php	0.00		cached
ok	/site/core/vendor/doctrine/inflector/src/Rules/Pattern.php	0.00		cached
ok	/site/core/vendor/doctrine/inflector/src/Rules/Patterns.php	0.00		cached
ok	/site/core/vendor/doctrine/inflector/src/Rules/Portuguese/Inflectible.php	0.00		cached
ok	/site/core/vendor/doctrine/inflector/src/Rules/Portuguese/InflectorFactory.php	0.00		cached
ok	/site/core/vendor/doctrine/inflector/src/Rules/Portuguese/Rules.php	0.00		cached
ok	/site/core/vendor/doctrine/inflector/src/Rules/Portuguese/Uninflected.php	0.00		cached
ok	/site/core/vendor/doctrine/inflector/src/Rules/Ruleset.php	0.00		cached
ok	/site/core/vendor/doctrine/inflector/src/Rules/Spanish/Inflectible.php	0.00		cached
ok	/site/core/vendor/doctrine/inflector/src/Rules/Spanish/InflectorFactory.php	0.00		cached
ok	/site/core/vendor/doctrine/inflector/src/Rules/Spanish/Rules.php	0.00		cached
ok	/site/core/vendor/doctrine/inflector/src/Rules/Spanish/Uninflected.php	0.00		cached
ok	/site/core/vendor/doctrine/inflector/src/Rules/Substitution.php	0.00		cached
ok	/site/core/vendor/doctrine/inflector/src/Rules/Substitutions.php	0.00		cached
ok	/site/core/vendor/doctrine/inflector/src/Rules/Transformation.php	0.00		cached
ok	/site/core/vendor/doctrine/inflector/src/Rules/Transformations.php	0.00		cached
ok	/site/core/vendor/doctrine/inflector/src/Rules/Turkish/Inflectible.php	0.00		cached
ok	/site/core/vendor/doctrine/inflector/src/Rules/Turkish/InflectorFactory.php	0.00		cached
ok	/site/core/vendor/doctrine/inflector/src/Rules/Turkish/Rules.php	0.00		cached
ok	/site/core/vendor/doctrine/inflector/src/Rules/Turkish/Uninflected.php	0.00		cached
ok	/site/core/vendor/doctrine/inflector/src/Rules/Word.php	0.00		cached
ok	/site/core/vendor/doctrine/inflector/src/RulesetInflector.php	0.00		cached
ok	/site/core/vendor/doctrine/inflector/src/WordInflector.php	0.00		cached
ok	/site/core/vendor/doctrine/lexer/src/AbstractLexer.php	0.00		cached
ok	/site/core/vendor/doctrine/lexer/src/Token.php	0.00		cached
ok	/site/core/vendor/dragonmantank/cron-expression/src/Cron/AbstractField.php	0.00		cached
ok	/site/core/vendor/dragonmantank/cron-expression/src/Cron/CronExpression.php	0.00		cached
ok	/site/core/vendor/dragonmantank/cron-expression/src/Cron/DayOfMonthField.php	0.00		cached
ok	/site/core/vendor/dragonmantank/cron-expression/src/Cron/DayOfWeekField.php	0.00		cached
ok	/site/core/vendor/dragonmantank/cron-expression/src/Cron/FieldFactory.php	0.00		cached
ok	/site/core/vendor/dragonmantank/cron-expression/src/Cron/FieldFactoryInterface.php	0.00		cached
ok	/site/core/vendor/dragonmantank/cron-expression/src/Cron/FieldInterface.php	0.00		cached
ok	/site/core/vendor/dragonmantank/cron-expression/src/Cron/HoursField.php	0.00		cached
ok	/site/core/vendor/dragonmantank/cron-expression/src/Cron/MinutesField.php	0.00		cached
ok	/site/core/vendor/dragonmantank/cron-expression/src/Cron/MonthField.php	0.00		cached
ok	/site/core/vendor/egulias/email-validator/src/EmailLexer.php	0.00		cached
ok	/site/core/vendor/egulias/email-validator/src/EmailParser.php	0.00		cached
ok	/site/core/vendor/egulias/email-validator/src/EmailValidator.php	0.00		cached
ok	/site/core/vendor/egulias/email-validator/src/MessageIDParser.php	0.00		cached
ok	/site/core/vendor/egulias/email-validator/src/Parser.php	0.00		cached
ok	/site/core/vendor/egulias/email-validator/src/Parser/Comment.php	0.00		cached
ok	/site/core/vendor/egulias/email-validator/src/Parser/CommentStrategy/CommentStrategy.php	0.00		cached
ok	/site/core/vendor/egulias/email-validator/src/Parser/CommentStrategy/DomainComment.php	0.00		cached
ok	/site/core/vendor/egulias/email-validator/src/Parser/CommentStrategy/LocalComment.php	0.00		cached
ok	/site/core/vendor/egulias/email-validator/src/Parser/DomainLiteral.php	0.00		cached
ok	/site/core/vendor/egulias/email-validator/src/Parser/DomainPart.php	0.00		cached
ok	/site/core/vendor/egulias/email-validator/src/Parser/DoubleQuote.php	0.00		cached
ok	/site/core/vendor/egulias/email-validator/src/Parser/FoldingWhiteSpace.php	0.00		cached
ok	/site/core/vendor/egulias/email-validator/src/Parser/IDLeftPart.php	0.00		cached
ok	/site/core/vendor/egulias/email-validator/src/Parser/IDRightPart.php	0.00		cached
ok	/site/core/vendor/egulias/email-validator/src/Parser/LocalPart.php	0.00		cached
ok	/site/core/vendor/egulias/email-validator/src/Parser/PartParser.php	0.00		cached
ok	/site/core/vendor/egulias/email-validator/src/Result/InvalidEmail.php	0.00		cached
ok	/site/core/vendor/egulias/email-validator/src/Result/MultipleErrors.php	0.00		cached
ok	/site/core/vendor/egulias/email-validator/src/Result/Reason/AtextAfterCFWS.php	0.00		cached
ok	/site/core/vendor/egulias/email-validator/src/Result/Reason/CRLFAtTheEnd.php	0.00		cached
ok	/site/core/vendor/egulias/email-validator/src/Result/Reason/CRLFX2.php	0.00		cached
ok	/site/core/vendor/egulias/email-validator/src/Result/Reason/CRNoLF.php	0.00		cached
ok	/site/core/vendor/egulias/email-validator/src/Result/Reason/CharNotAllowed.php	0.00		cached
ok	/site/core/vendor/egulias/email-validator/src/Result/Reason/CommaInDomain.php	0.00		cached
ok	/site/core/vendor/egulias/email-validator/src/Result/Reason/CommentsInIDRight.php	0.00		cached
ok	/site/core/vendor/egulias/email-validator/src/Result/Reason/ConsecutiveAt.php	0.00		cached
ok	/site/core/vendor/egulias/email-validator/src/Result/Reason/ConsecutiveDot.php	0.00		cached
ok	/site/core/vendor/egulias/email-validator/src/Result/Reason/DetailedReason.php	0.00		cached
ok	/site/core/vendor/egulias/email-validator/src/Result/Reason/DomainAcceptsNoMail.php	0.00		cached
ok	/site/core/vendor/egulias/email-validator/src/Result/Reason/DomainHyphened.php	0.00		cached
ok	/site/core/vendor/egulias/email-validator/src/Result/Reason/DomainTooLong.php	0.00		cached
ok	/site/core/vendor/egulias/email-validator/src/Result/Reason/DotAtEnd.php	0.00		cached
ok	/site/core/vendor/egulias/email-validator/src/Result/Reason/DotAtStart.php	0.00		cached
ok	/site/core/vendor/egulias/email-validator/src/Result/Reason/EmptyReason.php	0.00		cached
ok	/site/core/vendor/egulias/email-validator/src/Result/Reason/ExceptionFound.php	0.00		cached
ok	/site/core/vendor/egulias/email-validator/src/Result/Reason/ExpectingATEXT.php	0.00		cached
ok	/site/core/vendor/egulias/email-validator/src/Result/Reason/ExpectingCTEXT.php	0.00		cached
ok	/site/core/vendor/egulias/email-validator/src/Result/Reason/ExpectingDTEXT.php	0.00		cached
ok	/site/core/vendor/egulias/email-validator/src/Result/Reason/ExpectingDomainLiteralClose.php	0.00		cached
ok	/site/core/vendor/egulias/email-validator/src/Result/Reason/LabelTooLong.php	0.00		cached
ok	/site/core/vendor/egulias/email-validator/src/Result/Reason/LocalOrReservedDomain.php	0.00		cached
ok	/site/core/vendor/egulias/email-validator/src/Result/Reason/NoDNSRecord.php	0.00		cached
ok	/site/core/vendor/egulias/email-validator/src/Result/Reason/NoDomainPart.php	0.00		cached
ok	/site/core/vendor/egulias/email-validator/src/Result/Reason/NoLocalPart.php	0.00		cached
ok	/site/core/vendor/egulias/email-validator/src/Result/Reason/RFCWarnings.php	0.00		cached
ok	/site/core/vendor/egulias/email-validator/src/Result/Reason/Reason.php	0.00		cached
ok	/site/core/vendor/egulias/email-validator/src/Result/Reason/SpoofEmail.php	0.00		cached
ok	/site/core/vendor/egulias/email-validator/src/Result/Reason/UnOpenedComment.php	0.00		cached
ok	/site/core/vendor/egulias/email-validator/src/Result/Reason/UnableToGetDNSRecord.php	0.00		cached
ok	/site/core/vendor/egulias/email-validator/src/Result/Reason/UnclosedComment.php	0.00		cached
ok	/site/core/vendor/egulias/email-validator/src/Result/Reason/UnclosedQuotedString.php	0.00		cached
ok	/site/core/vendor/egulias/email-validator/src/Result/Reason/UnusualElements.php	0.00		cached
ok	/site/core/vendor/egulias/email-validator/src/Result/Result.php	0.00		cached
ok	/site/core/vendor/egulias/email-validator/src/Result/SpoofEmail.php	0.00		cached
ok	/site/core/vendor/egulias/email-validator/src/Result/ValidEmail.php	0.00		cached
ok	/site/core/vendor/egulias/email-validator/src/Validation/DNSCheckValidation.php	0.00		cached
ok	/site/core/vendor/egulias/email-validator/src/Validation/DNSGetRecordWrapper.php	0.00		cached
ok	/site/core/vendor/egulias/email-validator/src/Validation/DNSRecords.php	0.00		cached
ok	/site/core/vendor/egulias/email-validator/src/Validation/EmailValidation.php	0.00		cached
ok	/site/core/vendor/egulias/email-validator/src/Validation/Exception/EmptyValidationList.php	0.00		cached
ok	/site/core/vendor/egulias/email-validator/src/Validation/Extra/SpoofCheckValidation.php	0.00		cached
ok	/site/core/vendor/egulias/email-validator/src/Validation/MessageIDValidation.php	0.00		cached
ok	/site/core/vendor/egulias/email-validator/src/Validation/MultipleValidationWithAnd.php	0.00		cached
ok	/site/core/vendor/egulias/email-validator/src/Validation/NoRFCWarningsValidation.php	0.00		cached
ok	/site/core/vendor/egulias/email-validator/src/Validation/RFCValidation.php	0.00		cached
ok	/site/core/vendor/egulias/email-validator/src/Warning/AddressLiteral.php	0.00		cached
ok	/site/core/vendor/egulias/email-validator/src/Warning/CFWSNearAt.php	0.00		cached
ok	/site/core/vendor/egulias/email-validator/src/Warning/CFWSWithFWS.php	0.00		cached
ok	/site/core/vendor/egulias/email-validator/src/Warning/Comment.php	0.00		cached
ok	/site/core/vendor/egulias/email-validator/src/Warning/DeprecatedComment.php	0.00		cached
ok	/site/core/vendor/egulias/email-validator/src/Warning/DomainLiteral.php	0.00		cached
ok	/site/core/vendor/egulias/email-validator/src/Warning/EmailTooLong.php	0.00		cached
ok	/site/core/vendor/egulias/email-validator/src/Warning/IPV6BadChar.php	0.00		cached
ok	/site/core/vendor/egulias/email-validator/src/Warning/IPV6ColonEnd.php	0.00		cached
ok	/site/core/vendor/egulias/email-validator/src/Warning/IPV6ColonStart.php	0.00		cached
ok	/site/core/vendor/egulias/email-validator/src/Warning/IPV6Deprecated.php	0.00		cached
ok	/site/core/vendor/egulias/email-validator/src/Warning/IPV6DoubleColon.php	0.00		cached
ok	/site/core/vendor/egulias/email-validator/src/Warning/IPV6GroupCount.php	0.00		cached
ok	/site/core/vendor/egulias/email-validator/src/Warning/IPV6MaxGroups.php	0.00		cached
ok	/site/core/vendor/egulias/email-validator/src/Warning/LocalTooLong.php	0.00		cached
ok	/site/core/vendor/egulias/email-validator/src/Warning/NoDNSMXRecord.php	0.00		cached
ok	/site/core/vendor/egulias/email-validator/src/Warning/ObsoleteDTEXT.php	0.00		cached
ok	/site/core/vendor/egulias/email-validator/src/Warning/QuotedPart.php	0.00		cached
ok	/site/core/vendor/egulias/email-validator/src/Warning/QuotedString.php	0.00		cached
ok	/site/core/vendor/egulias/email-validator/src/Warning/TLD.php	0.00		cached
ok	/site/core/vendor/egulias/email-validator/src/Warning/Warning.php	0.00		cached
ok	/site/core/vendor/evolutioncms-services/document-manager/src/Facades/DocumentManager.php	0.00		cached
ok	/site/core/vendor/evolutioncms-services/document-manager/src/Interfaces/DocumentServiceInterface.php	0.00		cached
ok	/site/core/vendor/evolutioncms-services/document-manager/src/Providers/DocumentManagerServiceProvider.php	0.00		cached
ok	/site/core/vendor/evolutioncms-services/document-manager/src/Services/DocumentManager.php	0.00		cached
ok	/site/core/vendor/evolutioncms-services/document-manager/src/Services/Documents/DocumentClearCart.php	0.00		cached
ok	/site/core/vendor/evolutioncms-services/document-manager/src/Services/Documents/DocumentCreate.php	0.00		cached
ok	/site/core/vendor/evolutioncms-services/document-manager/src/Services/Documents/DocumentDelete.php	0.00		cached
ok	/site/core/vendor/evolutioncms-services/document-manager/src/Services/Documents/DocumentDuplicate.php	0.00		cached
ok	/site/core/vendor/evolutioncms-services/document-manager/src/Services/Documents/DocumentEdit.php	0.00		cached
ok	/site/core/vendor/evolutioncms-services/document-manager/src/Services/Documents/DocumentPublish.php	0.00		cached
ok	/site/core/vendor/evolutioncms-services/document-manager/src/Services/Documents/DocumentSetGroups.php	0.00		cached
ok	/site/core/vendor/evolutioncms-services/document-manager/src/Services/Documents/DocumentUndelete.php	0.00		cached
ok	/site/core/vendor/evolutioncms-services/document-manager/src/Services/Documents/DocumentUnpublish.php	0.00		cached
ok	/site/core/vendor/evolutioncms-services/user-manager/src/Facades/UserManager.php	0.00		cached
ok	/site/core/vendor/evolutioncms-services/user-manager/src/Interfaces/UserServiceInterface.php	0.00		cached
ok	/site/core/vendor/evolutioncms-services/user-manager/src/Providers/UserManagerServiceProvider.php	0.00		cached
ok	/site/core/vendor/evolutioncms-services/user-manager/src/Services/UserManager.php	0.00		cached
ok	/site/core/vendor/evolutioncms-services/user-manager/src/Services/Users/ExcludeStandardFieldsTrait.php	0.00		cached
ok	/site/core/vendor/evolutioncms-services/user-manager/src/Services/Users/SafelyDestroyUserSessionTrait.php	0.00		cached
ok	/site/core/vendor/evolutioncms-services/user-manager/src/Services/Users/UserChangePassword.php	0.00		cached
ok	/site/core/vendor/evolutioncms-services/user-manager/src/Services/Users/UserClearSettings.php	0.00		cached
ok	/site/core/vendor/evolutioncms-services/user-manager/src/Services/Users/UserDelete.php	0.00		cached
ok	/site/core/vendor/evolutioncms-services/user-manager/src/Services/Users/UserEdit.php	0.00		cached
ok	/site/core/vendor/evolutioncms-services/user-manager/src/Services/Users/UserGeneratePassword.php	0.00		cached
ok	/site/core/vendor/evolutioncms-services/user-manager/src/Services/Users/UserGetValues.php	0.00		cached
ok	/site/core/vendor/evolutioncms-services/user-manager/src/Services/Users/UserGetVerifiedKey.php	0.00		cached
ok	/site/core/vendor/evolutioncms-services/user-manager/src/Services/Users/UserHashChangePassword.php	0.00		cached
ok	/site/core/vendor/evolutioncms-services/user-manager/src/Services/Users/UserHashLogin.php	0.00		cached
ok	/site/core/vendor/evolutioncms-services/user-manager/src/Services/Users/UserLogin.php	0.00		cached
ok	/site/core/vendor/evolutioncms-services/user-manager/src/Services/Users/UserLoginById.php	0.00		cached
ok	/site/core/vendor/evolutioncms-services/user-manager/src/Services/Users/UserLogout.php	0.00		cached
ok	/site/core/vendor/evolutioncms-services/user-manager/src/Services/Users/UserManagerChangePassword.php	0.00		cached
ok	/site/core/vendor/evolutioncms-services/user-manager/src/Services/Users/UserRefreshToken.php	0.00		cached
ok	/site/core/vendor/evolutioncms-services/user-manager/src/Services/Users/UserRegistration.php	0.00		cached
ok	/site/core/vendor/evolutioncms-services/user-manager/src/Services/Users/UserRepairPassword.php	0.00		cached
ok	/site/core/vendor/evolutioncms-services/user-manager/src/Services/Users/UserSaveSettings.php	0.00		cached
ok	/site/core/vendor/evolutioncms-services/user-manager/src/Services/Users/UserSaveValues.php	0.00		cached
ok	/site/core/vendor/evolutioncms-services/user-manager/src/Services/Users/UserSetGroups.php	0.00		cached
ok	/site/core/vendor/evolutioncms-services/user-manager/src/Services/Users/UserSetRole.php	0.00		cached
ok	/site/core/vendor/evolutioncms-services/user-manager/src/Services/Users/UserVerified.php	0.00		cached
ok	/site/core/vendor/fidry/cpu-core-counter/bin/diagnose.php	0.00		cached
ok	/site/core/vendor/fidry/cpu-core-counter/bin/execute.php	0.00		cached
ok	/site/core/vendor/fidry/cpu-core-counter/bin/trace.php	0.00		cached
fail	/site/core/vendor/fidry/cpu-core-counter/src/CpuCoreCounter.php	0.00	/site/core/vendor/fidry/cpu-core-counter/src/CpuCoreCounter.php: parse failed: unexpected token in expression: CloseParen at line 85, column 5	cached
ok	/site/core/vendor/fidry/cpu-core-counter/src/Diagnoser.php	0.00		cached
ok	/site/core/vendor/fidry/cpu-core-counter/src/Executor/ProcOpenExecutor.php	0.00		cached
ok	/site/core/vendor/fidry/cpu-core-counter/src/Executor/ProcessExecutor.php	0.00		cached
ok	/site/core/vendor/fidry/cpu-core-counter/src/Finder/CmiCmdletLogicalFinder.php	0.00		cached
ok	/site/core/vendor/fidry/cpu-core-counter/src/Finder/CmiCmdletPhysicalFinder.php	0.00		cached
ok	/site/core/vendor/fidry/cpu-core-counter/src/Finder/CpuCoreFinder.php	0.00		cached
ok	/site/core/vendor/fidry/cpu-core-counter/src/Finder/CpuInfoFinder.php	0.00		cached
ok	/site/core/vendor/fidry/cpu-core-counter/src/Finder/DummyCpuCoreFinder.php	0.00		cached
ok	/site/core/vendor/fidry/cpu-core-counter/src/Finder/EnvVariableFinder.php	0.00		cached
ok	/site/core/vendor/fidry/cpu-core-counter/src/Finder/FinderRegistry.php	0.00		cached
ok	/site/core/vendor/fidry/cpu-core-counter/src/Finder/HwLogicalFinder.php	0.00		cached
ok	/site/core/vendor/fidry/cpu-core-counter/src/Finder/HwPhysicalFinder.php	0.00		cached
ok	/site/core/vendor/fidry/cpu-core-counter/src/Finder/LscpuLogicalFinder.php	0.00		cached
ok	/site/core/vendor/fidry/cpu-core-counter/src/Finder/LscpuPhysicalFinder.php	0.00		cached
ok	/site/core/vendor/fidry/cpu-core-counter/src/Finder/NProcFinder.php	0.00		cached
ok	/site/core/vendor/fidry/cpu-core-counter/src/Finder/NProcessorFinder.php	0.00		cached
ok	/site/core/vendor/fidry/cpu-core-counter/src/Finder/NullCpuCoreFinder.php	0.00		cached
ok	/site/core/vendor/fidry/cpu-core-counter/src/Finder/OnlyInPowerShellFinder.php	0.00		cached
ok	/site/core/vendor/fidry/cpu-core-counter/src/Finder/OnlyOnOSFamilyFinder.php	0.00		cached
ok	/site/core/vendor/fidry/cpu-core-counter/src/Finder/ProcOpenBasedFinder.php	0.00		cached
ok	/site/core/vendor/fidry/cpu-core-counter/src/Finder/SkipOnOSFamilyFinder.php	0.00		cached
ok	/site/core/vendor/fidry/cpu-core-counter/src/Finder/WindowsRegistryLogicalFinder.php	0.00		cached
ok	/site/core/vendor/fidry/cpu-core-counter/src/Finder/WmicLogicalFinder.php	0.00		cached
ok	/site/core/vendor/fidry/cpu-core-counter/src/Finder/WmicPhysicalFinder.php	0.00		cached
ok	/site/core/vendor/fidry/cpu-core-counter/src/Finder/_NProcessorFinder.php	0.00		cached
ok	/site/core/vendor/fidry/cpu-core-counter/src/NumberOfCpuCoreNotFound.php	0.00		cached
ok	/site/core/vendor/fidry/cpu-core-counter/src/ParallelisationResult.php	0.00		cached
ok	/site/core/vendor/filp/whoops/src/Whoops/Exception/ErrorException.php	0.00		cached
ok	/site/core/vendor/filp/whoops/src/Whoops/Exception/Formatter.php	0.00		cached
ok	/site/core/vendor/filp/whoops/src/Whoops/Exception/Frame.php	0.00		cached
ok	/site/core/vendor/filp/whoops/src/Whoops/Exception/FrameCollection.php	0.00		cached
ok	/site/core/vendor/filp/whoops/src/Whoops/Exception/Inspector.php	0.00		cached
ok	/site/core/vendor/filp/whoops/src/Whoops/Handler/CallbackHandler.php	0.00		cached
ok	/site/core/vendor/filp/whoops/src/Whoops/Handler/Handler.php	0.00		cached
ok	/site/core/vendor/filp/whoops/src/Whoops/Handler/HandlerInterface.php	0.00		cached
ok	/site/core/vendor/filp/whoops/src/Whoops/Handler/JsonResponseHandler.php	0.00		cached
ok	/site/core/vendor/filp/whoops/src/Whoops/Handler/PlainTextHandler.php	0.00		cached
ok	/site/core/vendor/filp/whoops/src/Whoops/Handler/PrettyPageHandler.php	0.00		cached
ok	/site/core/vendor/filp/whoops/src/Whoops/Handler/XmlResponseHandler.php	0.00		cached
ok	/site/core/vendor/filp/whoops/src/Whoops/Inspector/InspectorFactory.php	0.00		cached
ok	/site/core/vendor/filp/whoops/src/Whoops/Inspector/InspectorFactoryInterface.php	0.00		cached
ok	/site/core/vendor/filp/whoops/src/Whoops/Inspector/InspectorInterface.php	0.00		cached
fail	/site/core/vendor/filp/whoops/src/Whoops/Resources/views/env_details.html.php	0.00	/site/core/vendor/filp/whoops/src/Whoops/Resources/views/env_details.html.php: parse failed: expected ';' after echo at line 7, column 82	cached
fail	/site/core/vendor/filp/whoops/src/Whoops/Resources/views/frame_code.html.php	0.00	/site/core/vendor/filp/whoops/src/Whoops/Resources/views/frame_code.html.php: parse failed: expected ';' after echo at line 4, column 75	cached
fail	/site/core/vendor/filp/whoops/src/Whoops/Resources/views/frame_list.html.php	0.00	/site/core/vendor/filp/whoops/src/Whoops/Resources/views/frame_list.html.php: parse failed: expected ';' after echo at line 5, column 58	cached
fail	/site/core/vendor/filp/whoops/src/Whoops/Resources/views/frames_container.html.php	0.00	/site/core/vendor/filp/whoops/src/Whoops/Resources/views/frames_container.html.php: parse failed: expected ';' after echo at line 1, column 115	cached
fail	/site/core/vendor/filp/whoops/src/Whoops/Resources/views/frames_description.html.php	0.00	/site/core/vendor/filp/whoops/src/Whoops/Resources/views/frames_description.html.php: parse failed: expected ';' after echo at line 1, column 100	cached
fail	/site/core/vendor/filp/whoops/src/Whoops/Resources/views/header.html.php	0.00	/site/core/vendor/filp/whoops/src/Whoops/Resources/views/header.html.php: parse failed: expected ';' after echo at line 5, column 79	cached
fail	/site/core/vendor/filp/whoops/src/Whoops/Resources/views/header_outer.html.php	0.00	/site/core/vendor/filp/whoops/src/Whoops/Resources/views/header_outer.html.php: parse failed: expected ';' after expression at line 2, column 31	cached
fail	/site/core/vendor/filp/whoops/src/Whoops/Resources/views/layout.html.php	0.00	/site/core/vendor/filp/whoops/src/Whoops/Resources/views/layout.html.php: parse failed: expected ';' after echo at line 12, column 49	cached
fail	/site/core/vendor/filp/whoops/src/Whoops/Resources/views/panel_details.html.php	0.00	/site/core/vendor/filp/whoops/src/Whoops/Resources/views/panel_details.html.php: parse failed: expected ';' after expression at line 1, column 33	cached
fail	/site/core/vendor/filp/whoops/src/Whoops/Resources/views/panel_details_outer.html.php	0.00	/site/core/vendor/filp/whoops/src/Whoops/Resources/views/panel_details_outer.html.php: parse failed: expected ';' after expression at line 2, column 38	cached
fail	/site/core/vendor/filp/whoops/src/Whoops/Resources/views/panel_left.html.php	0.00	compile failed: MIR.verify: dangling local $tpl read in __main but never defined	cached
fail	/site/core/vendor/filp/whoops/src/Whoops/Resources/views/panel_left_outer.html.php	0.00	/site/core/vendor/filp/whoops/src/Whoops/Resources/views/panel_left_outer.html.php: parse failed: expected ';' after echo at line 1, column 74	cached
ok	/site/core/vendor/filp/whoops/src/Whoops/Run.php	0.00		cached
ok	/site/core/vendor/filp/whoops/src/Whoops/RunInterface.php	0.00		cached
ok	/site/core/vendor/filp/whoops/src/Whoops/Util/HtmlDumperOutput.php	0.00		cached
ok	/site/core/vendor/filp/whoops/src/Whoops/Util/Misc.php	0.00		cached
ok	/site/core/vendor/filp/whoops/src/Whoops/Util/SystemFacade.php	0.00		cached
ok	/site/core/vendor/filp/whoops/src/Whoops/Util/TemplateHelper.php	0.00		cached
ok	/site/core/vendor/fruitcake/php-cors/src/CorsService.php	0.00		cached
ok	/site/core/vendor/fruitcake/php-cors/src/Exceptions/InvalidOptionException.php	0.00		cached
ok	/site/core/vendor/graham-campbell/result-type/src/Error.php	0.00		cached
ok	/site/core/vendor/graham-campbell/result-type/src/Result.php	0.00		cached
ok	/site/core/vendor/graham-campbell/result-type/src/Success.php	0.00		cached
ok	/site/core/vendor/guzzlehttp/guzzle/src/BodySummarizer.php	0.00		cached
ok	/site/core/vendor/guzzlehttp/guzzle/src/BodySummarizerInterface.php	0.00		cached
ok	/site/core/vendor/guzzlehttp/guzzle/src/Client.php	0.00		cached
ok	/site/core/vendor/guzzlehttp/guzzle/src/ClientInterface.php	0.00		cached
ok	/site/core/vendor/guzzlehttp/guzzle/src/ClientTrait.php	0.00		cached
ok	/site/core/vendor/guzzlehttp/guzzle/src/Cookie/CookieJar.php	0.00		cached
ok	/site/core/vendor/guzzlehttp/guzzle/src/Cookie/CookieJarInterface.php	0.00		cached
ok	/site/core/vendor/guzzlehttp/guzzle/src/Cookie/FileCookieJar.php	0.00		cached
ok	/site/core/vendor/guzzlehttp/guzzle/src/Cookie/SessionCookieJar.php	0.00		cached
ok	/site/core/vendor/guzzlehttp/guzzle/src/Cookie/SetCookie.php	0.00		cached
ok	/site/core/vendor/guzzlehttp/guzzle/src/Exception/BadResponseException.php	0.00		cached
ok	/site/core/vendor/guzzlehttp/guzzle/src/Exception/ClientException.php	0.00		cached
ok	/site/core/vendor/guzzlehttp/guzzle/src/Exception/ConnectException.php	0.00		cached
ok	/site/core/vendor/guzzlehttp/guzzle/src/Exception/GuzzleException.php	0.00		cached
ok	/site/core/vendor/guzzlehttp/guzzle/src/Exception/InvalidArgumentException.php	0.00		cached
ok	/site/core/vendor/guzzlehttp/guzzle/src/Exception/RequestException.php	0.00		cached
ok	/site/core/vendor/guzzlehttp/guzzle/src/Exception/ServerException.php	0.00		cached
ok	/site/core/vendor/guzzlehttp/guzzle/src/Exception/TooManyRedirectsException.php	0.00		cached
ok	/site/core/vendor/guzzlehttp/guzzle/src/Exception/TransferException.php	0.00		cached
ok	/site/core/vendor/guzzlehttp/guzzle/src/Handler/CurlFactory.php	0.00		cached
ok	/site/core/vendor/guzzlehttp/guzzle/src/Handler/CurlFactoryInterface.php	0.00		cached
ok	/site/core/vendor/guzzlehttp/guzzle/src/Handler/CurlHandler.php	0.00		cached
ok	/site/core/vendor/guzzlehttp/guzzle/src/Handler/CurlMultiHandler.php	0.00		cached
ok	/site/core/vendor/guzzlehttp/guzzle/src/Handler/CurlShareHandleState.php	0.00		cached
ok	/site/core/vendor/guzzlehttp/guzzle/src/Handler/CurlVersion.php	0.00		cached
ok	/site/core/vendor/guzzlehttp/guzzle/src/Handler/EasyHandle.php	0.00		cached
ok	/site/core/vendor/guzzlehttp/guzzle/src/Handler/HeaderProcessor.php	0.00		cached
ok	/site/core/vendor/guzzlehttp/guzzle/src/Handler/HostValidator.php	0.00		cached
ok	/site/core/vendor/guzzlehttp/guzzle/src/Handler/MockHandler.php	0.00		cached
ok	/site/core/vendor/guzzlehttp/guzzle/src/Handler/Proxy.php	0.00		cached
ok	/site/core/vendor/guzzlehttp/guzzle/src/Handler/ProxyEnvironment.php	0.00		cached
ok	/site/core/vendor/guzzlehttp/guzzle/src/Handler/StreamHandler.php	0.00		cached
ok	/site/core/vendor/guzzlehttp/guzzle/src/Handler/TlsVersion.php	0.00		cached
ok	/site/core/vendor/guzzlehttp/guzzle/src/HandlerStack.php	0.00		cached
ok	/site/core/vendor/guzzlehttp/guzzle/src/MessageFormatter.php	0.00		cached
ok	/site/core/vendor/guzzlehttp/guzzle/src/MessageFormatterInterface.php	0.00		cached
ok	/site/core/vendor/guzzlehttp/guzzle/src/Middleware.php	0.00		cached
ok	/site/core/vendor/guzzlehttp/guzzle/src/Multiplexing.php	0.00		cached
ok	/site/core/vendor/guzzlehttp/guzzle/src/Pool.php	0.00		cached
ok	/site/core/vendor/guzzlehttp/guzzle/src/PrepareBodyMiddleware.php	0.00		cached
ok	/site/core/vendor/guzzlehttp/guzzle/src/RedirectMiddleware.php	0.00		cached
ok	/site/core/vendor/guzzlehttp/guzzle/src/RequestOptions.php	0.00		cached
ok	/site/core/vendor/guzzlehttp/guzzle/src/RetryMiddleware.php	0.00		cached
ok	/site/core/vendor/guzzlehttp/guzzle/src/TransferStats.php	0.00		cached
ok	/site/core/vendor/guzzlehttp/guzzle/src/TransportSharing.php	0.00		cached
ok	/site/core/vendor/guzzlehttp/guzzle/src/Utils.php	0.00		cached
ok	/site/core/vendor/guzzlehttp/guzzle/src/functions.php	0.00		cached
ok	/site/core/vendor/guzzlehttp/guzzle/src/functions_include.php	0.00		cached
ok	/site/core/vendor/guzzlehttp/promises/src/AggregateException.php	0.00		cached
ok	/site/core/vendor/guzzlehttp/promises/src/CancellationException.php	0.00		cached
ok	/site/core/vendor/guzzlehttp/promises/src/Coroutine.php	0.00		cached
ok	/site/core/vendor/guzzlehttp/promises/src/Create.php	0.00		cached
ok	/site/core/vendor/guzzlehttp/promises/src/Each.php	0.00		cached
ok	/site/core/vendor/guzzlehttp/promises/src/EachPromise.php	0.00		cached
ok	/site/core/vendor/guzzlehttp/promises/src/FulfilledPromise.php	0.00		cached
ok	/site/core/vendor/guzzlehttp/promises/src/Is.php	0.00		cached
ok	/site/core/vendor/guzzlehttp/promises/src/Promise.php	0.00		cached
ok	/site/core/vendor/guzzlehttp/promises/src/PromiseInterface.php	0.00		cached
ok	/site/core/vendor/guzzlehttp/promises/src/PromisorInterface.php	0.00		cached
ok	/site/core/vendor/guzzlehttp/promises/src/RejectedPromise.php	0.00		cached
ok	/site/core/vendor/guzzlehttp/promises/src/RejectionException.php	0.00		cached
ok	/site/core/vendor/guzzlehttp/promises/src/TaskQueue.php	0.00		cached
ok	/site/core/vendor/guzzlehttp/promises/src/TaskQueueInterface.php	0.00		cached
ok	/site/core/vendor/guzzlehttp/promises/src/Utils.php	0.00		cached
ok	/site/core/vendor/guzzlehttp/psr7/src/AppendStream.php	0.00		cached
ok	/site/core/vendor/guzzlehttp/psr7/src/BufferStream.php	0.00		cached
ok	/site/core/vendor/guzzlehttp/psr7/src/CachingStream.php	0.00		cached
ok	/site/core/vendor/guzzlehttp/psr7/src/DroppingStream.php	0.00		cached
ok	/site/core/vendor/guzzlehttp/psr7/src/Exception/MalformedUriException.php	0.00		cached
ok	/site/core/vendor/guzzlehttp/psr7/src/FnStream.php	0.00		cached
ok	/site/core/vendor/guzzlehttp/psr7/src/Header.php	0.00		cached
ok	/site/core/vendor/guzzlehttp/psr7/src/HttpFactory.php	0.00		cached
ok	/site/core/vendor/guzzlehttp/psr7/src/InflateStream.php	0.00		cached
ok	/site/core/vendor/guzzlehttp/psr7/src/LazyOpenStream.php	0.00		cached
ok	/site/core/vendor/guzzlehttp/psr7/src/LimitStream.php	0.00		cached
ok	/site/core/vendor/guzzlehttp/psr7/src/Message.php	0.00		cached
ok	/site/core/vendor/guzzlehttp/psr7/src/MessageTrait.php	0.00		cached
ok	/site/core/vendor/guzzlehttp/psr7/src/MimeType.php	0.00		cached
fail	/site/core/vendor/guzzlehttp/psr7/src/MultipartStream.php	0.00	line 209: error: GuzzleHttp\Psr7\MultipartStream__createElement(): argument 1 to GuzzleHttp\Psr7\MultipartStream::getHeader() — array KEY repr conflict — a string-keyed array read as int-keyed walks the key as the wrong type (assoc[string, string] given, vec[string] expected)	cached
ok	/site/core/vendor/guzzlehttp/psr7/src/NoSeekStream.php	0.00		cached
ok	/site/core/vendor/guzzlehttp/psr7/src/PumpStream.php	0.00		cached
ok	/site/core/vendor/guzzlehttp/psr7/src/Query.php	0.00		cached
ok	/site/core/vendor/guzzlehttp/psr7/src/Request.php	0.00		cached
ok	/site/core/vendor/guzzlehttp/psr7/src/Response.php	0.00		cached
ok	/site/core/vendor/guzzlehttp/psr7/src/Rfc3986.php	0.00		cached
ok	/site/core/vendor/guzzlehttp/psr7/src/Rfc7230.php	0.00		cached
ok	/site/core/vendor/guzzlehttp/psr7/src/ServerRequest.php	0.00		cached
ok	/site/core/vendor/guzzlehttp/psr7/src/Stream.php	0.00		cached
ok	/site/core/vendor/guzzlehttp/psr7/src/StreamDecoratorTrait.php	0.00		cached
ok	/site/core/vendor/guzzlehttp/psr7/src/StreamWrapper.php	0.00		cached
ok	/site/core/vendor/guzzlehttp/psr7/src/UploadedFile.php	0.00		cached
ok	/site/core/vendor/guzzlehttp/psr7/src/Uri.php	0.00		cached
ok	/site/core/vendor/guzzlehttp/psr7/src/UriComparator.php	0.00		cached
ok	/site/core/vendor/guzzlehttp/psr7/src/UriNormalizer.php	0.00		cached
ok	/site/core/vendor/guzzlehttp/psr7/src/UriResolver.php	0.00		cached
ok	/site/core/vendor/guzzlehttp/psr7/src/Utils.php	0.00		cached
ok	/site/core/vendor/guzzlehttp/uri-template/src/UriTemplate.php	0.00		cached
ok	/site/core/vendor/hamcrest/hamcrest-php/generator/FactoryCall.php	0.00		cached
ok	/site/core/vendor/hamcrest/hamcrest-php/generator/FactoryClass.php	0.00		cached
ok	/site/core/vendor/hamcrest/hamcrest-php/generator/FactoryFile.php	0.00		cached
ok	/site/core/vendor/hamcrest/hamcrest-php/generator/FactoryGenerator.php	0.00		cached
ok	/site/core/vendor/hamcrest/hamcrest-php/generator/FactoryMethod.php	0.00		cached
ok	/site/core/vendor/hamcrest/hamcrest-php/generator/FactoryParameter.php	0.00		cached
ok	/site/core/vendor/hamcrest/hamcrest-php/generator/GlobalFunctionFile.php	0.00		cached
ok	/site/core/vendor/hamcrest/hamcrest-php/generator/StaticMethodFile.php	0.00		cached
ok	/site/core/vendor/hamcrest/hamcrest-php/generator/run.php	0.00		cached
ok	/site/core/vendor/hamcrest/hamcrest-php/hamcrest/Hamcrest.php	0.00		cached
ok	/site/core/vendor/hamcrest/hamcrest-php/hamcrest/Hamcrest/Arrays/IsArray.php	0.00		cached
ok	/site/core/vendor/hamcrest/hamcrest-php/hamcrest/Hamcrest/Arrays/IsArrayContaining.php	0.00		cached
ok	/site/core/vendor/hamcrest/hamcrest-php/hamcrest/Hamcrest/Arrays/IsArrayContainingInAnyOrder.php	0.00		cached
ok	/site/core/vendor/hamcrest/hamcrest-php/hamcrest/Hamcrest/Arrays/IsArrayContainingInOrder.php	0.00		cached
ok	/site/core/vendor/hamcrest/hamcrest-php/hamcrest/Hamcrest/Arrays/IsArrayContainingKey.php	0.00		cached
ok	/site/core/vendor/hamcrest/hamcrest-php/hamcrest/Hamcrest/Arrays/IsArrayContainingKeyValuePair.php	0.00		cached
ok	/site/core/vendor/hamcrest/hamcrest-php/hamcrest/Hamcrest/Arrays/IsArrayWithSize.php	0.00		cached
ok	/site/core/vendor/hamcrest/hamcrest-php/hamcrest/Hamcrest/Arrays/MatchingOnce.php	0.00		cached
ok	/site/core/vendor/hamcrest/hamcrest-php/hamcrest/Hamcrest/Arrays/SeriesMatchingOnce.php	0.00		cached
ok	/site/core/vendor/hamcrest/hamcrest-php/hamcrest/Hamcrest/AssertionError.php	0.00		cached
ok	/site/core/vendor/hamcrest/hamcrest-php/hamcrest/Hamcrest/BaseDescription.php	0.00		cached
ok	/site/core/vendor/hamcrest/hamcrest-php/hamcrest/Hamcrest/BaseMatcher.php	0.00		cached
ok	/site/core/vendor/hamcrest/hamcrest-php/hamcrest/Hamcrest/Collection/IsEmptyTraversable.php	0.00		cached
ok	/site/core/vendor/hamcrest/hamcrest-php/hamcrest/Hamcrest/Collection/IsTraversableWithSize.php	0.00		cached
ok	/site/core/vendor/hamcrest/hamcrest-php/hamcrest/Hamcrest/Core/AllOf.php	0.00		cached
ok	/site/core/vendor/hamcrest/hamcrest-php/hamcrest/Hamcrest/Core/AnyOf.php	0.00		cached
ok	/site/core/vendor/hamcrest/hamcrest-php/hamcrest/Hamcrest/Core/CombinableMatcher.php	0.00		cached
ok	/site/core/vendor/hamcrest/hamcrest-php/hamcrest/Hamcrest/Core/DescribedAs.php	0.00		cached
ok	/site/core/vendor/hamcrest/hamcrest-php/hamcrest/Hamcrest/Core/Every.php	0.00		cached
ok	/site/core/vendor/hamcrest/hamcrest-php/hamcrest/Hamcrest/Core/HasToString.php	0.00		cached
ok	/site/core/vendor/hamcrest/hamcrest-php/hamcrest/Hamcrest/Core/Is.php	0.00		cached
ok	/site/core/vendor/hamcrest/hamcrest-php/hamcrest/Hamcrest/Core/IsAnything.php	0.00		cached
ok	/site/core/vendor/hamcrest/hamcrest-php/hamcrest/Hamcrest/Core/IsCollectionContaining.php	0.00		cached
ok	/site/core/vendor/hamcrest/hamcrest-php/hamcrest/Hamcrest/Core/IsEqual.php	0.00		cached
ok	/site/core/vendor/hamcrest/hamcrest-php/hamcrest/Hamcrest/Core/IsIdentical.php	0.00		cached
ok	/site/core/vendor/hamcrest/hamcrest-php/hamcrest/Hamcrest/Core/IsInstanceOf.php	0.00		cached
ok	/site/core/vendor/hamcrest/hamcrest-php/hamcrest/Hamcrest/Core/IsNot.php	0.00		cached
ok	/site/core/vendor/hamcrest/hamcrest-php/hamcrest/Hamcrest/Core/IsNull.php	0.00		cached
ok	/site/core/vendor/hamcrest/hamcrest-php/hamcrest/Hamcrest/Core/IsSame.php	0.00		cached
ok	/site/core/vendor/hamcrest/hamcrest-php/hamcrest/Hamcrest/Core/IsTypeOf.php	0.00		cached
fail	/site/core/vendor/hamcrest/hamcrest-php/hamcrest/Hamcrest/Core/Set.php	0.00	compile failed: lazy body /site/core/vendor/hamcrest/hamcrest-php/hamcrest/Hamcrest/Core/Set.php:41 [{         if ($item === null) {             return false;         }         $property = $this->_property;         if (is]: expected ')' after arguments at line 51, column 37	cached
ok	/site/core/vendor/hamcrest/hamcrest-php/hamcrest/Hamcrest/Core/ShortcutCombination.php	0.00		cached
ok	/site/core/vendor/hamcrest/hamcrest-php/hamcrest/Hamcrest/Description.php	0.00		cached
ok	/site/core/vendor/hamcrest/hamcrest-php/hamcrest/Hamcrest/DiagnosingMatcher.php	0.00		cached
ok	/site/core/vendor/hamcrest/hamcrest-php/hamcrest/Hamcrest/FeatureMatcher.php	0.00		cached
ok	/site/core/vendor/hamcrest/hamcrest-php/hamcrest/Hamcrest/Internal/SelfDescribingValue.php	0.00		cached
ok	/site/core/vendor/hamcrest/hamcrest-php/hamcrest/Hamcrest/Matcher.php	0.00		cached
ok	/site/core/vendor/hamcrest/hamcrest-php/hamcrest/Hamcrest/MatcherAssert.php	0.00		cached
ok	/site/core/vendor/hamcrest/hamcrest-php/hamcrest/Hamcrest/Matchers.php	0.00		cached
ok	/site/core/vendor/hamcrest/hamcrest-php/hamcrest/Hamcrest/NullDescription.php	0.00		cached
ok	/site/core/vendor/hamcrest/hamcrest-php/hamcrest/Hamcrest/Number/IsCloseTo.php	0.00		cached
ok	/site/core/vendor/hamcrest/hamcrest-php/hamcrest/Hamcrest/Number/OrderingComparison.php	0.00		cached
ok	/site/core/vendor/hamcrest/hamcrest-php/hamcrest/Hamcrest/SelfDescribing.php	0.00		cached
ok	/site/core/vendor/hamcrest/hamcrest-php/hamcrest/Hamcrest/StringDescription.php	0.00		cached
ok	/site/core/vendor/hamcrest/hamcrest-php/hamcrest/Hamcrest/Text/IsEmptyString.php	0.00		cached
ok	/site/core/vendor/hamcrest/hamcrest-php/hamcrest/Hamcrest/Text/IsEqualIgnoringCase.php	0.00		cached
ok	/site/core/vendor/hamcrest/hamcrest-php/hamcrest/Hamcrest/Text/IsEqualIgnoringWhiteSpace.php	0.00		cached
ok	/site/core/vendor/hamcrest/hamcrest-php/hamcrest/Hamcrest/Text/MatchesPattern.php	0.00		cached
ok	/site/core/vendor/hamcrest/hamcrest-php/hamcrest/Hamcrest/Text/StringContains.php	0.00		cached
ok	/site/core/vendor/hamcrest/hamcrest-php/hamcrest/Hamcrest/Text/StringContainsIgnoringCase.php	0.00		cached
ok	/site/core/vendor/hamcrest/hamcrest-php/hamcrest/Hamcrest/Text/StringContainsInOrder.php	0.00		cached
ok	/site/core/vendor/hamcrest/hamcrest-php/hamcrest/Hamcrest/Text/StringEndsWith.php	0.00		cached
ok	/site/core/vendor/hamcrest/hamcrest-php/hamcrest/Hamcrest/Text/StringStartsWith.php	0.00		cached
ok	/site/core/vendor/hamcrest/hamcrest-php/hamcrest/Hamcrest/Text/SubstringMatcher.php	0.00		cached
ok	/site/core/vendor/hamcrest/hamcrest-php/hamcrest/Hamcrest/Type/IsArray.php	0.00		cached
ok	/site/core/vendor/hamcrest/hamcrest-php/hamcrest/Hamcrest/Type/IsBoolean.php	0.00		cached
ok	/site/core/vendor/hamcrest/hamcrest-php/hamcrest/Hamcrest/Type/IsCallable.php	0.00		cached
ok	/site/core/vendor/hamcrest/hamcrest-php/hamcrest/Hamcrest/Type/IsDouble.php	0.00		cached
ok	/site/core/vendor/hamcrest/hamcrest-php/hamcrest/Hamcrest/Type/IsInteger.php	0.00		cached
ok	/site/core/vendor/hamcrest/hamcrest-php/hamcrest/Hamcrest/Type/IsNumeric.php	0.00		cached
ok	/site/core/vendor/hamcrest/hamcrest-php/hamcrest/Hamcrest/Type/IsObject.php	0.00		cached
ok	/site/core/vendor/hamcrest/hamcrest-php/hamcrest/Hamcrest/Type/IsResource.php	0.00		cached
ok	/site/core/vendor/hamcrest/hamcrest-php/hamcrest/Hamcrest/Type/IsScalar.php	0.00		cached
ok	/site/core/vendor/hamcrest/hamcrest-php/hamcrest/Hamcrest/Type/IsString.php	0.00		cached
ok	/site/core/vendor/hamcrest/hamcrest-php/hamcrest/Hamcrest/TypeSafeDiagnosingMatcher.php	0.00		cached
ok	/site/core/vendor/hamcrest/hamcrest-php/hamcrest/Hamcrest/TypeSafeMatcher.php	0.00		cached
ok	/site/core/vendor/hamcrest/hamcrest-php/hamcrest/Hamcrest/Util.php	0.00		cached
ok	/site/core/vendor/hamcrest/hamcrest-php/hamcrest/Hamcrest/Xml/HasXPath.php	0.00		cached
ok	/site/core/vendor/illuminate/bus/Batch.php	0.00		cached
ok	/site/core/vendor/illuminate/bus/BatchFactory.php	0.00		cached
ok	/site/core/vendor/illuminate/bus/BatchRepository.php	0.00		cached
ok	/site/core/vendor/illuminate/bus/Batchable.php	0.00		cached
ok	/site/core/vendor/illuminate/bus/BusServiceProvider.php	0.00		cached
ok	/site/core/vendor/illuminate/bus/ChainedBatch.php	0.00		cached
ok	/site/core/vendor/illuminate/bus/DatabaseBatchRepository.php	0.00		cached
ok	/site/core/vendor/illuminate/bus/Dispatcher.php	0.00		cached
ok	/site/core/vendor/illuminate/bus/DynamoBatchRepository.php	0.00		cached
ok	/site/core/vendor/illuminate/bus/Events/BatchCanceled.php	0.00		cached
ok	/site/core/vendor/illuminate/bus/Events/BatchDispatched.php	0.00		cached
ok	/site/core/vendor/illuminate/bus/Events/BatchFinished.php	0.00		cached
ok	/site/core/vendor/illuminate/bus/PendingBatch.php	0.00		cached
ok	/site/core/vendor/illuminate/bus/PrunableBatchRepository.php	0.00		cached
ok	/site/core/vendor/illuminate/bus/Queueable.php	0.00		cached
ok	/site/core/vendor/illuminate/bus/UniqueLock.php	0.00		cached
ok	/site/core/vendor/illuminate/bus/UpdatedBatchJobCounts.php	0.00		cached
ok	/site/core/vendor/illuminate/cache/ApcStore.php	0.00		cached
ok	/site/core/vendor/illuminate/cache/ApcWrapper.php	0.00		cached
ok	/site/core/vendor/illuminate/cache/ArrayLock.php	0.00		cached
ok	/site/core/vendor/illuminate/cache/ArrayStore.php	0.00		cached
ok	/site/core/vendor/illuminate/cache/CacheLock.php	0.00		cached
ok	/site/core/vendor/illuminate/cache/CacheManager.php	0.00		cached
ok	/site/core/vendor/illuminate/cache/CacheServiceProvider.php	0.00		cached
ok	/site/core/vendor/illuminate/cache/Console/CacheTableCommand.php	0.00		cached
ok	/site/core/vendor/illuminate/cache/Console/ClearCommand.php	0.00		cached
ok	/site/core/vendor/illuminate/cache/Console/ForgetCommand.php	0.00		cached
ok	/site/core/vendor/illuminate/cache/Console/PruneStaleTagsCommand.php	0.00		cached
ok	/site/core/vendor/illuminate/cache/DatabaseLock.php	0.00		cached
ok	/site/core/vendor/illuminate/cache/DatabaseStore.php	0.00		cached
ok	/site/core/vendor/illuminate/cache/DynamoDbLock.php	0.00		cached
ok	/site/core/vendor/illuminate/cache/DynamoDbStore.php	0.00		cached
ok	/site/core/vendor/illuminate/cache/Events/CacheEvent.php	0.00		cached
ok	/site/core/vendor/illuminate/cache/Events/CacheFailedOver.php	0.00		cached
ok	/site/core/vendor/illuminate/cache/Events/CacheFlushFailed.php	0.00		cached
ok	/site/core/vendor/illuminate/cache/Events/CacheFlushed.php	0.00		cached
ok	/site/core/vendor/illuminate/cache/Events/CacheFlushing.php	0.00		cached
ok	/site/core/vendor/illuminate/cache/Events/CacheHit.php	0.00		cached
ok	/site/core/vendor/illuminate/cache/Events/CacheMissed.php	0.00		cached
ok	/site/core/vendor/illuminate/cache/Events/ForgettingKey.php	0.00		cached
ok	/site/core/vendor/illuminate/cache/Events/KeyForgetFailed.php	0.00		cached
ok	/site/core/vendor/illuminate/cache/Events/KeyForgotten.php	0.00		cached
ok	/site/core/vendor/illuminate/cache/Events/KeyWriteFailed.php	0.00		cached
ok	/site/core/vendor/illuminate/cache/Events/KeyWritten.php	0.00		cached
ok	/site/core/vendor/illuminate/cache/Events/RetrievingKey.php	0.00		cached
ok	/site/core/vendor/illuminate/cache/Events/RetrievingManyKeys.php	0.00		cached
ok	/site/core/vendor/illuminate/cache/Events/WritingKey.php	0.00		cached
ok	/site/core/vendor/illuminate/cache/Events/WritingManyKeys.php	0.00		cached
ok	/site/core/vendor/illuminate/cache/FailoverStore.php	0.00		cached
ok	/site/core/vendor/illuminate/cache/FileLock.php	0.00		cached
ok	/site/core/vendor/illuminate/cache/FileStore.php	0.00		cached
ok	/site/core/vendor/illuminate/cache/HasCacheLock.php	0.00		cached
ok	/site/core/vendor/illuminate/cache/Limiters/ConcurrencyLimiter.php	0.00		cached
ok	/site/core/vendor/illuminate/cache/Limiters/ConcurrencyLimiterBuilder.php	0.00		cached
ok	/site/core/vendor/illuminate/cache/Limiters/LimiterTimeoutException.php	0.00		cached
ok	/site/core/vendor/illuminate/cache/Lock.php	0.00		cached
ok	/site/core/vendor/illuminate/cache/LuaScripts.php	0.00		cached
ok	/site/core/vendor/illuminate/cache/MemcachedConnector.php	0.00		cached
ok	/site/core/vendor/illuminate/cache/MemcachedLock.php	0.00		cached
ok	/site/core/vendor/illuminate/cache/MemcachedStore.php	0.00		cached
ok	/site/core/vendor/illuminate/cache/MemoizedStore.php	0.00		cached
ok	/site/core/vendor/illuminate/cache/NoLock.php	0.00		cached
ok	/site/core/vendor/illuminate/cache/NullStore.php	0.00		cached
ok	/site/core/vendor/illuminate/cache/PhpRedisLock.php	0.00		cached
ok	/site/core/vendor/illuminate/cache/RateLimiter.php	0.00		cached
ok	/site/core/vendor/illuminate/cache/RateLimiting/GlobalLimit.php	0.00		cached
ok	/site/core/vendor/illuminate/cache/RateLimiting/Limit.php	0.00		cached
ok	/site/core/vendor/illuminate/cache/RateLimiting/Unlimited.php	0.00		cached
ok	/site/core/vendor/illuminate/cache/RedisLock.php	0.00		cached
ok	/site/core/vendor/illuminate/cache/RedisStore.php	0.00		cached
ok	/site/core/vendor/illuminate/cache/RedisTagSet.php	0.00		cached
ok	/site/core/vendor/illuminate/cache/RedisTaggedCache.php	0.00		cached
ok	/site/core/vendor/illuminate/cache/Repository.php	0.00		cached
ok	/site/core/vendor/illuminate/cache/RetrievesMultipleKeys.php	0.00		cached
ok	/site/core/vendor/illuminate/cache/SessionStore.php	0.00		cached
ok	/site/core/vendor/illuminate/cache/TagSet.php	0.00		cached
ok	/site/core/vendor/illuminate/cache/TaggableStore.php	0.00		cached
ok	/site/core/vendor/illuminate/cache/TaggedCache.php	0.00		cached
ok	/site/core/vendor/illuminate/collections/Arr.php	0.00		cached
ok	/site/core/vendor/illuminate/collections/Collection.php	0.00		cached
ok	/site/core/vendor/illuminate/collections/Enumerable.php	0.00		cached
fail	/site/core/vendor/illuminate/collections/HigherOrderCollectionProxy.php	0.00	compile failed: lazy body /site/core/vendor/illuminate/collections/HigherOrderCollectionProxy.php:62 [{         return $this->collection->{$this->method}(function ($value) use ($method, $parameters) {             return is]: expected ':' in ternary at line 65, column 28	cached
ok	/site/core/vendor/illuminate/collections/ItemNotFoundException.php	0.00		cached
fail	/site/core/vendor/illuminate/collections/LazyCollection.php	0.00	compile failed: Illuminate\Support\LazyCollection::crossJoin() has #[\Override] attribute, but no matching parent method exists at line 311	cached
ok	/site/core/vendor/illuminate/collections/MultipleItemsFoundException.php	0.00		cached
ok	/site/core/vendor/illuminate/collections/Traits/EnumeratesValues.php	0.00		cached
ok	/site/core/vendor/illuminate/collections/Traits/TransformsToResourceCollection.php	0.00		cached
ok	/site/core/vendor/illuminate/collections/functions.php	0.00		cached
ok	/site/core/vendor/illuminate/collections/helpers.php	0.00		cached
ok	/site/core/vendor/illuminate/conditionable/HigherOrderWhenProxy.php	0.00		cached
ok	/site/core/vendor/illuminate/conditionable/Traits/Conditionable.php	0.00		cached
ok	/site/core/vendor/illuminate/config/Repository.php	0.00		cached
fail	/site/core/vendor/illuminate/console/Application.php	0.00	compile failed: Illuminate\Console\Application::addCommands() has #[\Override] attribute, but no matching parent method exists at line 219	cached
fail	/site/core/vendor/illuminate/console/BufferedConsoleOutput.php	0.00	compile failed: Illuminate\Console\BufferedConsoleOutput::doWrite() has #[\Override] attribute, but no matching parent method exists at line 32	cached
ok	/site/core/vendor/illuminate/console/CacheCommandMutex.php	0.00		cached
fail	/site/core/vendor/illuminate/console/Command.php	0.00	compile failed: Illuminate\Console\Command::run() has #[\Override] attribute, but no matching parent method exists at line 169	cached
ok	/site/core/vendor/illuminate/console/CommandMutex.php	0.00		cached
ok	/site/core/vendor/illuminate/console/Concerns/CallsCommands.php	0.00		cached
ok	/site/core/vendor/illuminate/console/Concerns/ConfiguresPrompts.php	0.00		cached
ok	/site/core/vendor/illuminate/console/Concerns/CreatesMatchingTest.php	0.00		cached
ok	/site/core/vendor/illuminate/console/Concerns/FindsAvailableModels.php	0.00		cached
ok	/site/core/vendor/illuminate/console/Concerns/HasParameters.php	0.00		cached
ok	/site/core/vendor/illuminate/console/Concerns/InteractsWithIO.php	0.00		cached
ok	/site/core/vendor/illuminate/console/Concerns/InteractsWithSignals.php	0.00		cached
ok	/site/core/vendor/illuminate/console/Concerns/PromptsForMissingInput.php	0.00		cached
ok	/site/core/vendor/illuminate/console/ConfirmableTrait.php	0.00		cached
ok	/site/core/vendor/illuminate/console/ContainerCommandLoader.php	0.00		cached
ok	/site/core/vendor/illuminate/console/Contracts/NewLineAware.php	0.00		cached
ok	/site/core/vendor/illuminate/console/Events/ArtisanStarting.php	0.00		cached
ok	/site/core/vendor/illuminate/console/Events/CommandFinished.php	0.00		cached
ok	/site/core/vendor/illuminate/console/Events/CommandStarting.php	0.00		cached
ok	/site/core/vendor/illuminate/console/Events/ScheduledBackgroundTaskFinished.php	0.00		cached
ok	/site/core/vendor/illuminate/console/Events/ScheduledTaskFailed.php	0.00		cached
ok	/site/core/vendor/illuminate/console/Events/ScheduledTaskFinished.php	0.00		cached
ok	/site/core/vendor/illuminate/console/Events/ScheduledTaskSkipped.php	0.00		cached
ok	/site/core/vendor/illuminate/console/Events/ScheduledTaskStarting.php	0.00		cached
ok	/site/core/vendor/illuminate/console/GeneratorCommand.php	0.00		cached
ok	/site/core/vendor/illuminate/console/ManuallyFailedException.php	0.00		cached
ok	/site/core/vendor/illuminate/console/MigrationGeneratorCommand.php	0.00		cached
fail	/site/core/vendor/illuminate/console/OutputStyle.php	0.00	compile failed: Illuminate\Console\OutputStyle::askQuestion() has #[\Override] attribute, but no matching parent method exists at line 55	cached
ok	/site/core/vendor/illuminate/console/Parser.php	0.00		cached
ok	/site/core/vendor/illuminate/console/Prohibitable.php	0.00		cached
ok	/site/core/vendor/illuminate/console/PromptValidationException.php	0.00		cached
fail	/site/core/vendor/illuminate/console/QuestionHelper.php	0.00	compile failed: Illuminate\Console\QuestionHelper::writePrompt() has #[\Override] attribute, but no matching parent method exists at line 22	cached
ok	/site/core/vendor/illuminate/console/Scheduling/CacheAware.php	0.00		cached
ok	/site/core/vendor/illuminate/console/Scheduling/CacheEventMutex.php	0.00		cached
ok	/site/core/vendor/illuminate/console/Scheduling/CacheSchedulingMutex.php	0.00		cached
ok	/site/core/vendor/illuminate/console/Scheduling/CallbackEvent.php	0.00		cached
ok	/site/core/vendor/illuminate/console/Scheduling/CommandBuilder.php	0.00		cached
ok	/site/core/vendor/illuminate/console/Scheduling/CronExpressionTimezoneConverter.php	0.00		cached
ok	/site/core/vendor/illuminate/console/Scheduling/Event.php	0.00		cached
ok	/site/core/vendor/illuminate/console/Scheduling/EventMutex.php	0.00		cached
ok	/site/core/vendor/illuminate/console/Scheduling/ManagesAttributes.php	0.00		cached
ok	/site/core/vendor/illuminate/console/Scheduling/ManagesFrequencies.php	0.00		cached
ok	/site/core/vendor/illuminate/console/Scheduling/PendingEventAttributes.php	0.00		cached
ok	/site/core/vendor/illuminate/console/Scheduling/Schedule.php	0.00		cached
ok	/site/core/vendor/illuminate/console/Scheduling/ScheduleClearCacheCommand.php	0.00		cached
ok	/site/core/vendor/illuminate/console/Scheduling/ScheduleFinishCommand.php	0.00		cached
ok	/site/core/vendor/illuminate/console/Scheduling/ScheduleInterruptCommand.php	0.00		cached
ok	/site/core/vendor/illuminate/console/Scheduling/ScheduleListCommand.php	0.00		cached
ok	/site/core/vendor/illuminate/console/Scheduling/ScheduleRunCommand.php	0.00		cached
ok	/site/core/vendor/illuminate/console/Scheduling/ScheduleTestCommand.php	0.00		cached
ok	/site/core/vendor/illuminate/console/Scheduling/ScheduleWorkCommand.php	0.00		cached
ok	/site/core/vendor/illuminate/console/Scheduling/SchedulingMutex.php	0.00		cached
ok	/site/core/vendor/illuminate/console/Signals.php	0.00		cached
ok	/site/core/vendor/illuminate/console/View/Components/Alert.php	0.00		cached
ok	/site/core/vendor/illuminate/console/View/Components/Ask.php	0.00		cached
ok	/site/core/vendor/illuminate/console/View/Components/AskWithCompletion.php	0.00		cached
ok	/site/core/vendor/illuminate/console/View/Components/BulletList.php	0.00		cached
ok	/site/core/vendor/illuminate/console/View/Components/Choice.php	0.00		cached
ok	/site/core/vendor/illuminate/console/View/Components/Component.php	0.00		cached
ok	/site/core/vendor/illuminate/console/View/Components/Confirm.php	0.00		cached
ok	/site/core/vendor/illuminate/console/View/Components/Error.php	0.00		cached
ok	/site/core/vendor/illuminate/console/View/Components/Factory.php	0.00		cached
ok	/site/core/vendor/illuminate/console/View/Components/Info.php	0.00		cached
ok	/site/core/vendor/illuminate/console/View/Components/Line.php	0.00		cached
ok	/site/core/vendor/illuminate/console/View/Components/Mutators/EnsureDynamicContentIsHighlighted.php	0.00		cached
ok	/site/core/vendor/illuminate/console/View/Components/Mutators/EnsureNoPunctuation.php	0.00		cached
ok	/site/core/vendor/illuminate/console/View/Components/Mutators/EnsurePunctuation.php	0.00		cached
ok	/site/core/vendor/illuminate/console/View/Components/Mutators/EnsureRelativePaths.php	0.00		cached
ok	/site/core/vendor/illuminate/console/View/Components/Secret.php	0.00		cached
ok	/site/core/vendor/illuminate/console/View/Components/Success.php	0.00		cached
ok	/site/core/vendor/illuminate/console/View/Components/Task.php	0.00		cached
ok	/site/core/vendor/illuminate/console/View/Components/TwoColumnDetail.php	0.00		cached
ok	/site/core/vendor/illuminate/console/View/Components/Warn.php	0.00		cached
ok	/site/core/vendor/illuminate/console/View/TaskResult.php	0.00		cached
fail	/site/core/vendor/illuminate/console/resources/views/components/alert.php	0.00	/site/core/vendor/illuminate/console/resources/views/components/alert.php: parse failed: expected ';' after echo at line 2, column 43	cached
fail	/site/core/vendor/illuminate/console/resources/views/components/bullet-list.php	0.00	/site/core/vendor/illuminate/console/resources/views/components/bullet-list.php: parse failed: expected ';' after echo at line 4, column 55	cached
fail	/site/core/vendor/illuminate/console/resources/views/components/line.php	0.00	/site/core/vendor/illuminate/console/resources/views/components/line.php: parse failed: expected ';' after echo at line 1, column 48	cached
fail	/site/core/vendor/illuminate/console/resources/views/components/two-column-detail.php	0.00	/site/core/vendor/illuminate/console/resources/views/components/two-column-detail.php: parse failed: expected ';' after echo at line 3, column 45	cached
ok	/site/core/vendor/illuminate/container/Attributes/Auth.php	0.00		cached
ok	/site/core/vendor/illuminate/container/Attributes/Authenticated.php	0.00		cached
ok	/site/core/vendor/illuminate/container/Attributes/Bind.php	0.00		cached
ok	/site/core/vendor/illuminate/container/Attributes/Cache.php	0.00		cached
ok	/site/core/vendor/illuminate/container/Attributes/Config.php	0.00		cached
ok	/site/core/vendor/illuminate/container/Attributes/Context.php	0.00		cached
ok	/site/core/vendor/illuminate/container/Attributes/CurrentUser.php	0.00		cached
ok	/site/core/vendor/illuminate/container/Attributes/DB.php	0.00		cached
ok	/site/core/vendor/illuminate/container/Attributes/Database.php	0.00		cached
ok	/site/core/vendor/illuminate/container/Attributes/Give.php	0.00		cached
ok	/site/core/vendor/illuminate/container/Attributes/Log.php	0.00		cached
ok	/site/core/vendor/illuminate/container/Attributes/RouteParameter.php	0.00		cached
ok	/site/core/vendor/illuminate/container/Attributes/Scoped.php	0.00		cached
ok	/site/core/vendor/illuminate/container/Attributes/Singleton.php	0.00		cached
ok	/site/core/vendor/illuminate/container/Attributes/Storage.php	0.00		cached
ok	/site/core/vendor/illuminate/container/Attributes/Tag.php	0.00		cached
ok	/site/core/vendor/illuminate/container/BoundMethod.php	0.00		cached
ok	/site/core/vendor/illuminate/container/Container.php	0.00		cached
ok	/site/core/vendor/illuminate/container/ContextualBindingBuilder.php	0.00		cached
ok	/site/core/vendor/illuminate/container/EntryNotFoundException.php	0.00		cached
ok	/site/core/vendor/illuminate/container/RewindableGenerator.php	0.00		cached
ok	/site/core/vendor/illuminate/container/Util.php	0.00		cached
ok	/site/core/vendor/illuminate/contracts/Auth/Access/Authorizable.php	0.00		cached
ok	/site/core/vendor/illuminate/contracts/Auth/Access/Gate.php	0.00		cached
ok	/site/core/vendor/illuminate/contracts/Auth/Authenticatable.php	0.00		cached
ok	/site/core/vendor/illuminate/contracts/Auth/CanResetPassword.php	0.00		cached
ok	/site/core/vendor/illuminate/contracts/Auth/Factory.php	0.00		cached
ok	/site/core/vendor/illuminate/contracts/Auth/Guard.php	0.00		cached
ok	/site/core/vendor/illuminate/contracts/Auth/Middleware/AuthenticatesRequests.php	0.00		cached
ok	/site/core/vendor/illuminate/contracts/Auth/MustVerifyEmail.php	0.00		cached
ok	/site/core/vendor/illuminate/contracts/Auth/PasswordBroker.php	0.00		cached
ok	/site/core/vendor/illuminate/contracts/Auth/PasswordBrokerFactory.php	0.00		cached
ok	/site/core/vendor/illuminate/contracts/Auth/StatefulGuard.php	0.00		cached
ok	/site/core/vendor/illuminate/contracts/Auth/SupportsBasicAuth.php	0.00		cached
ok	/site/core/vendor/illuminate/contracts/Auth/UserProvider.php	0.00		cached
ok	/site/core/vendor/illuminate/contracts/Broadcasting/Broadcaster.php	0.00		cached
ok	/site/core/vendor/illuminate/contracts/Broadcasting/Factory.php	0.00		cached
ok	/site/core/vendor/illuminate/contracts/Broadcasting/HasBroadcastChannel.php	0.00		cached
ok	/site/core/vendor/illuminate/contracts/Broadcasting/ShouldBeUnique.php	0.00		cached
ok	/site/core/vendor/illuminate/contracts/Broadcasting/ShouldBroadcast.php	0.00		cached
ok	/site/core/vendor/illuminate/contracts/Broadcasting/ShouldBroadcastNow.php	0.00		cached
ok	/site/core/vendor/illuminate/contracts/Broadcasting/ShouldRescue.php	0.00		cached
ok	/site/core/vendor/illuminate/contracts/Bus/Dispatcher.php	0.00		cached
ok	/site/core/vendor/illuminate/contracts/Bus/QueueingDispatcher.php	0.00		cached
ok	/site/core/vendor/illuminate/contracts/Cache/Factory.php	0.00		cached
ok	/site/core/vendor/illuminate/contracts/Cache/Lock.php	0.00		cached
ok	/site/core/vendor/illuminate/contracts/Cache/LockProvider.php	0.00		cached
ok	/site/core/vendor/illuminate/contracts/Cache/LockTimeoutException.php	0.00		cached
ok	/site/core/vendor/illuminate/contracts/Cache/Repository.php	0.00		cached
ok	/site/core/vendor/illuminate/contracts/Cache/Store.php	0.00		cached
ok	/site/core/vendor/illuminate/contracts/Concurrency/Driver.php	0.00		cached
ok	/site/core/vendor/illuminate/contracts/Config/Repository.php	0.00		cached
ok	/site/core/vendor/illuminate/contracts/Console/Application.php	0.00		cached
ok	/site/core/vendor/illuminate/contracts/Console/Isolatable.php	0.00		cached
ok	/site/core/vendor/illuminate/contracts/Console/Kernel.php	0.00		cached
ok	/site/core/vendor/illuminate/contracts/Console/PromptsForMissingInput.php	0.00		cached
ok	/site/core/vendor/illuminate/contracts/Container/BindingResolutionException.php	0.00		cached
ok	/site/core/vendor/illuminate/contracts/Container/CircularDependencyException.php	0.00		cached
ok	/site/core/vendor/illuminate/contracts/Container/Container.php	0.00		cached
ok	/site/core/vendor/illuminate/contracts/Container/ContextualAttribute.php	0.00		cached
ok	/site/core/vendor/illuminate/contracts/Container/ContextualBindingBuilder.php	0.00		cached
ok	/site/core/vendor/illuminate/contracts/Container/SelfBuilding.php	0.00		cached
ok	/site/core/vendor/illuminate/contracts/Cookie/Factory.php	0.00		cached
ok	/site/core/vendor/illuminate/contracts/Cookie/QueueingFactory.php	0.00		cached
ok	/site/core/vendor/illuminate/contracts/Database/ConcurrencyErrorDetector.php	0.00		cached
ok	/site/core/vendor/illuminate/contracts/Database/Eloquent/Builder.php	0.00		cached
ok	/site/core/vendor/illuminate/contracts/Database/Eloquent/Castable.php	0.00		cached
ok	/site/core/vendor/illuminate/contracts/Database/Eloquent/CastsAttributes.php	0.00		cached
ok	/site/core/vendor/illuminate/contracts/Database/Eloquent/CastsInboundAttributes.php	0.00		cached
ok	/site/core/vendor/illuminate/contracts/Database/Eloquent/ComparesCastableAttributes.php	0.00		cached
ok	/site/core/vendor/illuminate/contracts/Database/Eloquent/DeviatesCastableAttributes.php	0.00		cached
ok	/site/core/vendor/illuminate/contracts/Database/Eloquent/SerializesCastableAttributes.php	0.00		cached
ok	/site/core/vendor/illuminate/contracts/Database/Eloquent/SupportsPartialRelations.php	0.00		cached
ok	/site/core/vendor/illuminate/contracts/Database/Events/MigrationEvent.php	0.00		cached
ok	/site/core/vendor/illuminate/contracts/Database/LostConnectionDetector.php	0.00		cached
ok	/site/core/vendor/illuminate/contracts/Database/ModelIdentifier.php	0.00		cached
ok	/site/core/vendor/illuminate/contracts/Database/Query/Builder.php	0.00		cached
ok	/site/core/vendor/illuminate/contracts/Database/Query/ConditionExpression.php	0.00		cached
ok	/site/core/vendor/illuminate/contracts/Database/Query/Expression.php	0.00		cached
ok	/site/core/vendor/illuminate/contracts/Debug/ExceptionHandler.php	0.00		cached
ok	/site/core/vendor/illuminate/contracts/Debug/ShouldntReport.php	0.00		cached
ok	/site/core/vendor/illuminate/contracts/Encryption/DecryptException.php	0.00		cached
ok	/site/core/vendor/illuminate/contracts/Encryption/EncryptException.php	0.00		cached
ok	/site/core/vendor/illuminate/contracts/Encryption/Encrypter.php	0.00		cached
ok	/site/core/vendor/illuminate/contracts/Encryption/StringEncrypter.php	0.00		cached
ok	/site/core/vendor/illuminate/contracts/Events/Dispatcher.php	0.00		cached
ok	/site/core/vendor/illuminate/contracts/Events/ShouldDispatchAfterCommit.php	0.00		cached
ok	/site/core/vendor/illuminate/contracts/Events/ShouldHandleEventsAfterCommit.php	0.00		cached
ok	/site/core/vendor/illuminate/contracts/Filesystem/Cloud.php	0.00		cached
ok	/site/core/vendor/illuminate/contracts/Filesystem/Factory.php	0.00		cached
ok	/site/core/vendor/illuminate/contracts/Filesystem/FileNotFoundException.php	0.00		cached
ok	/site/core/vendor/illuminate/contracts/Filesystem/Filesystem.php	0.00		cached
ok	/site/core/vendor/illuminate/contracts/Filesystem/LockTimeoutException.php	0.00		cached
ok	/site/core/vendor/illuminate/contracts/Foundation/Application.php	0.00		cached
ok	/site/core/vendor/illuminate/contracts/Foundation/CachesConfiguration.php	0.00		cached
ok	/site/core/vendor/illuminate/contracts/Foundation/CachesRoutes.php	0.00		cached
ok	/site/core/vendor/illuminate/contracts/Foundation/ExceptionRenderer.php	0.00		cached
ok	/site/core/vendor/illuminate/contracts/Foundation/MaintenanceMode.php	0.00		cached
ok	/site/core/vendor/illuminate/contracts/Hashing/Hasher.php	0.00		cached
ok	/site/core/vendor/illuminate/contracts/Http/Kernel.php	0.00		cached
ok	/site/core/vendor/illuminate/contracts/JsonSchema/JsonSchema.php	0.00		cached
ok	/site/core/vendor/illuminate/contracts/Log/ContextLogProcessor.php	0.00		cached
ok	/site/core/vendor/illuminate/contracts/Mail/Attachable.php	0.00		cached
ok	/site/core/vendor/illuminate/contracts/Mail/Factory.php	0.00		cached
ok	/site/core/vendor/illuminate/contracts/Mail/MailQueue.php	0.00		cached
ok	/site/core/vendor/illuminate/contracts/Mail/Mailable.php	0.00		cached
ok	/site/core/vendor/illuminate/contracts/Mail/Mailer.php	0.00		cached
ok	/site/core/vendor/illuminate/contracts/Notifications/Dispatcher.php	0.00		cached
ok	/site/core/vendor/illuminate/contracts/Notifications/Factory.php	0.00		cached
ok	/site/core/vendor/illuminate/contracts/Pagination/CursorPaginator.php	0.00		cached
ok	/site/core/vendor/illuminate/contracts/Pagination/LengthAwarePaginator.php	0.00		cached
ok	/site/core/vendor/illuminate/contracts/Pagination/Paginator.php	0.00		cached
ok	/site/core/vendor/illuminate/contracts/Pipeline/Hub.php	0.00		cached
ok	/site/core/vendor/illuminate/contracts/Pipeline/Pipeline.php	0.00		cached
ok	/site/core/vendor/illuminate/contracts/Process/InvokedProcess.php	0.00		cached
ok	/site/core/vendor/illuminate/contracts/Process/ProcessResult.php	0.00		cached
ok	/site/core/vendor/illuminate/contracts/Queue/ClearableQueue.php	0.00		cached
ok	/site/core/vendor/illuminate/contracts/Queue/EntityNotFoundException.php	0.00		cached
ok	/site/core/vendor/illuminate/contracts/Queue/EntityResolver.php	0.00		cached
ok	/site/core/vendor/illuminate/contracts/Queue/Factory.php	0.00		cached
ok	/site/core/vendor/illuminate/contracts/Queue/Job.php	0.00		cached
ok	/site/core/vendor/illuminate/contracts/Queue/Monitor.php	0.00		cached
ok	/site/core/vendor/illuminate/contracts/Queue/Queue.php	0.00		cached
ok	/site/core/vendor/illuminate/contracts/Queue/QueueableCollection.php	0.00		cached
ok	/site/core/vendor/illuminate/contracts/Queue/QueueableEntity.php	0.00		cached
ok	/site/core/vendor/illuminate/contracts/Queue/ShouldBeEncrypted.php	0.00		cached
ok	/site/core/vendor/illuminate/contracts/Queue/ShouldBeUnique.php	0.00		cached
ok	/site/core/vendor/illuminate/contracts/Queue/ShouldBeUniqueUntilProcessing.php	0.00		cached
ok	/site/core/vendor/illuminate/contracts/Queue/ShouldQueue.php	0.00		cached
ok	/site/core/vendor/illuminate/contracts/Queue/ShouldQueueAfterCommit.php	0.00		cached
ok	/site/core/vendor/illuminate/contracts/Redis/Connection.php	0.00		cached
ok	/site/core/vendor/illuminate/contracts/Redis/Connector.php	0.00		cached
ok	/site/core/vendor/illuminate/contracts/Redis/Factory.php	0.00		cached
ok	/site/core/vendor/illuminate/contracts/Redis/LimiterTimeoutException.php	0.00		cached
ok	/site/core/vendor/illuminate/contracts/Routing/BindingRegistrar.php	0.00		cached
ok	/site/core/vendor/illuminate/contracts/Routing/Registrar.php	0.00		cached
ok	/site/core/vendor/illuminate/contracts/Routing/ResponseFactory.php	0.00		cached
ok	/site/core/vendor/illuminate/contracts/Routing/UrlGenerator.php	0.00		cached
ok	/site/core/vendor/illuminate/contracts/Routing/UrlRoutable.php	0.00		cached
ok	/site/core/vendor/illuminate/contracts/Session/Middleware/AuthenticatesSessions.php	0.00		cached
ok	/site/core/vendor/illuminate/contracts/Session/Session.php	0.00		cached
ok	/site/core/vendor/illuminate/contracts/Support/Arrayable.php	0.00		cached
ok	/site/core/vendor/illuminate/contracts/Support/CanBeEscapedWhenCastToString.php	0.00		cached
ok	/site/core/vendor/illuminate/contracts/Support/DeferrableProvider.php	0.00		cached
ok	/site/core/vendor/illuminate/contracts/Support/DeferringDisplayableValue.php	0.00		cached
ok	/site/core/vendor/illuminate/contracts/Support/HasOnceHash.php	0.00		cached
ok	/site/core/vendor/illuminate/contracts/Support/Htmlable.php	0.00		cached
ok	/site/core/vendor/illuminate/contracts/Support/Jsonable.php	0.00		cached
ok	/site/core/vendor/illuminate/contracts/Support/MessageBag.php	0.00		cached
ok	/site/core/vendor/illuminate/contracts/Support/MessageProvider.php	0.00		cached
ok	/site/core/vendor/illuminate/contracts/Support/Renderable.php	0.00		cached
ok	/site/core/vendor/illuminate/contracts/Support/Responsable.php	0.00		cached
ok	/site/core/vendor/illuminate/contracts/Support/ValidatedData.php	0.00		cached
ok	/site/core/vendor/illuminate/contracts/Translation/HasLocalePreference.php	0.00		cached
ok	/site/core/vendor/illuminate/contracts/Translation/Loader.php	0.00		cached
ok	/site/core/vendor/illuminate/contracts/Translation/Translator.php	0.00		cached
ok	/site/core/vendor/illuminate/contracts/Validation/CompilableRules.php	0.00		cached
ok	/site/core/vendor/illuminate/contracts/Validation/DataAwareRule.php	0.00		cached
ok	/site/core/vendor/illuminate/contracts/Validation/Factory.php	0.00		cached
ok	/site/core/vendor/illuminate/contracts/Validation/ImplicitRule.php	0.00		cached
ok	/site/core/vendor/illuminate/contracts/Validation/InvokableRule.php	0.00		cached
ok	/site/core/vendor/illuminate/contracts/Validation/Rule.php	0.00		cached
ok	/site/core/vendor/illuminate/contracts/Validation/UncompromisedVerifier.php	0.00		cached
ok	/site/core/vendor/illuminate/contracts/Validation/ValidatesWhenResolved.php	0.00		cached
ok	/site/core/vendor/illuminate/contracts/Validation/ValidationRule.php	0.00		cached
ok	/site/core/vendor/illuminate/contracts/Validation/Validator.php	0.00		cached
ok	/site/core/vendor/illuminate/contracts/Validation/ValidatorAwareRule.php	0.00		cached
ok	/site/core/vendor/illuminate/contracts/View/Engine.php	0.00		cached
ok	/site/core/vendor/illuminate/contracts/View/Factory.php	0.00		cached
ok	/site/core/vendor/illuminate/contracts/View/View.php	0.00		cached
ok	/site/core/vendor/illuminate/contracts/View/ViewCompilationException.php	0.00		cached
ok	/site/core/vendor/illuminate/database/Capsule/Manager.php	0.00		cached
ok	/site/core/vendor/illuminate/database/ClassMorphViolationException.php	0.00		cached
ok	/site/core/vendor/illuminate/database/Concerns/BuildsQueries.php	0.00		cached
ok	/site/core/vendor/illuminate/database/Concerns/BuildsWhereDateClauses.php	0.00		cached
ok	/site/core/vendor/illuminate/database/Concerns/CompilesJsonPaths.php	0.00		cached
ok	/site/core/vendor/illuminate/database/Concerns/ExplainsQueries.php	0.00		cached
ok	/site/core/vendor/illuminate/database/Concerns/ManagesTransactions.php	0.00		cached
ok	/site/core/vendor/illuminate/database/Concerns/ParsesSearchPath.php	0.00		cached
ok	/site/core/vendor/illuminate/database/ConcurrencyErrorDetector.php	0.00		cached
ok	/site/core/vendor/illuminate/database/ConfigurationUrlParser.php	0.00		cached
ok	/site/core/vendor/illuminate/database/Connection.php	0.00		cached
ok	/site/core/vendor/illuminate/database/ConnectionInterface.php	0.00		cached
ok	/site/core/vendor/illuminate/database/ConnectionResolver.php	0.00		cached
ok	/site/core/vendor/illuminate/database/ConnectionResolverInterface.php	0.00		cached
ok	/site/core/vendor/illuminate/database/Connectors/ConnectionFactory.php	0.00		cached
ok	/site/core/vendor/illuminate/database/Connectors/Connector.php	0.00		cached
ok	/site/core/vendor/illuminate/database/Connectors/ConnectorInterface.php	0.00		cached
ok	/site/core/vendor/illuminate/database/Connectors/MariaDbConnector.php	0.00		cached
ok	/site/core/vendor/illuminate/database/Connectors/MySqlConnector.php	0.00		cached
fail	/site/core/vendor/illuminate/database/Connectors/PostgresConnector.php	0.00	compile failed: MIR.verify: dangling local $connect_via_database read in Illuminate\Database\Connectors\PostgresConnector__getDsn but never defined	cached
ok	/site/core/vendor/illuminate/database/Connectors/SQLiteConnector.php	0.00		cached
ok	/site/core/vendor/illuminate/database/Connectors/SqlServerConnector.php	0.00		cached
ok	/site/core/vendor/illuminate/database/Console/DatabaseInspectionCommand.php	0.00		cached
ok	/site/core/vendor/illuminate/database/Console/DbCommand.php	0.00		cached
ok	/site/core/vendor/illuminate/database/Console/DumpCommand.php	0.00		cached
ok	/site/core/vendor/illuminate/database/Console/Factories/FactoryMakeCommand.php	0.00		cached
ok	/site/core/vendor/illuminate/database/Console/Migrations/BaseCommand.php	0.00		cached
ok	/site/core/vendor/illuminate/database/Console/Migrations/FreshCommand.php	0.00		cached
ok	/site/core/vendor/illuminate/database/Console/Migrations/InstallCommand.php	0.00		cached
ok	/site/core/vendor/illuminate/database/Console/Migrations/MigrateCommand.php	0.00		cached
ok	/site/core/vendor/illuminate/database/Console/Migrations/MigrateMakeCommand.php	0.00		cached
ok	/site/core/vendor/illuminate/database/Console/Migrations/RefreshCommand.php	0.00		cached
ok	/site/core/vendor/illuminate/database/Console/Migrations/ResetCommand.php	0.00		cached
ok	/site/core/vendor/illuminate/database/Console/Migrations/RollbackCommand.php	0.00		cached
ok	/site/core/vendor/illuminate/database/Console/Migrations/StatusCommand.php	0.00		cached
ok	/site/core/vendor/illuminate/database/Console/Migrations/TableGuesser.php	0.00		cached
ok	/site/core/vendor/illuminate/database/Console/MonitorCommand.php	0.00		cached
ok	/site/core/vendor/illuminate/database/Console/PruneCommand.php	0.00		cached
ok	/site/core/vendor/illuminate/database/Console/Seeds/SeedCommand.php	0.00		cached
ok	/site/core/vendor/illuminate/database/Console/Seeds/SeederMakeCommand.php	0.00		cached
ok	/site/core/vendor/illuminate/database/Console/Seeds/WithoutModelEvents.php	0.00		cached
ok	/site/core/vendor/illuminate/database/Console/ShowCommand.php	0.00		cached
ok	/site/core/vendor/illuminate/database/Console/ShowModelCommand.php	0.00		cached
ok	/site/core/vendor/illuminate/database/Console/TableCommand.php	0.00		cached
ok	/site/core/vendor/illuminate/database/Console/WipeCommand.php	0.00		cached
ok	/site/core/vendor/illuminate/database/DatabaseManager.php	0.00		cached
ok	/site/core/vendor/illuminate/database/DatabaseServiceProvider.php	0.00		cached
ok	/site/core/vendor/illuminate/database/DatabaseTransactionRecord.php	0.00		cached
ok	/site/core/vendor/illuminate/database/DatabaseTransactionsManager.php	0.00		cached
ok	/site/core/vendor/illuminate/database/DeadlockException.php	0.00		cached
ok	/site/core/vendor/illuminate/database/DetectsConcurrencyErrors.php	0.00		cached
ok	/site/core/vendor/illuminate/database/DetectsLostConnections.php	0.00		cached
ok	/site/core/vendor/illuminate/database/Eloquent/Attributes/Boot.php	0.00		cached
ok	/site/core/vendor/illuminate/database/Eloquent/Attributes/CollectedBy.php	0.00		cached
ok	/site/core/vendor/illuminate/database/Eloquent/Attributes/Initialize.php	0.00		cached
ok	/site/core/vendor/illuminate/database/Eloquent/Attributes/ObservedBy.php	0.00		cached
ok	/site/core/vendor/illuminate/database/Eloquent/Attributes/Scope.php	0.00		cached
ok	/site/core/vendor/illuminate/database/Eloquent/Attributes/ScopedBy.php	0.00		cached
ok	/site/core/vendor/illuminate/database/Eloquent/Attributes/UseEloquentBuilder.php	0.00		cached
ok	/site/core/vendor/illuminate/database/Eloquent/Attributes/UseFactory.php	0.00		cached
ok	/site/core/vendor/illuminate/database/Eloquent/Attributes/UsePolicy.php	0.00		cached
ok	/site/core/vendor/illuminate/database/Eloquent/Attributes/UseResource.php	0.00		cached
ok	/site/core/vendor/illuminate/database/Eloquent/Attributes/UseResourceCollection.php	0.00		cached
ok	/site/core/vendor/illuminate/database/Eloquent/BroadcastableModelEventOccurred.php	0.00		cached
ok	/site/core/vendor/illuminate/database/Eloquent/BroadcastsEvents.php	0.00		cached
ok	/site/core/vendor/illuminate/database/Eloquent/BroadcastsEventsAfterCommit.php	0.00		cached
ok	/site/core/vendor/illuminate/database/Eloquent/Builder.php	0.00		cached
ok	/site/core/vendor/illuminate/database/Eloquent/Casts/ArrayObject.php	0.00		cached
ok	/site/core/vendor/illuminate/database/Eloquent/Casts/AsArrayObject.php	0.00		cached
ok	/site/core/vendor/illuminate/database/Eloquent/Casts/AsBinary.php	0.00		cached
ok	/site/core/vendor/illuminate/database/Eloquent/Casts/AsCollection.php	0.00		cached
ok	/site/core/vendor/illuminate/database/Eloquent/Casts/AsEncryptedArrayObject.php	0.00		cached
ok	/site/core/vendor/illuminate/database/Eloquent/Casts/AsEncryptedCollection.php	0.00		cached
ok	/site/core/vendor/illuminate/database/Eloquent/Casts/AsEnumArrayObject.php	0.00		cached
ok	/site/core/vendor/illuminate/database/Eloquent/Casts/AsEnumCollection.php	0.00		cached
ok	/site/core/vendor/illuminate/database/Eloquent/Casts/AsFluent.php	0.00		cached
ok	/site/core/vendor/illuminate/database/Eloquent/Casts/AsHtmlString.php	0.00		cached
ok	/site/core/vendor/illuminate/database/Eloquent/Casts/AsStringable.php	0.00		cached
ok	/site/core/vendor/illuminate/database/Eloquent/Casts/AsUri.php	0.00		cached
ok	/site/core/vendor/illuminate/database/Eloquent/Casts/Attribute.php	0.00		cached
ok	/site/core/vendor/illuminate/database/Eloquent/Casts/Json.php	0.00		cached
fail	/site/core/vendor/illuminate/database/Eloquent/Collection.php	0.00	compile failed: Illuminate\Database\Eloquent\Collection::countBy() has #[\Override] attribute, but no matching parent method exists at line 699	cached
ok	/site/core/vendor/illuminate/database/Eloquent/Concerns/GuardsAttributes.php	0.00		cached
ok	/site/core/vendor/illuminate/database/Eloquent/Concerns/HasAttributes.php	0.00		cached
ok	/site/core/vendor/illuminate/database/Eloquent/Concerns/HasEvents.php	0.00		cached
ok	/site/core/vendor/illuminate/database/Eloquent/Concerns/HasGlobalScopes.php	0.00		cached
ok	/site/core/vendor/illuminate/database/Eloquent/Concerns/HasRelationships.php	0.00		cached
ok	/site/core/vendor/illuminate/database/Eloquent/Concerns/HasTimestamps.php	0.00		cached
ok	/site/core/vendor/illuminate/database/Eloquent/Concerns/HasUlids.php	0.00		cached
ok	/site/core/vendor/illuminate/database/Eloquent/Concerns/HasUniqueIds.php	0.00		cached
ok	/site/core/vendor/illuminate/database/Eloquent/Concerns/HasUniqueStringIds.php	0.00		cached
ok	/site/core/vendor/illuminate/database/Eloquent/Concerns/HasUuids.php	0.00		cached
ok	/site/core/vendor/illuminate/database/Eloquent/Concerns/HasVersion4Uuids.php	0.00		cached
ok	/site/core/vendor/illuminate/database/Eloquent/Concerns/HidesAttributes.php	0.00		cached
ok	/site/core/vendor/illuminate/database/Eloquent/Concerns/PreventsCircularRecursion.php	0.00		cached
ok	/site/core/vendor/illuminate/database/Eloquent/Concerns/QueriesRelationships.php	0.00		cached
ok	/site/core/vendor/illuminate/database/Eloquent/Concerns/TransformsToResource.php	0.00		cached
ok	/site/core/vendor/illuminate/database/Eloquent/Factories/BelongsToManyRelationship.php	0.00		cached
ok	/site/core/vendor/illuminate/database/Eloquent/Factories/BelongsToRelationship.php	0.00		cached
ok	/site/core/vendor/illuminate/database/Eloquent/Factories/CrossJoinSequence.php	0.00		cached
ok	/site/core/vendor/illuminate/database/Eloquent/Factories/Factory.php	0.00		cached
ok	/site/core/vendor/illuminate/database/Eloquent/Factories/HasFactory.php	0.00		cached
ok	/site/core/vendor/illuminate/database/Eloquent/Factories/Relationship.php	0.00		cached
ok	/site/core/vendor/illuminate/database/Eloquent/Factories/Sequence.php	0.00		cached
ok	/site/core/vendor/illuminate/database/Eloquent/HasBuilder.php	0.00		cached
ok	/site/core/vendor/illuminate/database/Eloquent/HasCollection.php	0.00		cached
ok	/site/core/vendor/illuminate/database/Eloquent/HigherOrderBuilderProxy.php	0.00		cached
ok	/site/core/vendor/illuminate/database/Eloquent/InvalidCastException.php	0.00		cached
ok	/site/core/vendor/illuminate/database/Eloquent/JsonEncodingException.php	0.00		cached
ok	/site/core/vendor/illuminate/database/Eloquent/MassAssignmentException.php	0.00		cached
ok	/site/core/vendor/illuminate/database/Eloquent/MassPrunable.php	0.00		cached
ok	/site/core/vendor/illuminate/database/Eloquent/MissingAttributeException.php	0.00		cached
ok	/site/core/vendor/illuminate/database/Eloquent/Model.php	0.00		cached
ok	/site/core/vendor/illuminate/database/Eloquent/ModelInspector.php	0.00		cached
ok	/site/core/vendor/illuminate/database/Eloquent/ModelNotFoundException.php	0.00		cached
ok	/site/core/vendor/illuminate/database/Eloquent/PendingHasThroughRelationship.php	0.00		cached
ok	/site/core/vendor/illuminate/database/Eloquent/Prunable.php	0.00		cached
ok	/site/core/vendor/illuminate/database/Eloquent/QueueEntityResolver.php	0.00		cached
ok	/site/core/vendor/illuminate/database/Eloquent/RelationNotFoundException.php	0.00		cached
ok	/site/core/vendor/illuminate/database/Eloquent/Relations/BelongsTo.php	0.00		cached
ok	/site/core/vendor/illuminate/database/Eloquent/Relations/BelongsToMany.php	0.00		cached
ok	/site/core/vendor/illuminate/database/Eloquent/Relations/Concerns/AsPivot.php	0.00		cached
ok	/site/core/vendor/illuminate/database/Eloquent/Relations/Concerns/CanBeOneOfMany.php	0.00		cached
ok	/site/core/vendor/illuminate/database/Eloquent/Relations/Concerns/ComparesRelatedModels.php	0.00		cached
ok	/site/core/vendor/illuminate/database/Eloquent/Relations/Concerns/InteractsWithDictionary.php	0.00		cached
ok	/site/core/vendor/illuminate/database/Eloquent/Relations/Concerns/InteractsWithPivotTable.php	0.00		cached
ok	/site/core/vendor/illuminate/database/Eloquent/Relations/Concerns/SupportsDefaultModels.php	0.00		cached
ok	/site/core/vendor/illuminate/database/Eloquent/Relations/Concerns/SupportsInverseRelations.php	0.00		cached
ok	/site/core/vendor/illuminate/database/Eloquent/Relations/HasMany.php	0.00		cached
ok	/site/core/vendor/illuminate/database/Eloquent/Relations/HasManyThrough.php	0.00		cached
ok	/site/core/vendor/illuminate/database/Eloquent/Relations/HasOne.php	0.00		cached
ok	/site/core/vendor/illuminate/database/Eloquent/Relations/HasOneOrMany.php	0.00		cached
ok	/site/core/vendor/illuminate/database/Eloquent/Relations/HasOneOrManyThrough.php	0.00		cached
ok	/site/core/vendor/illuminate/database/Eloquent/Relations/HasOneThrough.php	0.00		cached
ok	/site/core/vendor/illuminate/database/Eloquent/Relations/MorphMany.php	0.00		cached
ok	/site/core/vendor/illuminate/database/Eloquent/Relations/MorphOne.php	0.00		cached
ok	/site/core/vendor/illuminate/database/Eloquent/Relations/MorphOneOrMany.php	0.00		cached
ok	/site/core/vendor/illuminate/database/Eloquent/Relations/MorphPivot.php	0.00		cached
fail	/site/core/vendor/illuminate/database/Eloquent/Relations/MorphTo.php	0.00	compile failed: Illuminate\Database\Eloquent\Relations\MorphTo::addEagerConstraints() has #[\Override] attribute, but no matching parent method exists at line 97	cached
ok	/site/core/vendor/illuminate/database/Eloquent/Relations/MorphToMany.php	0.00		cached
ok	/site/core/vendor/illuminate/database/Eloquent/Relations/Pivot.php	0.00		cached
ok	/site/core/vendor/illuminate/database/Eloquent/Relations/Relation.php	0.00		cached
ok	/site/core/vendor/illuminate/database/Eloquent/Scope.php	0.00		cached
ok	/site/core/vendor/illuminate/database/Eloquent/SoftDeletes.php	0.00		cached
ok	/site/core/vendor/illuminate/database/Eloquent/SoftDeletingScope.php	0.00		cached
ok	/site/core/vendor/illuminate/database/Events/ConnectionEstablished.php	0.00		cached
ok	/site/core/vendor/illuminate/database/Events/ConnectionEvent.php	0.00		cached
ok	/site/core/vendor/illuminate/database/Events/DatabaseBusy.php	0.00		cached
ok	/site/core/vendor/illuminate/database/Events/DatabaseRefreshed.php	0.00		cached
ok	/site/core/vendor/illuminate/database/Events/MigrationEnded.php	0.00		cached
ok	/site/core/vendor/illuminate/database/Events/MigrationEvent.php	0.00		cached
ok	/site/core/vendor/illuminate/database/Events/MigrationSkipped.php	0.00		cached
ok	/site/core/vendor/illuminate/database/Events/MigrationStarted.php	0.00		cached
ok	/site/core/vendor/illuminate/database/Events/MigrationsEnded.php	0.00		cached
ok	/site/core/vendor/illuminate/database/Events/MigrationsEvent.php	0.00		cached
ok	/site/core/vendor/illuminate/database/Events/MigrationsPruned.php	0.00		cached
ok	/site/core/vendor/illuminate/database/Events/MigrationsStarted.php	0.00		cached
ok	/site/core/vendor/illuminate/database/Events/ModelPruningFinished.php	0.00		cached
ok	/site/core/vendor/illuminate/database/Events/ModelPruningStarting.php	0.00		cached
ok	/site/core/vendor/illuminate/database/Events/ModelsPruned.php	0.00		cached
ok	/site/core/vendor/illuminate/database/Events/NoPendingMigrations.php	0.00		cached
ok	/site/core/vendor/illuminate/database/Events/QueryExecuted.php	0.00		cached
ok	/site/core/vendor/illuminate/database/Events/SchemaDumped.php	0.00		cached
ok	/site/core/vendor/illuminate/database/Events/SchemaLoaded.php	0.00		cached
ok	/site/core/vendor/illuminate/database/Events/StatementPrepared.php	0.00		cached
ok	/site/core/vendor/illuminate/database/Events/TransactionBeginning.php	0.00		cached
ok	/site/core/vendor/illuminate/database/Events/TransactionCommitted.php	0.00		cached
ok	/site/core/vendor/illuminate/database/Events/TransactionCommitting.php	0.00		cached
ok	/site/core/vendor/illuminate/database/Events/TransactionRolledBack.php	0.00		cached
ok	/site/core/vendor/illuminate/database/Grammar.php	0.00		cached
ok	/site/core/vendor/illuminate/database/LazyLoadingViolationException.php	0.00		cached
ok	/site/core/vendor/illuminate/database/LostConnectionDetector.php	0.00		cached
ok	/site/core/vendor/illuminate/database/LostConnectionException.php	0.00		cached
ok	/site/core/vendor/illuminate/database/MariaDbConnection.php	0.00		cached
ok	/site/core/vendor/illuminate/database/MigrationServiceProvider.php	0.00		cached
ok	/site/core/vendor/illuminate/database/Migrations/DatabaseMigrationRepository.php	0.00		cached
ok	/site/core/vendor/illuminate/database/Migrations/Migration.php	0.00		cached
ok	/site/core/vendor/illuminate/database/Migrations/MigrationCreator.php	0.00		cached
ok	/site/core/vendor/illuminate/database/Migrations/MigrationRepositoryInterface.php	0.00		cached
ok	/site/core/vendor/illuminate/database/Migrations/MigrationResult.php	0.00		cached
ok	/site/core/vendor/illuminate/database/Migrations/Migrator.php	0.00		cached
ok	/site/core/vendor/illuminate/database/MultipleColumnsSelectedException.php	0.00		cached
ok	/site/core/vendor/illuminate/database/MultipleRecordsFoundException.php	0.00		cached
ok	/site/core/vendor/illuminate/database/MySqlConnection.php	0.00		cached
ok	/site/core/vendor/illuminate/database/PostgresConnection.php	0.00		cached
ok	/site/core/vendor/illuminate/database/Query/Builder.php	0.00		cached
ok	/site/core/vendor/illuminate/database/Query/Expression.php	0.00		cached
ok	/site/core/vendor/illuminate/database/Query/Grammars/Grammar.php	0.00		cached
ok	/site/core/vendor/illuminate/database/Query/Grammars/MariaDbGrammar.php	0.00		cached
fail	/site/core/vendor/illuminate/database/Query/Grammars/MySqlGrammar.php	0.00	compile failed: Illuminate\Database\Query\Grammars\MySqlGrammar::prepareBindingsForUpdate() has #[\Override] attribute, but no matching parent method exists at line 505	cached
fail	/site/core/vendor/illuminate/database/Query/Grammars/PostgresGrammar.php	0.00	compile failed: Illuminate\Database\Query\Grammars\PostgresGrammar::prepareBindingsForUpdate() has #[\Override] attribute, but no matching parent method exists at line 630	cached
fail	/site/core/vendor/illuminate/database/Query/Grammars/SQLiteGrammar.php	0.00	compile failed: Illuminate\Database\Query\Grammars\SQLiteGrammar::prepareBindingsForUpdate() has #[\Override] attribute, but no matching parent method exists at line 411	cached
fail	/site/core/vendor/illuminate/database/Query/Grammars/SqlServerGrammar.php	0.00	compile failed: Illuminate\Database\Query\Grammars\SqlServerGrammar::prepareBindingsForUpdate() has #[\Override] attribute, but no matching parent method exists at line 480	cached
ok	/site/core/vendor/illuminate/database/Query/IndexHint.php	0.00		cached
ok	/site/core/vendor/illuminate/database/Query/JoinClause.php	0.00		cached
ok	/site/core/vendor/illuminate/database/Query/JoinLateralClause.php	0.00		cached
ok	/site/core/vendor/illuminate/database/Query/Processors/MariaDbProcessor.php	0.00		cached
ok	/site/core/vendor/illuminate/database/Query/Processors/MySqlProcessor.php	0.00		cached
ok	/site/core/vendor/illuminate/database/Query/Processors/PostgresProcessor.php	0.00		cached
ok	/site/core/vendor/illuminate/database/Query/Processors/Processor.php	0.00		cached
ok	/site/core/vendor/illuminate/database/Query/Processors/SQLiteProcessor.php	0.00		cached
ok	/site/core/vendor/illuminate/database/Query/Processors/SqlServerProcessor.php	0.00		cached
ok	/site/core/vendor/illuminate/database/QueryException.php	0.00		cached
ok	/site/core/vendor/illuminate/database/RecordNotFoundException.php	0.00		cached
ok	/site/core/vendor/illuminate/database/RecordsNotFoundException.php	0.00		cached
ok	/site/core/vendor/illuminate/database/SQLiteConnection.php	0.00		cached
ok	/site/core/vendor/illuminate/database/SQLiteDatabaseDoesNotExistException.php	0.00		cached
ok	/site/core/vendor/illuminate/database/Schema/Blueprint.php	0.00		cached
ok	/site/core/vendor/illuminate/database/Schema/BlueprintState.php	0.00		cached
ok	/site/core/vendor/illuminate/database/Schema/Builder.php	0.00		cached
ok	/site/core/vendor/illuminate/database/Schema/ColumnDefinition.php	0.00		cached
ok	/site/core/vendor/illuminate/database/Schema/ForeignIdColumnDefinition.php	0.00		cached
ok	/site/core/vendor/illuminate/database/Schema/ForeignKeyDefinition.php	0.00		cached
ok	/site/core/vendor/illuminate/database/Schema/Grammars/Grammar.php	0.00		cached
ok	/site/core/vendor/illuminate/database/Schema/Grammars/MariaDbGrammar.php	0.00		cached
ok	/site/core/vendor/illuminate/database/Schema/Grammars/MySqlGrammar.php	0.00		cached
ok	/site/core/vendor/illuminate/database/Schema/Grammars/PostgresGrammar.php	0.00		cached
ok	/site/core/vendor/illuminate/database/Schema/Grammars/SQLiteGrammar.php	0.00		cached
ok	/site/core/vendor/illuminate/database/Schema/Grammars/SqlServerGrammar.php	0.00		cached
ok	/site/core/vendor/illuminate/database/Schema/IndexDefinition.php	0.00		cached
ok	/site/core/vendor/illuminate/database/Schema/MariaDbBuilder.php	0.00		cached
ok	/site/core/vendor/illuminate/database/Schema/MariaDbSchemaState.php	0.00		cached
ok	/site/core/vendor/illuminate/database/Schema/MySqlBuilder.php	0.00		cached
ok	/site/core/vendor/illuminate/database/Schema/MySqlSchemaState.php	0.00		cached
ok	/site/core/vendor/illuminate/database/Schema/PostgresBuilder.php	0.00		cached
ok	/site/core/vendor/illuminate/database/Schema/PostgresSchemaState.php	0.00		cached
ok	/site/core/vendor/illuminate/database/Schema/SQLiteBuilder.php	0.00		cached
ok	/site/core/vendor/illuminate/database/Schema/SchemaState.php	0.00		cached
ok	/site/core/vendor/illuminate/database/Schema/SqlServerBuilder.php	0.00		cached
ok	/site/core/vendor/illuminate/database/Schema/SqliteSchemaState.php	0.00		cached
ok	/site/core/vendor/illuminate/database/Seeder.php	0.00		cached
ok	/site/core/vendor/illuminate/database/SqlServerConnection.php	0.00		cached
ok	/site/core/vendor/illuminate/database/UniqueConstraintViolationException.php	0.00		cached
ok	/site/core/vendor/illuminate/events/CallQueuedListener.php	0.00		cached
ok	/site/core/vendor/illuminate/events/Dispatcher.php	0.00		cached
ok	/site/core/vendor/illuminate/events/EventServiceProvider.php	0.00		cached
ok	/site/core/vendor/illuminate/events/InvokeQueuedClosure.php	0.00		cached
ok	/site/core/vendor/illuminate/events/NullDispatcher.php	0.00		cached
ok	/site/core/vendor/illuminate/events/QueuedClosure.php	0.00		cached
ok	/site/core/vendor/illuminate/events/functions.php	0.00		cached
ok	/site/core/vendor/illuminate/filesystem/AwsS3V3Adapter.php	0.00		cached
ok	/site/core/vendor/illuminate/filesystem/Filesystem.php	0.00		cached
ok	/site/core/vendor/illuminate/filesystem/FilesystemAdapter.php	0.00		cached
ok	/site/core/vendor/illuminate/filesystem/FilesystemManager.php	0.00		cached
ok	/site/core/vendor/illuminate/filesystem/FilesystemServiceProvider.php	0.00		cached
ok	/site/core/vendor/illuminate/filesystem/LocalFilesystemAdapter.php	0.00		cached
ok	/site/core/vendor/illuminate/filesystem/LockableFile.php	0.00		cached
ok	/site/core/vendor/illuminate/filesystem/ReceiveFile.php	0.00		cached
ok	/site/core/vendor/illuminate/filesystem/ServeFile.php	0.00		cached
ok	/site/core/vendor/illuminate/filesystem/functions.php	0.00		cached
ok	/site/core/vendor/illuminate/http/Client/Batch.php	0.00		cached
ok	/site/core/vendor/illuminate/http/Client/BatchInProgressException.php	0.00		cached
ok	/site/core/vendor/illuminate/http/Client/Concerns/DeterminesStatusCode.php	0.00		cached
ok	/site/core/vendor/illuminate/http/Client/ConnectionException.php	0.00		cached
ok	/site/core/vendor/illuminate/http/Client/Events/ConnectionFailed.php	0.00		cached
ok	/site/core/vendor/illuminate/http/Client/Events/RequestSending.php	0.00		cached
ok	/site/core/vendor/illuminate/http/Client/Events/ResponseReceived.php	0.00		cached
ok	/site/core/vendor/illuminate/http/Client/Factory.php	0.00		cached
ok	/site/core/vendor/illuminate/http/Client/HttpClientException.php	0.00		cached
ok	/site/core/vendor/illuminate/http/Client/PendingRequest.php	0.00		cached
ok	/site/core/vendor/illuminate/http/Client/Pool.php	0.00		cached
fail	/site/core/vendor/illuminate/http/Client/Promises/FluentPromise.php	0.00	compile failed: Illuminate\Http\Client\Promises\FluentPromise::then() has #[\Override] attribute, but no matching parent method exists at line 25	cached
fail	/site/core/vendor/illuminate/http/Client/Promises/LazyPromise.php	0.00	compile failed: Illuminate\Http\Client\Promises\LazyPromise::then() has #[\Override] attribute, but no matching parent method exists at line 59	cached
ok	/site/core/vendor/illuminate/http/Client/Request.php	0.00		cached
ok	/site/core/vendor/illuminate/http/Client/RequestException.php	0.00		cached
ok	/site/core/vendor/illuminate/http/Client/Response.php	0.00		cached
ok	/site/core/vendor/illuminate/http/Client/ResponseSequence.php	0.00		cached
ok	/site/core/vendor/illuminate/http/Client/StrayRequestException.php	0.00		cached
ok	/site/core/vendor/illuminate/http/Concerns/CanBePrecognitive.php	0.00		cached
ok	/site/core/vendor/illuminate/http/Concerns/InteractsWithContentTypes.php	0.00		cached
ok	/site/core/vendor/illuminate/http/Concerns/InteractsWithFlashData.php	0.00		cached
ok	/site/core/vendor/illuminate/http/Concerns/InteractsWithInput.php	0.00		cached
ok	/site/core/vendor/illuminate/http/Exceptions/HttpResponseException.php	0.00		cached
ok	/site/core/vendor/illuminate/http/Exceptions/MalformedUrlException.php	0.00		cached
ok	/site/core/vendor/illuminate/http/Exceptions/PostTooLargeException.php	0.00		cached
ok	/site/core/vendor/illuminate/http/Exceptions/ThrottleRequestsException.php	0.00		cached
ok	/site/core/vendor/illuminate/http/File.php	0.00		cached
ok	/site/core/vendor/illuminate/http/FileHelpers.php	0.00		cached
fail	/site/core/vendor/illuminate/http/JsonResponse.php	0.00	compile failed: Illuminate\Http\JsonResponse::fromJsonString() has #[\Override] attribute, but no matching parent method exists at line 40	cached
ok	/site/core/vendor/illuminate/http/Middleware/AddLinkHeadersForPreloadedAssets.php	0.00		cached
ok	/site/core/vendor/illuminate/http/Middleware/CheckResponseForModifications.php	0.00		cached
ok	/site/core/vendor/illuminate/http/Middleware/FrameGuard.php	0.00		cached
ok	/site/core/vendor/illuminate/http/Middleware/HandleCors.php	0.00		cached
ok	/site/core/vendor/illuminate/http/Middleware/SetCacheHeaders.php	0.00		cached
ok	/site/core/vendor/illuminate/http/Middleware/TrustHosts.php	0.00		cached
ok	/site/core/vendor/illuminate/http/Middleware/TrustProxies.php	0.00		cached
ok	/site/core/vendor/illuminate/http/Middleware/ValidatePathEncoding.php	0.00		cached
ok	/site/core/vendor/illuminate/http/Middleware/ValidatePostSize.php	0.00		cached
ok	/site/core/vendor/illuminate/http/RedirectResponse.php	0.00		cached
fail	/site/core/vendor/illuminate/http/Request.php	0.00	compile failed: Illuminate\Http\Request::getAcceptableContentTypes() has #[\Override] attribute, but no matching parent method exists at line 370	cached
ok	/site/core/vendor/illuminate/http/Resources/CollectsResources.php	0.00		cached
ok	/site/core/vendor/illuminate/http/Resources/ConditionallyLoadsAttributes.php	0.00		cached
ok	/site/core/vendor/illuminate/http/Resources/DelegatesToResource.php	0.00		cached
ok	/site/core/vendor/illuminate/http/Resources/Json/AnonymousResourceCollection.php	0.00		cached
ok	/site/core/vendor/illuminate/http/Resources/Json/JsonResource.php	0.00		cached
ok	/site/core/vendor/illuminate/http/Resources/Json/PaginatedResourceResponse.php	0.00		cached
fail	/site/core/vendor/illuminate/http/Resources/Json/ResourceCollection.php	0.00	compile failed: Illuminate\Http\Resources\Json\ResourceCollection::toArray() has #[\Override] attribute, but no matching parent method exists at line 100	cached
ok	/site/core/vendor/illuminate/http/Resources/Json/ResourceResponse.php	0.00		cached
fail	/site/core/vendor/illuminate/http/Resources/JsonApi/AnonymousResourceCollection.php	0.00	compile failed: Illuminate\Http\Resources\JsonApi\AnonymousResourceCollection::with() has #[\Override] attribute, but no matching parent method exists at line 21	cached
ok	/site/core/vendor/illuminate/http/Resources/JsonApi/Concerns/ResolvesJsonApiElements.php	0.00		cached
ok	/site/core/vendor/illuminate/http/Resources/JsonApi/Concerns/ResolvesJsonApiRequest.php	0.00		cached
ok	/site/core/vendor/illuminate/http/Resources/JsonApi/Exceptions/ResourceIdentificationException.php	0.00		cached
ok	/site/core/vendor/illuminate/http/Resources/JsonApi/JsonApiRequest.php	0.00		cached
fail	/site/core/vendor/illuminate/http/Resources/JsonApi/JsonApiResource.php	0.00	compile failed: Illuminate\Http\Resources\JsonApi\JsonApiResource::toAttributes() has #[\Override] attribute, but no matching parent method exists at line 82	cached
ok	/site/core/vendor/illuminate/http/Resources/JsonApi/RelationResolver.php	0.00		cached
ok	/site/core/vendor/illuminate/http/Resources/MergeValue.php	0.00		cached
ok	/site/core/vendor/illuminate/http/Resources/MissingValue.php	0.00		cached
ok	/site/core/vendor/illuminate/http/Resources/PotentiallyMissing.php	0.00		cached
fail	/site/core/vendor/illuminate/http/Response.php	0.00	compile failed: Illuminate\Http\Response::getContent() has #[\Override] attribute, but no matching parent method exists at line 43	cached
ok	/site/core/vendor/illuminate/http/ResponseTrait.php	0.00		cached
ok	/site/core/vendor/illuminate/http/StreamedEvent.php	0.00		cached
ok	/site/core/vendor/illuminate/http/Testing/File.php	0.00		cached
ok	/site/core/vendor/illuminate/http/Testing/FileFactory.php	0.00		cached
ok	/site/core/vendor/illuminate/http/Testing/MimeType.php	0.00		cached
ok	/site/core/vendor/illuminate/http/UploadedFile.php	0.00		cached
ok	/site/core/vendor/illuminate/log/Context/ContextLogProcessor.php	0.00		cached
ok	/site/core/vendor/illuminate/log/Context/ContextServiceProvider.php	0.00		cached
ok	/site/core/vendor/illuminate/log/Context/Events/ContextDehydrating.php	0.00		cached
ok	/site/core/vendor/illuminate/log/Context/Events/ContextHydrated.php	0.00		cached
ok	/site/core/vendor/illuminate/log/Context/Repository.php	0.00		cached
ok	/site/core/vendor/illuminate/log/Events/MessageLogged.php	0.00		cached
ok	/site/core/vendor/illuminate/log/LogManager.php	0.00		cached
ok	/site/core/vendor/illuminate/log/LogServiceProvider.php	0.00		cached
ok	/site/core/vendor/illuminate/log/Logger.php	0.00		cached
ok	/site/core/vendor/illuminate/log/ParsesLogConfiguration.php	0.00		cached
ok	/site/core/vendor/illuminate/log/functions.php	0.00		cached
ok	/site/core/vendor/illuminate/macroable/Traits/Macroable.php	0.00		cached
ok	/site/core/vendor/illuminate/pagination/AbstractCursorPaginator.php	0.00		cached
ok	/site/core/vendor/illuminate/pagination/AbstractPaginator.php	0.00		cached
ok	/site/core/vendor/illuminate/pagination/Cursor.php	0.00		cached
ok	/site/core/vendor/illuminate/pagination/CursorPaginator.php	0.00		cached
ok	/site/core/vendor/illuminate/pagination/LengthAwarePaginator.php	0.00		cached
ok	/site/core/vendor/illuminate/pagination/PaginationServiceProvider.php	0.00		cached
ok	/site/core/vendor/illuminate/pagination/PaginationState.php	0.00		cached
ok	/site/core/vendor/illuminate/pagination/Paginator.php	0.00		cached
ok	/site/core/vendor/illuminate/pagination/UrlWindow.php	0.00		cached
ok	/site/core/vendor/illuminate/pagination/resources/views/bootstrap-4.blade.php	0.00		cached
ok	/site/core/vendor/illuminate/pagination/resources/views/bootstrap-5.blade.php	0.00		cached
ok	/site/core/vendor/illuminate/pagination/resources/views/default.blade.php	0.00		cached
ok	/site/core/vendor/illuminate/pagination/resources/views/semantic-ui.blade.php	0.00		cached
ok	/site/core/vendor/illuminate/pagination/resources/views/simple-bootstrap-4.blade.php	0.00		cached
ok	/site/core/vendor/illuminate/pagination/resources/views/simple-bootstrap-5.blade.php	0.00		cached
ok	/site/core/vendor/illuminate/pagination/resources/views/simple-default.blade.php	0.00		cached
ok	/site/core/vendor/illuminate/pagination/resources/views/simple-tailwind.blade.php	0.00		cached
ok	/site/core/vendor/illuminate/pagination/resources/views/tailwind.blade.php	0.00		cached
ok	/site/core/vendor/illuminate/pipeline/Hub.php	0.00		cached
ok	/site/core/vendor/illuminate/pipeline/Pipeline.php	0.00		cached
ok	/site/core/vendor/illuminate/pipeline/PipelineServiceProvider.php	0.00		cached
ok	/site/core/vendor/illuminate/queue/Attributes/DeleteWhenMissingModels.php	0.00		cached
ok	/site/core/vendor/illuminate/queue/Attributes/WithoutRelations.php	0.00		cached
ok	/site/core/vendor/illuminate/queue/BackgroundQueue.php	0.00		cached
ok	/site/core/vendor/illuminate/queue/BeanstalkdQueue.php	0.00		cached
ok	/site/core/vendor/illuminate/queue/CallQueuedClosure.php	0.00		cached
ok	/site/core/vendor/illuminate/queue/CallQueuedHandler.php	0.00		cached
ok	/site/core/vendor/illuminate/queue/Capsule/Manager.php	0.00		cached
ok	/site/core/vendor/illuminate/queue/Connectors/BackgroundConnector.php	0.00		cached
ok	/site/core/vendor/illuminate/queue/Connectors/BeanstalkdConnector.php	0.00		cached
ok	/site/core/vendor/illuminate/queue/Connectors/ConnectorInterface.php	0.00		cached
ok	/site/core/vendor/illuminate/queue/Connectors/DatabaseConnector.php	0.00		cached
ok	/site/core/vendor/illuminate/queue/Connectors/DeferredConnector.php	0.00		cached
ok	/site/core/vendor/illuminate/queue/Connectors/FailoverConnector.php	0.00		cached
ok	/site/core/vendor/illuminate/queue/Connectors/NullConnector.php	0.00		cached
ok	/site/core/vendor/illuminate/queue/Connectors/RedisConnector.php	0.00		cached
ok	/site/core/vendor/illuminate/queue/Connectors/SqsConnector.php	0.00		cached
ok	/site/core/vendor/illuminate/queue/Connectors/SyncConnector.php	0.00		cached
ok	/site/core/vendor/illuminate/queue/Console/BatchesTableCommand.php	0.00		cached
ok	/site/core/vendor/illuminate/queue/Console/ClearCommand.php	0.00		cached
ok	/site/core/vendor/illuminate/queue/Console/Concerns/ParsesQueue.php	0.00		cached
ok	/site/core/vendor/illuminate/queue/Console/FailedTableCommand.php	0.00		cached
ok	/site/core/vendor/illuminate/queue/Console/FlushFailedCommand.php	0.00		cached
ok	/site/core/vendor/illuminate/queue/Console/ForgetFailedCommand.php	0.00		cached
ok	/site/core/vendor/illuminate/queue/Console/ListFailedCommand.php	0.00		cached
ok	/site/core/vendor/illuminate/queue/Console/ListenCommand.php	0.00		cached
ok	/site/core/vendor/illuminate/queue/Console/MonitorCommand.php	0.00		cached
ok	/site/core/vendor/illuminate/queue/Console/PauseCommand.php	0.00		cached
ok	/site/core/vendor/illuminate/queue/Console/PruneBatchesCommand.php	0.00		cached
ok	/site/core/vendor/illuminate/queue/Console/PruneFailedJobsCommand.php	0.00		cached
ok	/site/core/vendor/illuminate/queue/Console/RestartCommand.php	0.00		cached
ok	/site/core/vendor/illuminate/queue/Console/ResumeCommand.php	0.00		cached
ok	/site/core/vendor/illuminate/queue/Console/RetryBatchCommand.php	0.00		cached
ok	/site/core/vendor/illuminate/queue/Console/RetryCommand.php	0.00		cached
ok	/site/core/vendor/illuminate/queue/Console/TableCommand.php	0.00		cached
ok	/site/core/vendor/illuminate/queue/Console/WorkCommand.php	0.00		cached
ok	/site/core/vendor/illuminate/queue/DatabaseQueue.php	0.00		cached
ok	/site/core/vendor/illuminate/queue/DeferredQueue.php	0.00		cached
ok	/site/core/vendor/illuminate/queue/Events/JobAttempted.php	0.00		cached
ok	/site/core/vendor/illuminate/queue/Events/JobExceptionOccurred.php	0.00		cached
ok	/site/core/vendor/illuminate/queue/Events/JobFailed.php	0.00		cached
ok	/site/core/vendor/illuminate/queue/Events/JobPopped.php	0.00		cached
ok	/site/core/vendor/illuminate/queue/Events/JobPopping.php	0.00		cached
ok	/site/core/vendor/illuminate/queue/Events/JobProcessed.php	0.00		cached
ok	/site/core/vendor/illuminate/queue/Events/JobProcessing.php	0.00		cached
ok	/site/core/vendor/illuminate/queue/Events/JobQueued.php	0.00		cached
ok	/site/core/vendor/illuminate/queue/Events/JobQueueing.php	0.00		cached
ok	/site/core/vendor/illuminate/queue/Events/JobReleasedAfterException.php	0.00		cached
ok	/site/core/vendor/illuminate/queue/Events/JobRetryRequested.php	0.00		cached
ok	/site/core/vendor/illuminate/queue/Events/JobTimedOut.php	0.00		cached
ok	/site/core/vendor/illuminate/queue/Events/Looping.php	0.00		cached
ok	/site/core/vendor/illuminate/queue/Events/QueueBusy.php	0.00		cached
ok	/site/core/vendor/illuminate/queue/Events/QueueFailedOver.php	0.00		cached
ok	/site/core/vendor/illuminate/queue/Events/QueuePaused.php	0.00		cached
ok	/site/core/vendor/illuminate/queue/Events/QueueResumed.php	0.00		cached
ok	/site/core/vendor/illuminate/queue/Events/WorkerStarting.php	0.00		cached
ok	/site/core/vendor/illuminate/queue/Events/WorkerStopping.php	0.00		cached
ok	/site/core/vendor/illuminate/queue/Failed/CountableFailedJobProvider.php	0.00		cached
ok	/site/core/vendor/illuminate/queue/Failed/DatabaseFailedJobProvider.php	0.00		cached
ok	/site/core/vendor/illuminate/queue/Failed/DatabaseUuidFailedJobProvider.php	0.00		cached
ok	/site/core/vendor/illuminate/queue/Failed/DynamoDbFailedJobProvider.php	0.00		cached
ok	/site/core/vendor/illuminate/queue/Failed/FailedJobProviderInterface.php	0.00		cached
ok	/site/core/vendor/illuminate/queue/Failed/FileFailedJobProvider.php	0.00		cached
ok	/site/core/vendor/illuminate/queue/Failed/NullFailedJobProvider.php	0.00		cached
ok	/site/core/vendor/illuminate/queue/Failed/PrunableFailedJobProvider.php	0.00		cached
ok	/site/core/vendor/illuminate/queue/FailoverQueue.php	0.00		cached
ok	/site/core/vendor/illuminate/queue/InteractsWithQueue.php	0.00		cached
ok	/site/core/vendor/illuminate/queue/InvalidPayloadException.php	0.00		cached
ok	/site/core/vendor/illuminate/queue/Jobs/BeanstalkdJob.php	0.00		cached
ok	/site/core/vendor/illuminate/queue/Jobs/DatabaseJob.php	0.00		cached
ok	/site/core/vendor/illuminate/queue/Jobs/DatabaseJobRecord.php	0.00		cached
ok	/site/core/vendor/illuminate/queue/Jobs/FakeJob.php	0.00		cached
ok	/site/core/vendor/illuminate/queue/Jobs/Job.php	0.00		cached
ok	/site/core/vendor/illuminate/queue/Jobs/JobName.php	0.00		cached
ok	/site/core/vendor/illuminate/queue/Jobs/RedisJob.php	0.00		cached
ok	/site/core/vendor/illuminate/queue/Jobs/SqsJob.php	0.00		cached
ok	/site/core/vendor/illuminate/queue/Jobs/SyncJob.php	0.00		cached
ok	/site/core/vendor/illuminate/queue/Listener.php	0.00		cached
ok	/site/core/vendor/illuminate/queue/ListenerOptions.php	0.00		cached
ok	/site/core/vendor/illuminate/queue/LuaScripts.php	0.00		cached
ok	/site/core/vendor/illuminate/queue/ManuallyFailedException.php	0.00		cached
ok	/site/core/vendor/illuminate/queue/MaxAttemptsExceededException.php	0.00		cached
ok	/site/core/vendor/illuminate/queue/Middleware/FailOnException.php	0.00		cached
ok	/site/core/vendor/illuminate/queue/Middleware/RateLimited.php	0.00		cached
ok	/site/core/vendor/illuminate/queue/Middleware/RateLimitedWithRedis.php	0.00		cached
ok	/site/core/vendor/illuminate/queue/Middleware/Skip.php	0.00		cached
ok	/site/core/vendor/illuminate/queue/Middleware/SkipIfBatchCancelled.php	0.00		cached
ok	/site/core/vendor/illuminate/queue/Middleware/ThrottlesExceptions.php	0.00		cached
ok	/site/core/vendor/illuminate/queue/Middleware/ThrottlesExceptionsWithRedis.php	0.00		cached
ok	/site/core/vendor/illuminate/queue/Middleware/WithoutOverlapping.php	0.00		cached
ok	/site/core/vendor/illuminate/queue/NullQueue.php	0.00		cached
ok	/site/core/vendor/illuminate/queue/Queue.php	0.00		cached
fail	/site/core/vendor/illuminate/queue/QueueManager.php	0.00	compile failed: MIR.lower: unsupported assign target kind StaticAccess at /site/core/vendor/illuminate/queue/QueueManager.php:278	cached
ok	/site/core/vendor/illuminate/queue/QueueServiceProvider.php	0.00		cached
ok	/site/core/vendor/illuminate/queue/RedisQueue.php	0.00		cached
ok	/site/core/vendor/illuminate/queue/SerializesAndRestoresModelIdentifiers.php	0.00		cached
ok	/site/core/vendor/illuminate/queue/SerializesModels.php	0.00		cached
ok	/site/core/vendor/illuminate/queue/SqsQueue.php	0.00		cached
ok	/site/core/vendor/illuminate/queue/SyncQueue.php	0.00		cached
ok	/site/core/vendor/illuminate/queue/TimeoutExceededException.php	0.00		cached
ok	/site/core/vendor/illuminate/queue/Worker.php	0.00		cached
ok	/site/core/vendor/illuminate/queue/WorkerOptions.php	0.00		cached
ok	/site/core/vendor/illuminate/queue/WorkerStopReason.php	0.00		cached
ok	/site/core/vendor/illuminate/redis/Connections/Connection.php	0.00		cached
ok	/site/core/vendor/illuminate/redis/Connections/PacksPhpRedisValues.php	0.00		cached
fail	/site/core/vendor/illuminate/redis/Connections/PhpRedisClusterConnection.php	0.00	compile failed: Illuminate\Redis\Connections\PhpRedisClusterConnection::scan() has #[\Override] attribute, but no matching parent method exists at line 33	cached
ok	/site/core/vendor/illuminate/redis/Connections/PhpRedisConnection.php	0.00		cached
ok	/site/core/vendor/illuminate/redis/Connections/PredisClusterConnection.php	0.00		cached
ok	/site/core/vendor/illuminate/redis/Connections/PredisConnection.php	0.00		cached
ok	/site/core/vendor/illuminate/redis/Connectors/PhpRedisConnector.php	0.00		cached
ok	/site/core/vendor/illuminate/redis/Connectors/PredisConnector.php	0.00		cached
ok	/site/core/vendor/illuminate/redis/Events/CommandExecuted.php	0.00		cached
ok	/site/core/vendor/illuminate/redis/Events/CommandFailed.php	0.00		cached
ok	/site/core/vendor/illuminate/redis/Limiters/ConcurrencyLimiter.php	0.00		cached
ok	/site/core/vendor/illuminate/redis/Limiters/ConcurrencyLimiterBuilder.php	0.00		cached
ok	/site/core/vendor/illuminate/redis/Limiters/DurationLimiter.php	0.00		cached
ok	/site/core/vendor/illuminate/redis/Limiters/DurationLimiterBuilder.php	0.00		cached
ok	/site/core/vendor/illuminate/redis/RedisManager.php	0.00		cached
ok	/site/core/vendor/illuminate/redis/RedisServiceProvider.php	0.00		cached
ok	/site/core/vendor/illuminate/reflection/Reflector.php	0.00		cached
ok	/site/core/vendor/illuminate/reflection/Traits/ReflectsClosures.php	0.00		cached
ok	/site/core/vendor/illuminate/reflection/helpers.php	0.00		cached
ok	/site/core/vendor/illuminate/routing/AbstractRouteCollection.php	0.00		cached
ok	/site/core/vendor/illuminate/routing/CallableDispatcher.php	0.00		cached
ok	/site/core/vendor/illuminate/routing/CompiledRouteCollection.php	0.00		cached
ok	/site/core/vendor/illuminate/routing/Console/ControllerMakeCommand.php	0.00		cached
ok	/site/core/vendor/illuminate/routing/Console/MiddlewareMakeCommand.php	0.00		cached
ok	/site/core/vendor/illuminate/routing/Contracts/CallableDispatcher.php	0.00		cached
ok	/site/core/vendor/illuminate/routing/Contracts/ControllerDispatcher.php	0.00		cached
ok	/site/core/vendor/illuminate/routing/Controller.php	0.00		cached
ok	/site/core/vendor/illuminate/routing/ControllerDispatcher.php	0.00		cached
ok	/site/core/vendor/illuminate/routing/ControllerMiddlewareOptions.php	0.00		cached
ok	/site/core/vendor/illuminate/routing/Controllers/HasMiddleware.php	0.00		cached
ok	/site/core/vendor/illuminate/routing/Controllers/Middleware.php	0.00		cached
ok	/site/core/vendor/illuminate/routing/CreatesRegularExpressionRouteConstraints.php	0.00		cached
ok	/site/core/vendor/illuminate/routing/Events/PreparingResponse.php	0.00		cached
ok	/site/core/vendor/illuminate/routing/Events/ResponsePrepared.php	0.00		cached
ok	/site/core/vendor/illuminate/routing/Events/RouteMatched.php	0.00		cached
ok	/site/core/vendor/illuminate/routing/Events/Routing.php	0.00		cached
ok	/site/core/vendor/illuminate/routing/Exceptions/BackedEnumCaseNotFoundException.php	0.00		cached
ok	/site/core/vendor/illuminate/routing/Exceptions/InvalidSignatureException.php	0.00		cached
ok	/site/core/vendor/illuminate/routing/Exceptions/MissingRateLimiterException.php	0.00		cached
ok	/site/core/vendor/illuminate/routing/Exceptions/StreamedResponseException.php	0.00		cached
ok	/site/core/vendor/illuminate/routing/Exceptions/UrlGenerationException.php	0.00		cached
ok	/site/core/vendor/illuminate/routing/FiltersControllerMiddleware.php	0.00		cached
ok	/site/core/vendor/illuminate/routing/ImplicitRouteBinding.php	0.00		cached
ok	/site/core/vendor/illuminate/routing/Matching/HostValidator.php	0.00		cached
ok	/site/core/vendor/illuminate/routing/Matching/MethodValidator.php	0.00		cached
ok	/site/core/vendor/illuminate/routing/Matching/SchemeValidator.php	0.00		cached
ok	/site/core/vendor/illuminate/routing/Matching/UriValidator.php	0.00		cached
ok	/site/core/vendor/illuminate/routing/Matching/ValidatorInterface.php	0.00		cached
ok	/site/core/vendor/illuminate/routing/Middleware/SubstituteBindings.php	0.00		cached
ok	/site/core/vendor/illuminate/routing/Middleware/ThrottleRequests.php	0.00		cached
ok	/site/core/vendor/illuminate/routing/Middleware/ThrottleRequestsWithRedis.php	0.00		cached
ok	/site/core/vendor/illuminate/routing/Middleware/ValidateSignature.php	0.00		cached
ok	/site/core/vendor/illuminate/routing/MiddlewareNameResolver.php	0.00		cached
ok	/site/core/vendor/illuminate/routing/PendingResourceRegistration.php	0.00		cached
ok	/site/core/vendor/illuminate/routing/PendingSingletonResourceRegistration.php	0.00		cached
ok	/site/core/vendor/illuminate/routing/Pipeline.php	0.00		cached
ok	/site/core/vendor/illuminate/routing/RedirectController.php	0.00		cached
ok	/site/core/vendor/illuminate/routing/Redirector.php	0.00		cached
ok	/site/core/vendor/illuminate/routing/ResolvesRouteDependencies.php	0.00		cached
ok	/site/core/vendor/illuminate/routing/ResourceRegistrar.php	0.00		cached
ok	/site/core/vendor/illuminate/routing/ResponseFactory.php	0.00		cached
ok	/site/core/vendor/illuminate/routing/Route.php	0.00		cached
ok	/site/core/vendor/illuminate/routing/RouteAction.php	0.00		cached
ok	/site/core/vendor/illuminate/routing/RouteBinding.php	0.00		cached
ok	/site/core/vendor/illuminate/routing/RouteCollection.php	0.00		cached
ok	/site/core/vendor/illuminate/routing/RouteCollectionInterface.php	0.00		cached
ok	/site/core/vendor/illuminate/routing/RouteDependencyResolverTrait.php	0.00		cached
ok	/site/core/vendor/illuminate/routing/RouteFileRegistrar.php	0.00		cached
ok	/site/core/vendor/illuminate/routing/RouteGroup.php	0.00		cached
ok	/site/core/vendor/illuminate/routing/RouteParameterBinder.php	0.00		cached
ok	/site/core/vendor/illuminate/routing/RouteRegistrar.php	0.00		cached
ok	/site/core/vendor/illuminate/routing/RouteSignatureParameters.php	0.00		cached
ok	/site/core/vendor/illuminate/routing/RouteUri.php	0.00		cached
fail	/site/core/vendor/illuminate/routing/RouteUrlGenerator.php	0.00	compile failed: MIR.verify: dangling local $keyed read in Illuminate\Routing\RouteUrlGenerator__getRouteQueryString but never defined	cached
ok	/site/core/vendor/illuminate/routing/Router.php	0.00		cached
ok	/site/core/vendor/illuminate/routing/RoutingServiceProvider.php	0.00		cached
ok	/site/core/vendor/illuminate/routing/SortedMiddleware.php	0.00		cached
ok	/site/core/vendor/illuminate/routing/UrlGenerator.php	0.00		cached
ok	/site/core/vendor/illuminate/routing/ViewController.php	0.00		cached
ok	/site/core/vendor/illuminate/session/ArraySessionHandler.php	0.00		cached
ok	/site/core/vendor/illuminate/session/CacheBasedSessionHandler.php	0.00		cached
ok	/site/core/vendor/illuminate/session/Console/SessionTableCommand.php	0.00		cached
ok	/site/core/vendor/illuminate/session/CookieSessionHandler.php	0.00		cached
ok	/site/core/vendor/illuminate/session/DatabaseSessionHandler.php	0.00		cached
ok	/site/core/vendor/illuminate/session/EncryptedStore.php	0.00		cached
ok	/site/core/vendor/illuminate/session/ExistenceAwareInterface.php	0.00		cached
ok	/site/core/vendor/illuminate/session/FileSessionHandler.php	0.00		cached
ok	/site/core/vendor/illuminate/session/Middleware/AuthenticateSession.php	0.00		cached
ok	/site/core/vendor/illuminate/session/Middleware/StartSession.php	0.00		cached
ok	/site/core/vendor/illuminate/session/NullSessionHandler.php	0.00		cached
ok	/site/core/vendor/illuminate/session/SessionManager.php	0.00		cached
ok	/site/core/vendor/illuminate/session/SessionServiceProvider.php	0.00		cached
ok	/site/core/vendor/illuminate/session/Store.php	0.00		cached
ok	/site/core/vendor/illuminate/session/SymfonySessionDecorator.php	0.00		cached
ok	/site/core/vendor/illuminate/session/TokenMismatchException.php	0.00		cached
ok	/site/core/vendor/illuminate/support/AggregateServiceProvider.php	0.00		cached
ok	/site/core/vendor/illuminate/support/Benchmark.php	0.00		cached
ok	/site/core/vendor/illuminate/support/BinaryCodec.php	0.00		cached
ok	/site/core/vendor/illuminate/support/Carbon.php	0.00		cached
ok	/site/core/vendor/illuminate/support/Composer.php	0.00		cached
ok	/site/core/vendor/illuminate/support/ConfigurationUrlParser.php	0.00		cached
ok	/site/core/vendor/illuminate/support/DateFactory.php	0.00		cached
ok	/site/core/vendor/illuminate/support/DefaultProviders.php	0.00		cached
ok	/site/core/vendor/illuminate/support/Defer/DeferredCallback.php	0.00		cached
ok	/site/core/vendor/illuminate/support/Defer/DeferredCallbackCollection.php	0.00		cached
fail	/site/core/vendor/illuminate/support/EncodedHtmlString.php	0.00	compile failed: Illuminate\Support\EncodedHtmlString::toHtml() has #[\Override] attribute, but no matching parent method exists at line 59	cached
ok	/site/core/vendor/illuminate/support/Env.php	0.00		cached
ok	/site/core/vendor/illuminate/support/Exceptions/MathException.php	0.00		cached
ok	/site/core/vendor/illuminate/support/Facades/App.php	0.00		cached
ok	/site/core/vendor/illuminate/support/Facades/Artisan.php	0.00		cached
ok	/site/core/vendor/illuminate/support/Facades/Auth.php	0.00		cached
ok	/site/core/vendor/illuminate/support/Facades/Blade.php	0.00		cached
ok	/site/core/vendor/illuminate/support/Facades/Broadcast.php	0.00		cached
ok	/site/core/vendor/illuminate/support/Facades/Bus.php	0.00		cached
ok	/site/core/vendor/illuminate/support/Facades/Cache.php	0.00		cached
ok	/site/core/vendor/illuminate/support/Facades/Concurrency.php	0.00		cached
ok	/site/core/vendor/illuminate/support/Facades/Config.php	0.00		cached
ok	/site/core/vendor/illuminate/support/Facades/Context.php	0.00		cached
ok	/site/core/vendor/illuminate/support/Facades/Cookie.php	0.00		cached
ok	/site/core/vendor/illuminate/support/Facades/Crypt.php	0.00		cached
ok	/site/core/vendor/illuminate/support/Facades/DB.php	0.00		cached
ok	/site/core/vendor/illuminate/support/Facades/Date.php	0.00		cached
ok	/site/core/vendor/illuminate/support/Facades/Event.php	0.00		cached
ok	/site/core/vendor/illuminate/support/Facades/Exceptions.php	0.00		cached
ok	/site/core/vendor/illuminate/support/Facades/Facade.php	0.00		cached
ok	/site/core/vendor/illuminate/support/Facades/File.php	0.00		cached
ok	/site/core/vendor/illuminate/support/Facades/Gate.php	0.00		cached
ok	/site/core/vendor/illuminate/support/Facades/Hash.php	0.00		cached
ok	/site/core/vendor/illuminate/support/Facades/Http.php	0.00		cached
ok	/site/core/vendor/illuminate/support/Facades/Lang.php	0.00		cached
ok	/site/core/vendor/illuminate/support/Facades/Log.php	0.00		cached
ok	/site/core/vendor/illuminate/support/Facades/Mail.php	0.00		cached
ok	/site/core/vendor/illuminate/support/Facades/MaintenanceMode.php	0.00		cached
ok	/site/core/vendor/illuminate/support/Facades/Notification.php	0.00		cached
ok	/site/core/vendor/illuminate/support/Facades/ParallelTesting.php	0.00		cached
ok	/site/core/vendor/illuminate/support/Facades/Password.php	0.00		cached
ok	/site/core/vendor/illuminate/support/Facades/Pipeline.php	0.00		cached
ok	/site/core/vendor/illuminate/support/Facades/Process.php	0.00		cached
ok	/site/core/vendor/illuminate/support/Facades/Queue.php	0.00		cached
ok	/site/core/vendor/illuminate/support/Facades/RateLimiter.php	0.00		cached
ok	/site/core/vendor/illuminate/support/Facades/Redirect.php	0.00		cached
ok	/site/core/vendor/illuminate/support/Facades/Redis.php	0.00		cached
ok	/site/core/vendor/illuminate/support/Facades/Request.php	0.00		cached
ok	/site/core/vendor/illuminate/support/Facades/Response.php	0.00		cached
ok	/site/core/vendor/illuminate/support/Facades/Route.php	0.00		cached
ok	/site/core/vendor/illuminate/support/Facades/Schedule.php	0.00		cached
ok	/site/core/vendor/illuminate/support/Facades/Schema.php	0.00		cached
ok	/site/core/vendor/illuminate/support/Facades/Session.php	0.00		cached
ok	/site/core/vendor/illuminate/support/Facades/Storage.php	0.00		cached
ok	/site/core/vendor/illuminate/support/Facades/URL.php	0.00		cached
ok	/site/core/vendor/illuminate/support/Facades/Validator.php	0.00		cached
ok	/site/core/vendor/illuminate/support/Facades/View.php	0.00		cached
ok	/site/core/vendor/illuminate/support/Facades/Vite.php	0.00		cached
ok	/site/core/vendor/illuminate/support/Fluent.php	0.00		cached
ok	/site/core/vendor/illuminate/support/HigherOrderTapProxy.php	0.00		cached
ok	/site/core/vendor/illuminate/support/HtmlString.php	0.00		cached
ok	/site/core/vendor/illuminate/support/InteractsWithTime.php	0.00		cached
ok	/site/core/vendor/illuminate/support/Js.php	0.00		cached
ok	/site/core/vendor/illuminate/support/Lottery.php	0.00		cached
ok	/site/core/vendor/illuminate/support/Manager.php	0.00		cached
ok	/site/core/vendor/illuminate/support/MessageBag.php	0.00		cached
ok	/site/core/vendor/illuminate/support/MultipleInstanceManager.php	0.00		cached
ok	/site/core/vendor/illuminate/support/NamespacedItemResolver.php	0.00		cached
ok	/site/core/vendor/illuminate/support/Number.php	0.00		cached
ok	/site/core/vendor/illuminate/support/Once.php	0.00		cached
ok	/site/core/vendor/illuminate/support/Onceable.php	0.00		cached
ok	/site/core/vendor/illuminate/support/Optional.php	0.00		cached
ok	/site/core/vendor/illuminate/support/Pluralizer.php	0.00		cached
ok	/site/core/vendor/illuminate/support/ProcessUtils.php	0.00		cached
ok	/site/core/vendor/illuminate/support/ServiceProvider.php	0.00		cached
ok	/site/core/vendor/illuminate/support/Sleep.php	0.00		cached
ok	/site/core/vendor/illuminate/support/Str.php	0.00		cached
ok	/site/core/vendor/illuminate/support/Stringable.php	0.00		cached
ok	/site/core/vendor/illuminate/support/Testing/Fakes/BatchFake.php	0.00		cached
ok	/site/core/vendor/illuminate/support/Testing/Fakes/BatchRepositoryFake.php	0.00		cached
ok	/site/core/vendor/illuminate/support/Testing/Fakes/BusFake.php	0.00		cached
ok	/site/core/vendor/illuminate/support/Testing/Fakes/ChainedBatchTruthTest.php	0.00		cached
ok	/site/core/vendor/illuminate/support/Testing/Fakes/EventFake.php	0.00		cached
ok	/site/core/vendor/illuminate/support/Testing/Fakes/ExceptionHandlerFake.php	0.00		cached
ok	/site/core/vendor/illuminate/support/Testing/Fakes/Fake.php	0.00		cached
ok	/site/core/vendor/illuminate/support/Testing/Fakes/MailFake.php	0.00		cached
ok	/site/core/vendor/illuminate/support/Testing/Fakes/NotificationFake.php	0.00		cached
ok	/site/core/vendor/illuminate/support/Testing/Fakes/PendingBatchFake.php	0.00		cached
ok	/site/core/vendor/illuminate/support/Testing/Fakes/PendingChainFake.php	0.00		cached
ok	/site/core/vendor/illuminate/support/Testing/Fakes/PendingMailFake.php	0.00		cached
ok	/site/core/vendor/illuminate/support/Testing/Fakes/QueueFake.php	0.00		cached
ok	/site/core/vendor/illuminate/support/Timebox.php	0.00		cached
ok	/site/core/vendor/illuminate/support/Traits/CapsuleManagerTrait.php	0.00		cached
ok	/site/core/vendor/illuminate/support/Traits/Dumpable.php	0.00		cached
ok	/site/core/vendor/illuminate/support/Traits/ForwardsCalls.php	0.00		cached
ok	/site/core/vendor/illuminate/support/Traits/InteractsWithData.php	0.00		cached
ok	/site/core/vendor/illuminate/support/Traits/Localizable.php	0.00		cached
ok	/site/core/vendor/illuminate/support/Traits/Tappable.php	0.00		cached
ok	/site/core/vendor/illuminate/support/Uri.php	0.00		cached
ok	/site/core/vendor/illuminate/support/UriQueryString.php	0.00		cached
ok	/site/core/vendor/illuminate/support/ValidatedInput.php	0.00		cached
ok	/site/core/vendor/illuminate/support/ViewErrorBag.php	0.00		cached
ok	/site/core/vendor/illuminate/support/functions.php	0.00		cached
ok	/site/core/vendor/illuminate/support/helpers.php	0.00		cached
ok	/site/core/vendor/illuminate/translation/ArrayLoader.php	0.00		cached
ok	/site/core/vendor/illuminate/translation/CreatesPotentiallyTranslatedStrings.php	0.00		cached
ok	/site/core/vendor/illuminate/translation/FileLoader.php	0.00		cached
ok	/site/core/vendor/illuminate/translation/MessageSelector.php	0.00		cached
ok	/site/core/vendor/illuminate/translation/PotentiallyTranslatedString.php	0.00		cached
ok	/site/core/vendor/illuminate/translation/TranslationServiceProvider.php	0.00		cached
ok	/site/core/vendor/illuminate/translation/Translator.php	0.00		cached
ok	/site/core/vendor/illuminate/translation/lang/en/auth.php	0.00		cached
ok	/site/core/vendor/illuminate/translation/lang/en/pagination.php	0.00		cached
ok	/site/core/vendor/illuminate/translation/lang/en/passwords.php	0.00		cached
ok	/site/core/vendor/illuminate/translation/lang/en/validation.php	0.00		cached
ok	/site/core/vendor/illuminate/validation/ClosureValidationRule.php	0.00		cached
ok	/site/core/vendor/illuminate/validation/Concerns/FilterEmailValidation.php	0.00		cached
ok	/site/core/vendor/illuminate/validation/Concerns/FormatsMessages.php	0.00		cached
ok	/site/core/vendor/illuminate/validation/Concerns/ReplacesAttributes.php	0.00		cached
ok	/site/core/vendor/illuminate/validation/Concerns/ValidatesAttributes.php	0.00		cached
ok	/site/core/vendor/illuminate/validation/ConditionalRules.php	0.00		cached
ok	/site/core/vendor/illuminate/validation/DatabasePresenceVerifier.php	0.00		cached
ok	/site/core/vendor/illuminate/validation/DatabasePresenceVerifierInterface.php	0.00		cached
ok	/site/core/vendor/illuminate/validation/Factory.php	0.00		cached
ok	/site/core/vendor/illuminate/validation/InvokableValidationRule.php	0.00		cached
ok	/site/core/vendor/illuminate/validation/NestedRules.php	0.00		cached
ok	/site/core/vendor/illuminate/validation/NotPwnedVerifier.php	0.00		cached
ok	/site/core/vendor/illuminate/validation/PresenceVerifierInterface.php	0.00		cached
ok	/site/core/vendor/illuminate/validation/Rule.php	0.00		cached
ok	/site/core/vendor/illuminate/validation/Rules/AnyOf.php	0.00		cached
ok	/site/core/vendor/illuminate/validation/Rules/ArrayRule.php	0.00		cached
ok	/site/core/vendor/illuminate/validation/Rules/Can.php	0.00		cached
ok	/site/core/vendor/illuminate/validation/Rules/Contains.php	0.00		cached
ok	/site/core/vendor/illuminate/validation/Rules/DatabaseRule.php	0.00		cached
ok	/site/core/vendor/illuminate/validation/Rules/Date.php	0.00		cached
ok	/site/core/vendor/illuminate/validation/Rules/Dimensions.php	0.00		cached
ok	/site/core/vendor/illuminate/validation/Rules/DoesntContain.php	0.00		cached
ok	/site/core/vendor/illuminate/validation/Rules/Email.php	0.00		cached
fail	/site/core/vendor/illuminate/validation/Rules/Enum.php	0.00	/site/core/vendor/illuminate/validation/Rules/Enum.php: parse failed: expected class name at line 15, column 7	cached
ok	/site/core/vendor/illuminate/validation/Rules/ExcludeIf.php	0.00		cached
ok	/site/core/vendor/illuminate/validation/Rules/ExcludeUnless.php	0.00		cached
ok	/site/core/vendor/illuminate/validation/Rules/Exists.php	0.00		cached
ok	/site/core/vendor/illuminate/validation/Rules/File.php	0.00		cached
ok	/site/core/vendor/illuminate/validation/Rules/ImageFile.php	0.00		cached
ok	/site/core/vendor/illuminate/validation/Rules/In.php	0.00		cached
ok	/site/core/vendor/illuminate/validation/Rules/NotIn.php	0.00		cached
ok	/site/core/vendor/illuminate/validation/Rules/Numeric.php	0.00		cached
ok	/site/core/vendor/illuminate/validation/Rules/Password.php	0.00		cached
ok	/site/core/vendor/illuminate/validation/Rules/ProhibitedIf.php	0.00		cached
ok	/site/core/vendor/illuminate/validation/Rules/ProhibitedUnless.php	0.00		cached
ok	/site/core/vendor/illuminate/validation/Rules/RequiredIf.php	0.00		cached
ok	/site/core/vendor/illuminate/validation/Rules/RequiredUnless.php	0.00		cached
ok	/site/core/vendor/illuminate/validation/Rules/StringRule.php	0.00		cached
ok	/site/core/vendor/illuminate/validation/Rules/Unique.php	0.00		cached
ok	/site/core/vendor/illuminate/validation/UnauthorizedException.php	0.00		cached
ok	/site/core/vendor/illuminate/validation/ValidatesWhenResolvedTrait.php	0.00		cached
ok	/site/core/vendor/illuminate/validation/ValidationData.php	0.00		cached
ok	/site/core/vendor/illuminate/validation/ValidationException.php	0.00		cached
ok	/site/core/vendor/illuminate/validation/ValidationRuleParser.php	0.00		cached
ok	/site/core/vendor/illuminate/validation/ValidationServiceProvider.php	0.00		cached
ok	/site/core/vendor/illuminate/validation/Validator.php	0.00		cached
ok	/site/core/vendor/illuminate/view/AnonymousComponent.php	0.00		cached
ok	/site/core/vendor/illuminate/view/AppendableAttributeValue.php	0.00		cached
ok	/site/core/vendor/illuminate/view/Compilers/BladeCompiler.php	0.00		cached
ok	/site/core/vendor/illuminate/view/Compilers/Compiler.php	0.00		cached
ok	/site/core/vendor/illuminate/view/Compilers/CompilerInterface.php	0.00		cached
ok	/site/core/vendor/illuminate/view/Compilers/ComponentTagCompiler.php	0.00		cached
ok	/site/core/vendor/illuminate/view/Compilers/Concerns/CompilesAuthorizations.php	0.00		cached
ok	/site/core/vendor/illuminate/view/Compilers/Concerns/CompilesClasses.php	0.00		cached
ok	/site/core/vendor/illuminate/view/Compilers/Concerns/CompilesComments.php	0.00		cached
ok	/site/core/vendor/illuminate/view/Compilers/Concerns/CompilesComponents.php	0.00		cached
ok	/site/core/vendor/illuminate/view/Compilers/Concerns/CompilesConditionals.php	0.00		cached
ok	/site/core/vendor/illuminate/view/Compilers/Concerns/CompilesContexts.php	0.00		cached
ok	/site/core/vendor/illuminate/view/Compilers/Concerns/CompilesEchos.php	0.00		cached
ok	/site/core/vendor/illuminate/view/Compilers/Concerns/CompilesErrors.php	0.00		cached
ok	/site/core/vendor/illuminate/view/Compilers/Concerns/CompilesFragments.php	0.00		cached
ok	/site/core/vendor/illuminate/view/Compilers/Concerns/CompilesHelpers.php	0.00		cached
ok	/site/core/vendor/illuminate/view/Compilers/Concerns/CompilesIncludes.php	0.00		cached
ok	/site/core/vendor/illuminate/view/Compilers/Concerns/CompilesInjections.php	0.00		cached
ok	/site/core/vendor/illuminate/view/Compilers/Concerns/CompilesJs.php	0.00		cached
ok	/site/core/vendor/illuminate/view/Compilers/Concerns/CompilesJson.php	0.00		cached
ok	/site/core/vendor/illuminate/view/Compilers/Concerns/CompilesLayouts.php	0.00		cached
ok	/site/core/vendor/illuminate/view/Compilers/Concerns/CompilesLoops.php	0.00		cached
ok	/site/core/vendor/illuminate/view/Compilers/Concerns/CompilesRawPhp.php	0.00		cached
ok	/site/core/vendor/illuminate/view/Compilers/Concerns/CompilesSessions.php	0.00		cached
ok	/site/core/vendor/illuminate/view/Compilers/Concerns/CompilesStacks.php	0.00		cached
ok	/site/core/vendor/illuminate/view/Compilers/Concerns/CompilesStyles.php	0.00		cached
ok	/site/core/vendor/illuminate/view/Compilers/Concerns/CompilesTranslations.php	0.00		cached
ok	/site/core/vendor/illuminate/view/Compilers/Concerns/CompilesUseStatements.php	0.00		cached
ok	/site/core/vendor/illuminate/view/Component.php	0.00		cached
ok	/site/core/vendor/illuminate/view/ComponentAttributeBag.php	0.00		cached
ok	/site/core/vendor/illuminate/view/ComponentSlot.php	0.00		cached
ok	/site/core/vendor/illuminate/view/Concerns/ManagesComponents.php	0.00		cached
ok	/site/core/vendor/illuminate/view/Concerns/ManagesEvents.php	0.00		cached
ok	/site/core/vendor/illuminate/view/Concerns/ManagesFragments.php	0.00		cached
ok	/site/core/vendor/illuminate/view/Concerns/ManagesLayouts.php	0.00		cached
ok	/site/core/vendor/illuminate/view/Concerns/ManagesLoops.php	0.00		cached
ok	/site/core/vendor/illuminate/view/Concerns/ManagesStacks.php	0.00		cached
ok	/site/core/vendor/illuminate/view/Concerns/ManagesTranslations.php	0.00		cached
ok	/site/core/vendor/illuminate/view/DynamicComponent.php	0.00		cached
ok	/site/core/vendor/illuminate/view/Engines/CompilerEngine.php	0.00		cached
ok	/site/core/vendor/illuminate/view/Engines/Engine.php	0.00		cached
ok	/site/core/vendor/illuminate/view/Engines/EngineResolver.php	0.00		cached
ok	/site/core/vendor/illuminate/view/Engines/FileEngine.php	0.00		cached
ok	/site/core/vendor/illuminate/view/Engines/PhpEngine.php	0.00		cached
ok	/site/core/vendor/illuminate/view/Factory.php	0.00		cached
ok	/site/core/vendor/illuminate/view/FileViewFinder.php	0.00		cached
ok	/site/core/vendor/illuminate/view/InvokableComponentVariable.php	0.00		cached
ok	/site/core/vendor/illuminate/view/Middleware/ShareErrorsFromSession.php	0.00		cached
ok	/site/core/vendor/illuminate/view/View.php	0.00		cached
ok	/site/core/vendor/illuminate/view/ViewException.php	0.00		cached
ok	/site/core/vendor/illuminate/view/ViewFinderInterface.php	0.00		cached
ok	/site/core/vendor/illuminate/view/ViewName.php	0.00		cached
ok	/site/core/vendor/illuminate/view/ViewServiceProvider.php	0.00		cached
ok	/site/core/vendor/james-heinrich/phpthumb/demo/index.php	0.00		cached
fail	/site/core/vendor/james-heinrich/phpthumb/demo/phpThumb.demo.check.php	0.00	compile failed: MIR.verify: dangling local $PHPTHUMB_CONFIG read in __main but never defined	cached
fail	/site/core/vendor/james-heinrich/phpthumb/demo/phpThumb.demo.demo.php	0.00	compile failed: MIR.verify: dangling local $PHPTHUMB_CONFIG read in __main but never defined	cached
ok	/site/core/vendor/james-heinrich/phpthumb/demo/phpThumb.demo.gallery.php	0.00		cached
fail	/site/core/vendor/james-heinrich/phpthumb/demo/phpThumb.demo.object.php	0.00	compile failed: MIR.verify: dangling local $mysqli read in __main but never defined	cached
ok	/site/core/vendor/james-heinrich/phpthumb/demo/phpThumb.demo.object.simple.php	0.00		cached
ok	/site/core/vendor/james-heinrich/phpthumb/demo/phpThumb.demo.random.php	0.00		cached
ok	/site/core/vendor/james-heinrich/phpthumb/demo/phpThumb.demo.showpic.php	0.00		cached
ok	/site/core/vendor/james-heinrich/phpthumb/index.php	0.00		cached
fail	/site/core/vendor/james-heinrich/phpthumb/phpThumb.php	0.00	compile failed: MIR.verify: dangling local $HTTP_SERVER_VARS read in __main but never defined	cached
ok	/site/core/vendor/james-heinrich/phpthumb/phpthumb.bmp.php	0.00		cached
ok	/site/core/vendor/james-heinrich/phpthumb/phpthumb.class.php	0.00		cached
ok	/site/core/vendor/james-heinrich/phpthumb/phpthumb.filters.php	0.00		cached
ok	/site/core/vendor/james-heinrich/phpthumb/phpthumb.functions.php	0.00		cached
fail	/site/core/vendor/james-heinrich/phpthumb/phpthumb.gif.php	0.00	compile failed: lazy body /site/core/vendor/james-heinrich/phpthumb/phpthumb.gif.php:68 [{  if (!isset($gif) || (@get_class($gif) <> 'cgif') || !$gif->loaded() || ($lpszFileName == '')) {   return false;  }   ]: unexpected token in expression: Greater at line 69, column 41	cached
ok	/site/core/vendor/james-heinrich/phpthumb/phpthumb.ico.php	0.00		cached
ok	/site/core/vendor/james-heinrich/phpthumb/phpthumb.unsharp.php	0.00		cached
ok	/site/core/vendor/jean85/pretty-package-versions/rector.php	0.00		cached
ok	/site/core/vendor/jean85/pretty-package-versions/src/Exception/ProvidedPackageException.php	0.00		cached
ok	/site/core/vendor/jean85/pretty-package-versions/src/Exception/ReplacedPackageException.php	0.00		cached
ok	/site/core/vendor/jean85/pretty-package-versions/src/Exception/VersionMissingExceptionInterface.php	0.00		cached
ok	/site/core/vendor/jean85/pretty-package-versions/src/PrettyVersions.php	0.00		cached
ok	/site/core/vendor/jean85/pretty-package-versions/src/Version.php	0.00		cached
ok	/site/core/vendor/justinrainbow/json-schema/src/JsonSchema/ConstraintError.php	0.00		cached
ok	/site/core/vendor/justinrainbow/json-schema/src/JsonSchema/Constraints/BaseConstraint.php	0.00		cached
ok	/site/core/vendor/justinrainbow/json-schema/src/JsonSchema/Constraints/CollectionConstraint.php	0.00		cached
ok	/site/core/vendor/justinrainbow/json-schema/src/JsonSchema/Constraints/ConstConstraint.php	0.00		cached
ok	/site/core/vendor/justinrainbow/json-schema/src/JsonSchema/Constraints/Constraint.php	0.00		cached
ok	/site/core/vendor/justinrainbow/json-schema/src/JsonSchema/Constraints/ConstraintInterface.php	0.00		cached
ok	/site/core/vendor/justinrainbow/json-schema/src/JsonSchema/Constraints/Drafts/Draft06/AdditionalItemsConstraint.php	0.00		cached
ok	/site/core/vendor/justinrainbow/json-schema/src/JsonSchema/Constraints/Drafts/Draft06/AdditionalPropertiesConstraint.php	0.00		cached
ok	/site/core/vendor/justinrainbow/json-schema/src/JsonSchema/Constraints/Drafts/Draft06/AllOfConstraint.php	0.00		cached
ok	/site/core/vendor/justinrainbow/json-schema/src/JsonSchema/Constraints/Drafts/Draft06/AnyOfConstraint.php	0.00		cached
ok	/site/core/vendor/justinrainbow/json-schema/src/JsonSchema/Constraints/Drafts/Draft06/ConstConstraint.php	0.00		cached
ok	/site/core/vendor/justinrainbow/json-schema/src/JsonSchema/Constraints/Drafts/Draft06/ContainsConstraint.php	0.00		cached
ok	/site/core/vendor/justinrainbow/json-schema/src/JsonSchema/Constraints/Drafts/Draft06/DependenciesConstraint.php	0.00		cached
ok	/site/core/vendor/justinrainbow/json-schema/src/JsonSchema/Constraints/Drafts/Draft06/Draft06Constraint.php	0.00		cached
ok	/site/core/vendor/justinrainbow/json-schema/src/JsonSchema/Constraints/Drafts/Draft06/EnumConstraint.php	0.00		cached
ok	/site/core/vendor/justinrainbow/json-schema/src/JsonSchema/Constraints/Drafts/Draft06/ExclusiveMaximumConstraint.php	0.00		cached
ok	/site/core/vendor/justinrainbow/json-schema/src/JsonSchema/Constraints/Drafts/Draft06/ExclusiveMinimumConstraint.php	0.00		cached
ok	/site/core/vendor/justinrainbow/json-schema/src/JsonSchema/Constraints/Drafts/Draft06/Factory.php	0.00		cached
ok	/site/core/vendor/justinrainbow/json-schema/src/JsonSchema/Constraints/Drafts/Draft06/FormatConstraint.php	0.00		cached
ok	/site/core/vendor/justinrainbow/json-schema/src/JsonSchema/Constraints/Drafts/Draft06/ItemsConstraint.php	0.00		cached
ok	/site/core/vendor/justinrainbow/json-schema/src/JsonSchema/Constraints/Drafts/Draft06/MaxItemsConstraint.php	0.00		cached
ok	/site/core/vendor/justinrainbow/json-schema/src/JsonSchema/Constraints/Drafts/Draft06/MaxLengthConstraint.php	0.00		cached
ok	/site/core/vendor/justinrainbow/json-schema/src/JsonSchema/Constraints/Drafts/Draft06/MaxPropertiesConstraint.php	0.00		cached
ok	/site/core/vendor/justinrainbow/json-schema/src/JsonSchema/Constraints/Drafts/Draft06/MaximumConstraint.php	0.00		cached
ok	/site/core/vendor/justinrainbow/json-schema/src/JsonSchema/Constraints/Drafts/Draft06/MinItemsConstraint.php	0.00		cached
ok	/site/core/vendor/justinrainbow/json-schema/src/JsonSchema/Constraints/Drafts/Draft06/MinLengthConstraint.php	0.00		cached
ok	/site/core/vendor/justinrainbow/json-schema/src/JsonSchema/Constraints/Drafts/Draft06/MinPropertiesConstraint.php	0.00		cached
ok	/site/core/vendor/justinrainbow/json-schema/src/JsonSchema/Constraints/Drafts/Draft06/MinimumConstraint.php	0.00		cached
ok	/site/core/vendor/justinrainbow/json-schema/src/JsonSchema/Constraints/Drafts/Draft06/MultipleOfConstraint.php	0.00		cached
ok	/site/core/vendor/justinrainbow/json-schema/src/JsonSchema/Constraints/Drafts/Draft06/NotConstraint.php	0.00		cached
ok	/site/core/vendor/justinrainbow/json-schema/src/JsonSchema/Constraints/Drafts/Draft06/OneOfConstraint.php	0.00		cached
ok	/site/core/vendor/justinrainbow/json-schema/src/JsonSchema/Constraints/Drafts/Draft06/PatternConstraint.php	0.00		cached
ok	/site/core/vendor/justinrainbow/json-schema/src/JsonSchema/Constraints/Drafts/Draft06/PatternPropertiesConstraint.php	0.00		cached
ok	/site/core/vendor/justinrainbow/json-schema/src/JsonSchema/Constraints/Drafts/Draft06/PropertiesConstraint.php	0.00		cached
ok	/site/core/vendor/justinrainbow/json-schema/src/JsonSchema/Constraints/Drafts/Draft06/PropertiesNamesConstraint.php	0.00		cached
ok	/site/core/vendor/justinrainbow/json-schema/src/JsonSchema/Constraints/Drafts/Draft06/RefConstraint.php	0.00		cached
ok	/site/core/vendor/justinrainbow/json-schema/src/JsonSchema/Constraints/Drafts/Draft06/RequiredConstraint.php	0.00		cached
ok	/site/core/vendor/justinrainbow/json-schema/src/JsonSchema/Constraints/Drafts/Draft06/TypeConstraint.php	0.00		cached
ok	/site/core/vendor/justinrainbow/json-schema/src/JsonSchema/Constraints/Drafts/Draft06/UniqueItemsConstraint.php	0.00		cached
ok	/site/core/vendor/justinrainbow/json-schema/src/JsonSchema/Constraints/Drafts/Draft07/AdditionalItemsConstraint.php	0.00		cached
ok	/site/core/vendor/justinrainbow/json-schema/src/JsonSchema/Constraints/Drafts/Draft07/AdditionalPropertiesConstraint.php	0.00		cached
ok	/site/core/vendor/justinrainbow/json-schema/src/JsonSchema/Constraints/Drafts/Draft07/AllOfConstraint.php	0.00		cached
ok	/site/core/vendor/justinrainbow/json-schema/src/JsonSchema/Constraints/Drafts/Draft07/AnyOfConstraint.php	0.00		cached
ok	/site/core/vendor/justinrainbow/json-schema/src/JsonSchema/Constraints/Drafts/Draft07/ConstConstraint.php	0.00		cached
ok	/site/core/vendor/justinrainbow/json-schema/src/JsonSchema/Constraints/Drafts/Draft07/ContainsConstraint.php	0.00		cached
ok	/site/core/vendor/justinrainbow/json-schema/src/JsonSchema/Constraints/Drafts/Draft07/ContentConstraint.php	0.00		cached
ok	/site/core/vendor/justinrainbow/json-schema/src/JsonSchema/Constraints/Drafts/Draft07/DependenciesConstraint.php	0.00		cached
ok	/site/core/vendor/justinrainbow/json-schema/src/JsonSchema/Constraints/Drafts/Draft07/Draft07Constraint.php	0.00		cached
ok	/site/core/vendor/justinrainbow/json-schema/src/JsonSchema/Constraints/Drafts/Draft07/EnumConstraint.php	0.00		cached
ok	/site/core/vendor/justinrainbow/json-schema/src/JsonSchema/Constraints/Drafts/Draft07/ExclusiveMaximumConstraint.php	0.00		cached
ok	/site/core/vendor/justinrainbow/json-schema/src/JsonSchema/Constraints/Drafts/Draft07/ExclusiveMinimumConstraint.php	0.00		cached
ok	/site/core/vendor/justinrainbow/json-schema/src/JsonSchema/Constraints/Drafts/Draft07/Factory.php	0.00		cached
ok	/site/core/vendor/justinrainbow/json-schema/src/JsonSchema/Constraints/Drafts/Draft07/FormatConstraint.php	0.00		cached
ok	/site/core/vendor/justinrainbow/json-schema/src/JsonSchema/Constraints/Drafts/Draft07/IfThenElseConstraint.php	0.00		cached
ok	/site/core/vendor/justinrainbow/json-schema/src/JsonSchema/Constraints/Drafts/Draft07/ItemsConstraint.php	0.00		cached
ok	/site/core/vendor/justinrainbow/json-schema/src/JsonSchema/Constraints/Drafts/Draft07/MaxItemsConstraint.php	0.00		cached
ok	/site/core/vendor/justinrainbow/json-schema/src/JsonSchema/Constraints/Drafts/Draft07/MaxLengthConstraint.php	0.00		cached
ok	/site/core/vendor/justinrainbow/json-schema/src/JsonSchema/Constraints/Drafts/Draft07/MaxPropertiesConstraint.php	0.00		cached
ok	/site/core/vendor/justinrainbow/json-schema/src/JsonSchema/Constraints/Drafts/Draft07/MaximumConstraint.php	0.00		cached
ok	/site/core/vendor/justinrainbow/json-schema/src/JsonSchema/Constraints/Drafts/Draft07/MinItemsConstraint.php	0.00		cached
ok	/site/core/vendor/justinrainbow/json-schema/src/JsonSchema/Constraints/Drafts/Draft07/MinLengthConstraint.php	0.00		cached
ok	/site/core/vendor/justinrainbow/json-schema/src/JsonSchema/Constraints/Drafts/Draft07/MinPropertiesConstraint.php	0.00		cached
ok	/site/core/vendor/justinrainbow/json-schema/src/JsonSchema/Constraints/Drafts/Draft07/MinimumConstraint.php	0.00		cached
ok	/site/core/vendor/justinrainbow/json-schema/src/JsonSchema/Constraints/Drafts/Draft07/MultipleOfConstraint.php	0.00		cached
ok	/site/core/vendor/justinrainbow/json-schema/src/JsonSchema/Constraints/Drafts/Draft07/NotConstraint.php	0.00		cached
ok	/site/core/vendor/justinrainbow/json-schema/src/JsonSchema/Constraints/Drafts/Draft07/OneOfConstraint.php	0.00		cached
ok	/site/core/vendor/justinrainbow/json-schema/src/JsonSchema/Constraints/Drafts/Draft07/PatternConstraint.php	0.00		cached
ok	/site/core/vendor/justinrainbow/json-schema/src/JsonSchema/Constraints/Drafts/Draft07/PatternPropertiesConstraint.php	0.00		cached
ok	/site/core/vendor/justinrainbow/json-schema/src/JsonSchema/Constraints/Drafts/Draft07/PropertiesConstraint.php	0.00		cached
ok	/site/core/vendor/justinrainbow/json-schema/src/JsonSchema/Constraints/Drafts/Draft07/PropertiesNamesConstraint.php	0.00		cached
ok	/site/core/vendor/justinrainbow/json-schema/src/JsonSchema/Constraints/Drafts/Draft07/RefConstraint.php	0.00		cached
ok	/site/core/vendor/justinrainbow/json-schema/src/JsonSchema/Constraints/Drafts/Draft07/RequiredConstraint.php	0.00		cached
ok	/site/core/vendor/justinrainbow/json-schema/src/JsonSchema/Constraints/Drafts/Draft07/TypeConstraint.php	0.00		cached
ok	/site/core/vendor/justinrainbow/json-schema/src/JsonSchema/Constraints/Drafts/Draft07/UniqueItemsConstraint.php	0.00		cached
ok	/site/core/vendor/justinrainbow/json-schema/src/JsonSchema/Constraints/Drafts/Draft2019/AdditionalItemsConstraint.php	0.00		cached
ok	/site/core/vendor/justinrainbow/json-schema/src/JsonSchema/Constraints/Drafts/Draft2019/AdditionalPropertiesConstraint.php	0.00		cached
ok	/site/core/vendor/justinrainbow/json-schema/src/JsonSchema/Constraints/Drafts/Draft2019/AllOfConstraint.php	0.00		cached
ok	/site/core/vendor/justinrainbow/json-schema/src/JsonSchema/Constraints/Drafts/Draft2019/AnyOfConstraint.php	0.00		cached
ok	/site/core/vendor/justinrainbow/json-schema/src/JsonSchema/Constraints/Drafts/Draft2019/ConstConstraint.php	0.00		cached
ok	/site/core/vendor/justinrainbow/json-schema/src/JsonSchema/Constraints/Drafts/Draft2019/ContainsConstraint.php	0.00		cached
ok	/site/core/vendor/justinrainbow/json-schema/src/JsonSchema/Constraints/Drafts/Draft2019/ContentConstraint.php	0.00		cached
ok	/site/core/vendor/justinrainbow/json-schema/src/JsonSchema/Constraints/Drafts/Draft2019/DependentRequiredConstraint.php	0.00		cached
ok	/site/core/vendor/justinrainbow/json-schema/src/JsonSchema/Constraints/Drafts/Draft2019/DependentSchemasConstraint.php	0.00		cached
ok	/site/core/vendor/justinrainbow/json-schema/src/JsonSchema/Constraints/Drafts/Draft2019/Draft2019Constraint.php	0.00		cached
ok	/site/core/vendor/justinrainbow/json-schema/src/JsonSchema/Constraints/Drafts/Draft2019/EnumConstraint.php	0.00		cached
ok	/site/core/vendor/justinrainbow/json-schema/src/JsonSchema/Constraints/Drafts/Draft2019/ExclusiveMaximumConstraint.php	0.00		cached
ok	/site/core/vendor/justinrainbow/json-schema/src/JsonSchema/Constraints/Drafts/Draft2019/ExclusiveMinimumConstraint.php	0.00		cached
ok	/site/core/vendor/justinrainbow/json-schema/src/JsonSchema/Constraints/Drafts/Draft2019/Factory.php	0.00		cached
ok	/site/core/vendor/justinrainbow/json-schema/src/JsonSchema/Constraints/Drafts/Draft2019/FormatConstraint.php	0.00		cached
ok	/site/core/vendor/justinrainbow/json-schema/src/JsonSchema/Constraints/Drafts/Draft2019/IfThenElseConstraint.php	0.00		cached
ok	/site/core/vendor/justinrainbow/json-schema/src/JsonSchema/Constraints/Drafts/Draft2019/ItemsConstraint.php	0.00		cached
ok	/site/core/vendor/justinrainbow/json-schema/src/JsonSchema/Constraints/Drafts/Draft2019/MaxItemsConstraint.php	0.00		cached
ok	/site/core/vendor/justinrainbow/json-schema/src/JsonSchema/Constraints/Drafts/Draft2019/MaxLengthConstraint.php	0.00		cached
ok	/site/core/vendor/justinrainbow/json-schema/src/JsonSchema/Constraints/Drafts/Draft2019/MaxPropertiesConstraint.php	0.00		cached
ok	/site/core/vendor/justinrainbow/json-schema/src/JsonSchema/Constraints/Drafts/Draft2019/MaximumConstraint.php	0.00		cached
ok	/site/core/vendor/justinrainbow/json-schema/src/JsonSchema/Constraints/Drafts/Draft2019/MinItemsConstraint.php	0.00		cached
ok	/site/core/vendor/justinrainbow/json-schema/src/JsonSchema/Constraints/Drafts/Draft2019/MinLengthConstraint.php	0.00		cached
ok	/site/core/vendor/justinrainbow/json-schema/src/JsonSchema/Constraints/Drafts/Draft2019/MinPropertiesConstraint.php	0.00		cached
ok	/site/core/vendor/justinrainbow/json-schema/src/JsonSchema/Constraints/Drafts/Draft2019/MinimumConstraint.php	0.00		cached
ok	/site/core/vendor/justinrainbow/json-schema/src/JsonSchema/Constraints/Drafts/Draft2019/MultipleOfConstraint.php	0.00		cached
ok	/site/core/vendor/justinrainbow/json-schema/src/JsonSchema/Constraints/Drafts/Draft2019/NotConstraint.php	0.00		cached
ok	/site/core/vendor/justinrainbow/json-schema/src/JsonSchema/Constraints/Drafts/Draft2019/OneOfConstraint.php	0.00		cached
ok	/site/core/vendor/justinrainbow/json-schema/src/JsonSchema/Constraints/Drafts/Draft2019/PatternConstraint.php	0.00		cached
ok	/site/core/vendor/justinrainbow/json-schema/src/JsonSchema/Constraints/Drafts/Draft2019/PatternPropertiesConstraint.php	0.00		cached
ok	/site/core/vendor/justinrainbow/json-schema/src/JsonSchema/Constraints/Drafts/Draft2019/PropertiesConstraint.php	0.00		cached
ok	/site/core/vendor/justinrainbow/json-schema/src/JsonSchema/Constraints/Drafts/Draft2019/PropertiesNamesConstraint.php	0.00		cached
ok	/site/core/vendor/justinrainbow/json-schema/src/JsonSchema/Constraints/Drafts/Draft2019/RefConstraint.php	0.00		cached
ok	/site/core/vendor/justinrainbow/json-schema/src/JsonSchema/Constraints/Drafts/Draft2019/RequiredConstraint.php	0.00		cached
ok	/site/core/vendor/justinrainbow/json-schema/src/JsonSchema/Constraints/Drafts/Draft2019/TypeConstraint.php	0.00		cached
ok	/site/core/vendor/justinrainbow/json-schema/src/JsonSchema/Constraints/Drafts/Draft2019/UniqueItemsConstraint.php	0.00		cached
ok	/site/core/vendor/justinrainbow/json-schema/src/JsonSchema/Constraints/EnumConstraint.php	0.00		cached
ok	/site/core/vendor/justinrainbow/json-schema/src/JsonSchema/Constraints/Factory.php	0.00		cached
ok	/site/core/vendor/justinrainbow/json-schema/src/JsonSchema/Constraints/FormatConstraint.php	0.00		cached
ok	/site/core/vendor/justinrainbow/json-schema/src/JsonSchema/Constraints/NumberConstraint.php	0.00		cached
ok	/site/core/vendor/justinrainbow/json-schema/src/JsonSchema/Constraints/ObjectConstraint.php	0.00		cached
ok	/site/core/vendor/justinrainbow/json-schema/src/JsonSchema/Constraints/SchemaConstraint.php	0.00		cached
ok	/site/core/vendor/justinrainbow/json-schema/src/JsonSchema/Constraints/StringConstraint.php	0.00		cached
ok	/site/core/vendor/justinrainbow/json-schema/src/JsonSchema/Constraints/TypeCheck/LooseTypeCheck.php	0.00		cached
ok	/site/core/vendor/justinrainbow/json-schema/src/JsonSchema/Constraints/TypeCheck/StrictTypeCheck.php	0.00		cached
ok	/site/core/vendor/justinrainbow/json-schema/src/JsonSchema/Constraints/TypeCheck/TypeCheckInterface.php	0.00		cached
ok	/site/core/vendor/justinrainbow/json-schema/src/JsonSchema/Constraints/TypeConstraint.php	0.00		cached
ok	/site/core/vendor/justinrainbow/json-schema/src/JsonSchema/Constraints/UndefinedConstraint.php	0.00		cached
ok	/site/core/vendor/justinrainbow/json-schema/src/JsonSchema/DraftIdentifiers.php	0.00		cached
ok	/site/core/vendor/justinrainbow/json-schema/src/JsonSchema/Entity/ErrorBag.php	0.00		cached
ok	/site/core/vendor/justinrainbow/json-schema/src/JsonSchema/Entity/ErrorBagProxy.php	0.00		cached
ok	/site/core/vendor/justinrainbow/json-schema/src/JsonSchema/Entity/JsonPointer.php	0.00		cached
fail	/site/core/vendor/justinrainbow/json-schema/src/JsonSchema/Enum.php	0.00	/site/core/vendor/justinrainbow/json-schema/src/JsonSchema/Enum.php: parse failed: expected class name at line 7, column 16	cached
ok	/site/core/vendor/justinrainbow/json-schema/src/JsonSchema/Exception/ExceptionInterface.php	0.00		cached
ok	/site/core/vendor/justinrainbow/json-schema/src/JsonSchema/Exception/InvalidArgumentException.php	0.00		cached
ok	/site/core/vendor/justinrainbow/json-schema/src/JsonSchema/Exception/InvalidConfigException.php	0.00		cached
ok	/site/core/vendor/justinrainbow/json-schema/src/JsonSchema/Exception/InvalidSchemaException.php	0.00		cached
ok	/site/core/vendor/justinrainbow/json-schema/src/JsonSchema/Exception/InvalidSchemaMediaTypeException.php	0.00		cached
ok	/site/core/vendor/justinrainbow/json-schema/src/JsonSchema/Exception/InvalidSourceUriException.php	0.00		cached
ok	/site/core/vendor/justinrainbow/json-schema/src/JsonSchema/Exception/JsonDecodingException.php	0.00		cached
ok	/site/core/vendor/justinrainbow/json-schema/src/JsonSchema/Exception/ResourceNotFoundException.php	0.00		cached
ok	/site/core/vendor/justinrainbow/json-schema/src/JsonSchema/Exception/RuntimeException.php	0.00		cached
ok	/site/core/vendor/justinrainbow/json-schema/src/JsonSchema/Exception/UnresolvableJsonPointerException.php	0.00		cached
ok	/site/core/vendor/justinrainbow/json-schema/src/JsonSchema/Exception/UriResolverException.php	0.00		cached
ok	/site/core/vendor/justinrainbow/json-schema/src/JsonSchema/Exception/ValidationException.php	0.00		cached
ok	/site/core/vendor/justinrainbow/json-schema/src/JsonSchema/Iterator/ObjectIterator.php	0.00		cached
ok	/site/core/vendor/justinrainbow/json-schema/src/JsonSchema/Rfc3339.php	0.00		cached
ok	/site/core/vendor/justinrainbow/json-schema/src/JsonSchema/SchemaStorage.php	0.00		cached
ok	/site/core/vendor/justinrainbow/json-schema/src/JsonSchema/SchemaStorageInterface.php	0.00		cached
ok	/site/core/vendor/justinrainbow/json-schema/src/JsonSchema/Tool/DeepComparer.php	0.00		cached
ok	/site/core/vendor/justinrainbow/json-schema/src/JsonSchema/Tool/DeepCopy.php	0.00		cached
ok	/site/core/vendor/justinrainbow/json-schema/src/JsonSchema/Tool/Validator/RelativeReferenceValidator.php	0.00		cached
ok	/site/core/vendor/justinrainbow/json-schema/src/JsonSchema/Tool/Validator/UriValidator.php	0.00		cached
ok	/site/core/vendor/justinrainbow/json-schema/src/JsonSchema/Uri/Retrievers/AbstractRetriever.php	0.00		cached
ok	/site/core/vendor/justinrainbow/json-schema/src/JsonSchema/Uri/Retrievers/Curl.php	0.00		cached
ok	/site/core/vendor/justinrainbow/json-schema/src/JsonSchema/Uri/Retrievers/FileGetContents.php	0.00		cached
ok	/site/core/vendor/justinrainbow/json-schema/src/JsonSchema/Uri/Retrievers/PredefinedArray.php	0.00		cached
ok	/site/core/vendor/justinrainbow/json-schema/src/JsonSchema/Uri/Retrievers/UriRetrieverInterface.php	0.00		cached
ok	/site/core/vendor/justinrainbow/json-schema/src/JsonSchema/Uri/UriResolver.php	0.00		cached
ok	/site/core/vendor/justinrainbow/json-schema/src/JsonSchema/Uri/UriRetriever.php	0.00		cached
ok	/site/core/vendor/justinrainbow/json-schema/src/JsonSchema/UriResolverInterface.php	0.00		cached
ok	/site/core/vendor/justinrainbow/json-schema/src/JsonSchema/UriRetrieverInterface.php	0.00		cached
ok	/site/core/vendor/justinrainbow/json-schema/src/JsonSchema/Validator.php	0.00		cached
ok	/site/core/vendor/laravel/prompts/src/AutoCompletePrompt.php	0.00		cached
ok	/site/core/vendor/laravel/prompts/src/Callout.php	0.00		cached
ok	/site/core/vendor/laravel/prompts/src/Clear.php	0.00		cached
ok	/site/core/vendor/laravel/prompts/src/Concerns/Colors.php	0.00		cached
ok	/site/core/vendor/laravel/prompts/src/Concerns/Cursor.php	0.00		cached
ok	/site/core/vendor/laravel/prompts/src/Concerns/Erase.php	0.00		cached
ok	/site/core/vendor/laravel/prompts/src/Concerns/Events.php	0.00		cached
ok	/site/core/vendor/laravel/prompts/src/Concerns/FakesInputOutput.php	0.00		cached
ok	/site/core/vendor/laravel/prompts/src/Concerns/Fallback.php	0.00		cached
ok	/site/core/vendor/laravel/prompts/src/Concerns/HasInfo.php	0.00		cached
ok	/site/core/vendor/laravel/prompts/src/Concerns/HasSpinner.php	0.00		cached
ok	/site/core/vendor/laravel/prompts/src/Concerns/Interactivity.php	0.00		cached
ok	/site/core/vendor/laravel/prompts/src/Concerns/Scrolling.php	0.00		cached
ok	/site/core/vendor/laravel/prompts/src/Concerns/Termwind.php	0.00		cached
ok	/site/core/vendor/laravel/prompts/src/Concerns/Themes.php	0.00		cached
ok	/site/core/vendor/laravel/prompts/src/Concerns/Truncation.php	0.00		cached
ok	/site/core/vendor/laravel/prompts/src/Concerns/TypedValue.php	0.00		cached
ok	/site/core/vendor/laravel/prompts/src/ConfirmPrompt.php	0.00		cached
ok	/site/core/vendor/laravel/prompts/src/DataTablePrompt.php	0.00		cached
ok	/site/core/vendor/laravel/prompts/src/Elements/BulletedList.php	0.00		cached
ok	/site/core/vendor/laravel/prompts/src/Elements/Element.php	0.00		cached
ok	/site/core/vendor/laravel/prompts/src/Elements/ElementContract.php	0.00		cached
ok	/site/core/vendor/laravel/prompts/src/Elements/Heading.php	0.00		cached
ok	/site/core/vendor/laravel/prompts/src/Elements/KeyValueList.php	0.00		cached
ok	/site/core/vendor/laravel/prompts/src/Elements/Link.php	0.00		cached
ok	/site/core/vendor/laravel/prompts/src/Elements/NumberedList.php	0.00		cached
ok	/site/core/vendor/laravel/prompts/src/Exceptions/FormRevertedException.php	0.00		cached
ok	/site/core/vendor/laravel/prompts/src/Exceptions/NonInteractiveValidationException.php	0.00		cached
ok	/site/core/vendor/laravel/prompts/src/FormBuilder.php	0.00		cached
ok	/site/core/vendor/laravel/prompts/src/FormStep.php	0.00		cached
ok	/site/core/vendor/laravel/prompts/src/Grid.php	0.00		cached
ok	/site/core/vendor/laravel/prompts/src/Key.php	0.00		cached
ok	/site/core/vendor/laravel/prompts/src/MultiSearchPrompt.php	0.00		cached
ok	/site/core/vendor/laravel/prompts/src/MultiSelectPrompt.php	0.00		cached
ok	/site/core/vendor/laravel/prompts/src/Note.php	0.00		cached
ok	/site/core/vendor/laravel/prompts/src/NotifyPrompt.php	0.00		cached
ok	/site/core/vendor/laravel/prompts/src/NumberPrompt.php	0.00		cached
ok	/site/core/vendor/laravel/prompts/src/Output/BufferedConsoleOutput.php	0.00		cached
ok	/site/core/vendor/laravel/prompts/src/Output/ConsoleOutput.php	0.00		cached
ok	/site/core/vendor/laravel/prompts/src/PasswordPrompt.php	0.00		cached
ok	/site/core/vendor/laravel/prompts/src/PausePrompt.php	0.00		cached
ok	/site/core/vendor/laravel/prompts/src/Progress.php	0.00		cached
fail	/site/core/vendor/laravel/prompts/src/Prompt.php	0.00	compile failed: MIR.lower: unsupported assign target kind StaticAccess at /site/core/vendor/laravel/prompts/src/Prompt.php:111	cached
ok	/site/core/vendor/laravel/prompts/src/SearchPrompt.php	0.00		cached
ok	/site/core/vendor/laravel/prompts/src/SelectPrompt.php	0.00		cached
ok	/site/core/vendor/laravel/prompts/src/Spinner.php	0.00		cached
ok	/site/core/vendor/laravel/prompts/src/Stream.php	0.00		cached
ok	/site/core/vendor/laravel/prompts/src/SuggestPrompt.php	0.00		cached
ok	/site/core/vendor/laravel/prompts/src/Support/Logger.php	0.00		cached
ok	/site/core/vendor/laravel/prompts/src/Support/Result.php	0.00		cached
ok	/site/core/vendor/laravel/prompts/src/Support/Utils.php	0.00		cached
ok	/site/core/vendor/laravel/prompts/src/Table.php	0.00		cached
ok	/site/core/vendor/laravel/prompts/src/Task.php	0.00		cached
ok	/site/core/vendor/laravel/prompts/src/Terminal.php	0.00		cached
ok	/site/core/vendor/laravel/prompts/src/TextPrompt.php	0.00		cached
ok	/site/core/vendor/laravel/prompts/src/TextareaPrompt.php	0.00		cached
ok	/site/core/vendor/laravel/prompts/src/Themes/Contracts/Scrolling.php	0.00		cached
ok	/site/core/vendor/laravel/prompts/src/Themes/Default/AutoCompletePromptRenderer.php	0.00		cached
ok	/site/core/vendor/laravel/prompts/src/Themes/Default/CalloutRenderer.php	0.00		cached
ok	/site/core/vendor/laravel/prompts/src/Themes/Default/ClearRenderer.php	0.00		cached
ok	/site/core/vendor/laravel/prompts/src/Themes/Default/Concerns/DrawsBoxes.php	0.00		cached
ok	/site/core/vendor/laravel/prompts/src/Themes/Default/Concerns/DrawsScrollbars.php	0.00		cached
ok	/site/core/vendor/laravel/prompts/src/Themes/Default/Concerns/InteractsWithStrings.php	0.00		cached
ok	/site/core/vendor/laravel/prompts/src/Themes/Default/ConfirmPromptRenderer.php	0.00		cached
ok	/site/core/vendor/laravel/prompts/src/Themes/Default/DataTableRenderer.php	0.00		cached
ok	/site/core/vendor/laravel/prompts/src/Themes/Default/GridRenderer.php	0.00		cached
ok	/site/core/vendor/laravel/prompts/src/Themes/Default/MultiSearchPromptRenderer.php	0.00		cached
ok	/site/core/vendor/laravel/prompts/src/Themes/Default/MultiSelectPromptRenderer.php	0.00		cached
fail	/site/core/vendor/laravel/prompts/src/Themes/Default/NoteRenderer.php	0.00	compile failed: lazy body /site/core/vendor/laravel/prompts/src/Themes/Default/NoteRenderer.php:13 [{         $lines = explode(PHP_EOL, $note->message);          switch ($note->type) {             case 'intro':          ]: unexpected token in expression: Eof at line 1, column 27	cached
ok	/site/core/vendor/laravel/prompts/src/Themes/Default/NumberPromptRenderer.php	0.00		cached
ok	/site/core/vendor/laravel/prompts/src/Themes/Default/PasswordPromptRenderer.php	0.00		cached
ok	/site/core/vendor/laravel/prompts/src/Themes/Default/PausePromptRenderer.php	0.00		cached
ok	/site/core/vendor/laravel/prompts/src/Themes/Default/ProgressRenderer.php	0.00		cached
ok	/site/core/vendor/laravel/prompts/src/Themes/Default/Renderer.php	0.00		cached
ok	/site/core/vendor/laravel/prompts/src/Themes/Default/SearchPromptRenderer.php	0.00		cached
ok	/site/core/vendor/laravel/prompts/src/Themes/Default/SelectPromptRenderer.php	0.00		cached
ok	/site/core/vendor/laravel/prompts/src/Themes/Default/SpinnerRenderer.php	0.00		cached
ok	/site/core/vendor/laravel/prompts/src/Themes/Default/StreamRenderer.php	0.00		cached
ok	/site/core/vendor/laravel/prompts/src/Themes/Default/SuggestPromptRenderer.php	0.00		cached
ok	/site/core/vendor/laravel/prompts/src/Themes/Default/TableRenderer.php	0.00		cached
ok	/site/core/vendor/laravel/prompts/src/Themes/Default/TaskRenderer.php	0.00		cached
ok	/site/core/vendor/laravel/prompts/src/Themes/Default/TextPromptRenderer.php	0.00		cached
ok	/site/core/vendor/laravel/prompts/src/Themes/Default/TextareaPromptRenderer.php	0.00		cached
ok	/site/core/vendor/laravel/prompts/src/Themes/Default/TitleRenderer.php	0.00		cached
ok	/site/core/vendor/laravel/prompts/src/Title.php	0.00		cached
ok	/site/core/vendor/laravel/prompts/src/helpers.php	0.00		cached
ok	/site/core/vendor/laravel/serializable-closure/src/Contracts/Serializable.php	0.00		cached
ok	/site/core/vendor/laravel/serializable-closure/src/Contracts/Signer.php	0.00		cached
ok	/site/core/vendor/laravel/serializable-closure/src/Exceptions/InvalidSignatureException.php	0.00		cached
ok	/site/core/vendor/laravel/serializable-closure/src/Exceptions/MissingSecretKeyException.php	0.00		cached
fail	/site/core/vendor/laravel/serializable-closure/src/SerializableClosure.php	0.00	compile failed: MIR.lower: unsupported assign target kind StaticAccess at /site/core/vendor/laravel/serializable-closure/src/SerializableClosure.php:71	cached
ok	/site/core/vendor/laravel/serializable-closure/src/Serializers/Native.php	0.00		cached
ok	/site/core/vendor/laravel/serializable-closure/src/Serializers/Signed.php	0.00		cached
ok	/site/core/vendor/laravel/serializable-closure/src/Signers/Hmac.php	0.00		cached
ok	/site/core/vendor/laravel/serializable-closure/src/Support/ClosureScope.php	0.00		cached
ok	/site/core/vendor/laravel/serializable-closure/src/Support/ClosureStream.php	0.00		cached
ok	/site/core/vendor/laravel/serializable-closure/src/Support/ReflectionClosure.php	0.00		cached
ok	/site/core/vendor/laravel/serializable-closure/src/Support/SelfReference.php	0.00		cached
ok	/site/core/vendor/laravel/serializable-closure/src/UnsignedSerializableClosure.php	0.00		cached
ok	/site/core/vendor/league/flysystem-local/FallbackMimeTypeDetector.php	0.00		cached
ok	/site/core/vendor/league/flysystem-local/LocalFilesystemAdapter.php	0.00		cached
ok	/site/core/vendor/league/flysystem/src/CalculateChecksumFromStream.php	0.00		cached
ok	/site/core/vendor/league/flysystem/src/ChecksumAlgoIsNotSupported.php	0.00		cached
ok	/site/core/vendor/league/flysystem/src/ChecksumProvider.php	0.00		cached
ok	/site/core/vendor/league/flysystem/src/Config.php	0.00		cached
ok	/site/core/vendor/league/flysystem/src/CorruptedPathDetected.php	0.00		cached
ok	/site/core/vendor/league/flysystem/src/DecoratedAdapter.php	0.00		cached
ok	/site/core/vendor/league/flysystem/src/DirectoryAttributes.php	0.00		cached
ok	/site/core/vendor/league/flysystem/src/DirectoryListing.php	0.00		cached
ok	/site/core/vendor/league/flysystem/src/FileAttributes.php	0.00		cached
ok	/site/core/vendor/league/flysystem/src/Filesystem.php	0.00		cached
ok	/site/core/vendor/league/flysystem/src/FilesystemAdapter.php	0.00		cached
ok	/site/core/vendor/league/flysystem/src/FilesystemException.php	0.00		cached
ok	/site/core/vendor/league/flysystem/src/FilesystemOperationFailed.php	0.00		cached
ok	/site/core/vendor/league/flysystem/src/FilesystemOperator.php	0.00		cached
ok	/site/core/vendor/league/flysystem/src/FilesystemReader.php	0.00		cached
ok	/site/core/vendor/league/flysystem/src/FilesystemWriter.php	0.00		cached
ok	/site/core/vendor/league/flysystem/src/InvalidStreamProvided.php	0.00		cached
ok	/site/core/vendor/league/flysystem/src/InvalidVisibilityProvided.php	0.00		cached
ok	/site/core/vendor/league/flysystem/src/MountManager.php	0.00		cached
ok	/site/core/vendor/league/flysystem/src/PathNormalizer.php	0.00		cached
ok	/site/core/vendor/league/flysystem/src/PathPrefixer.php	0.00		cached
ok	/site/core/vendor/league/flysystem/src/PathTraversalDetected.php	0.00		cached
ok	/site/core/vendor/league/flysystem/src/PortableVisibilityGuard.php	0.00		cached
ok	/site/core/vendor/league/flysystem/src/ProxyArrayAccessToProperties.php	0.00		cached
ok	/site/core/vendor/league/flysystem/src/ResolveIdenticalPathConflict.php	0.00		cached
ok	/site/core/vendor/league/flysystem/src/StorageAttributes.php	0.00		cached
ok	/site/core/vendor/league/flysystem/src/SymbolicLinkEncountered.php	0.00		cached
ok	/site/core/vendor/league/flysystem/src/UnableToCheckDirectoryExistence.php	0.00		cached
ok	/site/core/vendor/league/flysystem/src/UnableToCheckExistence.php	0.00		cached
ok	/site/core/vendor/league/flysystem/src/UnableToCheckFileExistence.php	0.00		cached
ok	/site/core/vendor/league/flysystem/src/UnableToCopyFile.php	0.00		cached
ok	/site/core/vendor/league/flysystem/src/UnableToCreateDirectory.php	0.00		cached
ok	/site/core/vendor/league/flysystem/src/UnableToDeleteDirectory.php	0.00		cached
ok	/site/core/vendor/league/flysystem/src/UnableToDeleteFile.php	0.00		cached
ok	/site/core/vendor/league/flysystem/src/UnableToGeneratePublicUrl.php	0.00		cached
ok	/site/core/vendor/league/flysystem/src/UnableToGenerateTemporaryUrl.php	0.00		cached
ok	/site/core/vendor/league/flysystem/src/UnableToListContents.php	0.00		cached
ok	/site/core/vendor/league/flysystem/src/UnableToMountFilesystem.php	0.00		cached
ok	/site/core/vendor/league/flysystem/src/UnableToMoveFile.php	0.00		cached
ok	/site/core/vendor/league/flysystem/src/UnableToProvideChecksum.php	0.00		cached
ok	/site/core/vendor/league/flysystem/src/UnableToReadFile.php	0.00		cached
ok	/site/core/vendor/league/flysystem/src/UnableToResolveFilesystemMount.php	0.00		cached
ok	/site/core/vendor/league/flysystem/src/UnableToRetrieveMetadata.php	0.00		cached
ok	/site/core/vendor/league/flysystem/src/UnableToSetVisibility.php	0.00		cached
ok	/site/core/vendor/league/flysystem/src/UnableToWriteFile.php	0.00		cached
ok	/site/core/vendor/league/flysystem/src/UnixVisibility/PortableVisibilityConverter.php	0.00		cached
ok	/site/core/vendor/league/flysystem/src/UnixVisibility/VisibilityConverter.php	0.00		cached
ok	/site/core/vendor/league/flysystem/src/UnreadableFileEncountered.php	0.00		cached
ok	/site/core/vendor/league/flysystem/src/UrlGeneration/ChainedPublicUrlGenerator.php	0.00		cached
ok	/site/core/vendor/league/flysystem/src/UrlGeneration/PrefixPublicUrlGenerator.php	0.00		cached
ok	/site/core/vendor/league/flysystem/src/UrlGeneration/PublicUrlGenerator.php	0.00		cached
ok	/site/core/vendor/league/flysystem/src/UrlGeneration/ShardedPrefixPublicUrlGenerator.php	0.00		cached
ok	/site/core/vendor/league/flysystem/src/UrlGeneration/TemporaryUrlGenerator.php	0.00		cached
ok	/site/core/vendor/league/flysystem/src/Visibility.php	0.00		cached
ok	/site/core/vendor/league/flysystem/src/WhitespacePathNormalizer.php	0.00		cached
ok	/site/core/vendor/league/mime-type-detection/src/EmptyExtensionToMimeTypeMap.php	0.00		cached
ok	/site/core/vendor/league/mime-type-detection/src/ExtensionLookup.php	0.00		cached
ok	/site/core/vendor/league/mime-type-detection/src/ExtensionMimeTypeDetector.php	0.00		cached
ok	/site/core/vendor/league/mime-type-detection/src/ExtensionToMimeTypeMap.php	0.00		cached
ok	/site/core/vendor/league/mime-type-detection/src/FinfoMimeTypeDetector.php	0.00		cached
ok	/site/core/vendor/league/mime-type-detection/src/GeneratedExtensionToMimeTypeMap.php	0.00		cached
ok	/site/core/vendor/league/mime-type-detection/src/MimeTypeDetector.php	0.00		cached
ok	/site/core/vendor/league/mime-type-detection/src/OverridingExtensionToMimeTypeMap.php	0.00		cached
fail	/site/core/vendor/marc-mabe/php-enum/src/Enum.php	0.00	/site/core/vendor/marc-mabe/php-enum/src/Enum.php: parse failed: expected class name at line 20, column 16	cached
fail	/site/core/vendor/marc-mabe/php-enum/src/EnumMap.php	0.00	compile failed: lazy body /site/core/vendor/marc-mabe/php-enum/src/EnumMap.php:46 [{         if (!\is_subclass_of($enumeration, Enum::class)) {             throw new InvalidArgumentException(\sprintf(   ]: unexpected token in expression: Keyword at line 47, column 44	cached
ok	/site/core/vendor/marc-mabe/php-enum/src/EnumSerializableTrait.php	0.00		cached
fail	/site/core/vendor/marc-mabe/php-enum/src/EnumSet.php	0.00	compile failed: lazy body /site/core/vendor/marc-mabe/php-enum/src/EnumSet.php:90 [{         if (!\is_subclass_of($enumeration, Enum::class)) {             throw new InvalidArgumentException(\sprintf(   ]: unexpected token in expression: Keyword at line 91, column 44	cached
ok	/site/core/vendor/marc-mabe/php-enum/stubs/Stringable.php	0.00		cached
ok	/site/core/vendor/mockery/mockery/.phpstorm.meta.php	0.00		cached
ok	/site/core/vendor/mockery/mockery/library/Mockery.php	0.00		cached
ok	/site/core/vendor/mockery/mockery/library/Mockery/Adapter/Phpunit/Extension.php	0.00		cached
ok	/site/core/vendor/mockery/mockery/library/Mockery/Adapter/Phpunit/Extension/Subscriber/TestFinishedSubscriber.php	0.00		cached
ok	/site/core/vendor/mockery/mockery/library/Mockery/Adapter/Phpunit/Extension/Subscriber/TestSuiteStartedSubscriber.php	0.00		cached
ok	/site/core/vendor/mockery/mockery/library/Mockery/Adapter/Phpunit/MockeryPHPUnitIntegration.php	0.00		cached
ok	/site/core/vendor/mockery/mockery/library/Mockery/Adapter/Phpunit/MockeryPHPUnitIntegrationAssertPostConditions.php	0.00		cached
ok	/site/core/vendor/mockery/mockery/library/Mockery/Adapter/Phpunit/MockeryTestCase.php	0.00		cached
ok	/site/core/vendor/mockery/mockery/library/Mockery/Adapter/Phpunit/MockeryTestCaseSetUp.php	0.00		cached
fail	/site/core/vendor/mockery/mockery/library/Mockery/Adapter/Phpunit/TestListener.php	0.00	compile failed: Mockery\Adapter\Phpunit\TestListener::endTest() has #[\Override] attribute, but no matching parent method exists at line 31	cached
ok	/site/core/vendor/mockery/mockery/library/Mockery/Adapter/Phpunit/TestListenerTrait.php	0.00		cached
ok	/site/core/vendor/mockery/mockery/library/Mockery/ClosureWrapper.php	0.00		cached
fail	/site/core/vendor/mockery/mockery/library/Mockery/CompositeExpectation.php	0.00	compile failed: Mockery\CompositeExpectation::andReturn() has #[\Override] attribute, but no matching parent method exists at line 78	cached
ok	/site/core/vendor/mockery/mockery/library/Mockery/Configuration.php	0.00		cached
ok	/site/core/vendor/mockery/mockery/library/Mockery/Container.php	0.00		cached
fail	/site/core/vendor/mockery/mockery/library/Mockery/CountValidator/AtLeast.php	0.00	compile failed: Mockery\CountValidator\AtLeast::isEligible() has #[\Override] attribute, but no matching parent method exists at line 27	cached
fail	/site/core/vendor/mockery/mockery/library/Mockery/CountValidator/AtMost.php	0.00	compile failed: Mockery\CountValidator\AtMost::validate() has #[\Override] attribute, but no matching parent method exists at line 29	cached
fail	/site/core/vendor/mockery/mockery/library/Mockery/CountValidator/CountValidatorAbstract.php	0.00	compile failed: Mockery\CountValidator\CountValidatorAbstract::isEligible() has #[\Override] attribute, but no matching parent method exists at line 50	cached
ok	/site/core/vendor/mockery/mockery/library/Mockery/CountValidator/CountValidatorInterface.php	0.00		cached
fail	/site/core/vendor/mockery/mockery/library/Mockery/CountValidator/Exact.php	0.00	compile failed: Mockery\CountValidator\Exact::validate() has #[\Override] attribute, but no matching parent method exists at line 29	cached
ok	/site/core/vendor/mockery/mockery/library/Mockery/CountValidator/Exception.php	0.00		cached
ok	/site/core/vendor/mockery/mockery/library/Mockery/Exception.php	0.00		cached
ok	/site/core/vendor/mockery/mockery/library/Mockery/Exception/BadMethodCallException.php	0.00		cached
ok	/site/core/vendor/mockery/mockery/library/Mockery/Exception/InvalidArgumentException.php	0.00		cached
ok	/site/core/vendor/mockery/mockery/library/Mockery/Exception/InvalidCountException.php	0.00		cached
ok	/site/core/vendor/mockery/mockery/library/Mockery/Exception/InvalidOrderException.php	0.00		cached
ok	/site/core/vendor/mockery/mockery/library/Mockery/Exception/MockeryExceptionInterface.php	0.00		cached
ok	/site/core/vendor/mockery/mockery/library/Mockery/Exception/NoMatchingExpectationException.php	0.00		cached
ok	/site/core/vendor/mockery/mockery/library/Mockery/Exception/RuntimeException.php	0.00		cached
fail	/site/core/vendor/mockery/mockery/library/Mockery/Expectation.php	0.00	compile failed: Mockery\Expectation::andReturn() has #[\Override] attribute, but no matching parent method exists at line 226	cached
ok	/site/core/vendor/mockery/mockery/library/Mockery/ExpectationDirector.php	0.00		cached
ok	/site/core/vendor/mockery/mockery/library/Mockery/ExpectationInterface.php	0.00		cached
fail	/site/core/vendor/mockery/mockery/library/Mockery/ExpectsHigherOrderMessage.php	0.00	compile failed: Mockery\ExpectsHigherOrderMessage::__call() has #[\Override] attribute, but no matching parent method exists at line 28	cached
fail	/site/core/vendor/mockery/mockery/library/Mockery/Generator/CachingGenerator.php	0.00	compile failed: Mockery\Generator\CachingGenerator::generate() has #[\Override] attribute, but no matching parent method exists at line 38	cached
fail	/site/core/vendor/mockery/mockery/library/Mockery/Generator/DefinedTargetClass.php	0.00	compile failed: Mockery\Generator\DefinedTargetClass::factory() has #[\Override] attribute, but no matching parent method exists at line 62	cached
ok	/site/core/vendor/mockery/mockery/library/Mockery/Generator/Generator.php	0.00		cached
ok	/site/core/vendor/mockery/mockery/library/Mockery/Generator/Method.php	0.00		cached
ok	/site/core/vendor/mockery/mockery/library/Mockery/Generator/MockConfiguration.php	0.00		cached
ok	/site/core/vendor/mockery/mockery/library/Mockery/Generator/MockConfigurationBuilder.php	0.00		cached
ok	/site/core/vendor/mockery/mockery/library/Mockery/Generator/MockDefinition.php	0.00		cached
ok	/site/core/vendor/mockery/mockery/library/Mockery/Generator/MockNameBuilder.php	0.00		cached
ok	/site/core/vendor/mockery/mockery/library/Mockery/Generator/Parameter.php	0.00		cached
fail	/site/core/vendor/mockery/mockery/library/Mockery/Generator/StringManipulation/Pass/AvoidMethodClashPass.php	0.00	compile failed: Mockery\Generator\StringManipulation\Pass\AvoidMethodClashPass::apply() has #[\Override] attribute, but no matching parent method exists at line 32	cached
fail	/site/core/vendor/mockery/mockery/library/Mockery/Generator/StringManipulation/Pass/CallTypeHintPass.php	0.00	compile failed: Mockery\Generator\StringManipulation\Pass\CallTypeHintPass::apply() has #[\Override] attribute, but no matching parent method exists at line 28	cached
fail	/site/core/vendor/mockery/mockery/library/Mockery/Generator/StringManipulation/Pass/ClassAttributesPass.php	0.00	compile failed: Mockery\Generator\StringManipulation\Pass\ClassAttributesPass::apply() has #[\Override] attribute, but no matching parent method exists at line 30	cached
fail	/site/core/vendor/mockery/mockery/library/Mockery/Generator/StringManipulation/Pass/ClassNamePass.php	0.00	compile failed: Mockery\Generator\StringManipulation\Pass\ClassNamePass::apply() has #[\Override] attribute, but no matching parent method exists at line 26	cached
fail	/site/core/vendor/mockery/mockery/library/Mockery/Generator/StringManipulation/Pass/ClassPass.php	0.00	compile failed: Mockery\Generator\StringManipulation\Pass\ClassPass::apply() has #[\Override] attribute, but no matching parent method exists at line 32	cached
fail	/site/core/vendor/mockery/mockery/library/Mockery/Generator/StringManipulation/Pass/ConstantsPass.php	0.00	compile failed: Mockery\Generator\StringManipulation\Pass\ConstantsPass::apply() has #[\Override] attribute, but no matching parent method exists at line 31	cached
fail	/site/core/vendor/mockery/mockery/library/Mockery/Generator/StringManipulation/Pass/InstanceMockPass.php	0.00	compile failed: Mockery\Generator\StringManipulation\Pass\InstanceMockPass::apply() has #[\Override] attribute, but no matching parent method exists at line 67	cached
fail	/site/core/vendor/mockery/mockery/library/Mockery/Generator/StringManipulation/Pass/InterfacePass.php	0.00	compile failed: Mockery\Generator\StringManipulation\Pass\InterfacePass::apply() has #[\Override] attribute, but no matching parent method exists at line 29	cached
fail	/site/core/vendor/mockery/mockery/library/Mockery/Generator/StringManipulation/Pass/MagicMethodTypeHintsPass.php	0.00	compile failed: Mockery\Generator\StringManipulation\Pass\MagicMethodTypeHintsPass::apply() has #[\Override] attribute, but no matching parent method exists at line 63	cached
fail	/site/core/vendor/mockery/mockery/library/Mockery/Generator/StringManipulation/Pass/MethodDefinitionPass.php	0.00	compile failed: Mockery\Generator\StringManipulation\Pass\MethodDefinitionPass::apply() has #[\Override] attribute, but no matching parent method exists at line 45	cached
ok	/site/core/vendor/mockery/mockery/library/Mockery/Generator/StringManipulation/Pass/Pass.php	0.00		cached
fail	/site/core/vendor/mockery/mockery/library/Mockery/Generator/StringManipulation/Pass/RemoveBuiltinMethodsThatAreFinalPass.php	0.00	compile failed: Mockery\Generator\StringManipulation\Pass\RemoveBuiltinMethodsThatAreFinalPass::apply() has #[\Override] attribute, but no matching parent method exists at line 40	cached
fail	/site/core/vendor/mockery/mockery/library/Mockery/Generator/StringManipulation/Pass/RemoveDestructorPass.php	0.00	compile failed: Mockery\Generator\StringManipulation\Pass\RemoveDestructorPass::apply() has #[\Override] attribute, but no matching parent method exists at line 32	cached
fail	/site/core/vendor/mockery/mockery/library/Mockery/Generator/StringManipulation/Pass/RemoveUnserializeForInternalSerializableClassesPass.php	0.00	compile failed: Mockery\Generator\StringManipulation\Pass\RemoveUnserializeForInternalSerializableClassesPass::apply() has #[\Override] attribute, but no matching parent method exists at line 42	cached
fail	/site/core/vendor/mockery/mockery/library/Mockery/Generator/StringManipulation/Pass/TraitPass.php	0.00	compile failed: Mockery\Generator\StringManipulation\Pass\TraitPass::apply() has #[\Override] attribute, but no matching parent method exists at line 28	cached
fail	/site/core/vendor/mockery/mockery/library/Mockery/Generator/StringManipulationGenerator.php	0.00	compile failed: Mockery\Generator\StringManipulationGenerator::generate() has #[\Override] attribute, but no matching parent method exists at line 69	cached
ok	/site/core/vendor/mockery/mockery/library/Mockery/Generator/TargetClassInterface.php	0.00		cached
fail	/site/core/vendor/mockery/mockery/library/Mockery/Generator/UndefinedTargetClass.php	0.00	compile failed: Mockery\Generator\UndefinedTargetClass::factory() has #[\Override] attribute, but no matching parent method exists at line 51	cached
ok	/site/core/vendor/mockery/mockery/library/Mockery/HigherOrderMessage.php	0.00		cached
ok	/site/core/vendor/mockery/mockery/library/Mockery/Instantiator.php	0.00		cached
ok	/site/core/vendor/mockery/mockery/library/Mockery/LegacyMockInterface.php	0.00		cached
fail	/site/core/vendor/mockery/mockery/library/Mockery/Loader/EvalLoader.php	0.00	compile failed: Mockery\Loader\EvalLoader::load() has #[\Override] attribute, but no matching parent method exists at line 26	cached
ok	/site/core/vendor/mockery/mockery/library/Mockery/Loader/Loader.php	0.00		cached
fail	/site/core/vendor/mockery/mockery/library/Mockery/Loader/RequireLoader.php	0.00	compile failed: Mockery\Loader\RequireLoader::load() has #[\Override] attribute, but no matching parent method exists at line 68	cached
fail	/site/core/vendor/mockery/mockery/library/Mockery/Matcher/AndAnyOtherArgs.php	0.00	compile failed: Mockery\Matcher\AndAnyOtherArgs::match() has #[\Override] attribute, but no matching parent method exists at line 36	cached
fail	/site/core/vendor/mockery/mockery/library/Mockery/Matcher/Any.php	0.00	compile failed: Mockery\Matcher\Any::match() has #[\Override] attribute, but no matching parent method exists at line 36	cached
fail	/site/core/vendor/mockery/mockery/library/Mockery/Matcher/AnyArgs.php	0.00	compile failed: Mockery\Matcher\AnyArgs::match() has #[\Override] attribute, but no matching parent method exists at line 29	cached
fail	/site/core/vendor/mockery/mockery/library/Mockery/Matcher/AnyOf.php	0.00	compile failed: Mockery\Matcher\AnyOf::match() has #[\Override] attribute, but no matching parent method exists at line 40	cached
ok	/site/core/vendor/mockery/mockery/library/Mockery/Matcher/ArgumentListMatcher.php	0.00		cached
fail	/site/core/vendor/mockery/mockery/library/Mockery/Matcher/Closure.php	0.00	compile failed: Mockery\Matcher\Closure::match() has #[\Override] attribute, but no matching parent method exists at line 36	cached
fail	/site/core/vendor/mockery/mockery/library/Mockery/Matcher/Contains.php	0.00	compile failed: Mockery\Matcher\Contains::match() has #[\Override] attribute, but no matching parent method exists at line 45	cached
fail	/site/core/vendor/mockery/mockery/library/Mockery/Matcher/Ducktype.php	0.00	compile failed: Mockery\Matcher\Ducktype::match() has #[\Override] attribute, but no matching parent method exists at line 41	cached
fail	/site/core/vendor/mockery/mockery/library/Mockery/Matcher/HasKey.php	0.00	compile failed: Mockery\Matcher\HasKey::match() has #[\Override] attribute, but no matching parent method exists at line 42	cached
fail	/site/core/vendor/mockery/mockery/library/Mockery/Matcher/HasValue.php	0.00	compile failed: Mockery\Matcher\HasValue::match() has #[\Override] attribute, but no matching parent method exists at line 41	cached
fail	/site/core/vendor/mockery/mockery/library/Mockery/Matcher/IsEqual.php	0.00	compile failed: Mockery\Matcher\IsEqual::match() has #[\Override] attribute, but no matching parent method exists at line 36	cached
fail	/site/core/vendor/mockery/mockery/library/Mockery/Matcher/IsSame.php	0.00	compile failed: Mockery\Matcher\IsSame::match() has #[\Override] attribute, but no matching parent method exists at line 36	cached
ok	/site/core/vendor/mockery/mockery/library/Mockery/Matcher/MatcherAbstract.php	0.00		cached
ok	/site/core/vendor/mockery/mockery/library/Mockery/Matcher/MatcherInterface.php	0.00		cached
fail	/site/core/vendor/mockery/mockery/library/Mockery/Matcher/MultiArgumentClosure.php	0.00	compile failed: Mockery\Matcher\MultiArgumentClosure::match() has #[\Override] attribute, but no matching parent method exists at line 38	cached
fail	/site/core/vendor/mockery/mockery/library/Mockery/Matcher/MustBe.php	0.00	compile failed: Mockery\Matcher\MustBe::match() has #[\Override] attribute, but no matching parent method exists at line 42	cached
fail	/site/core/vendor/mockery/mockery/library/Mockery/Matcher/NoArgs.php	0.00	compile failed: Mockery\Matcher\NoArgs::match() has #[\Override] attribute, but no matching parent method exists at line 32	cached
fail	/site/core/vendor/mockery/mockery/library/Mockery/Matcher/Not.php	0.00	compile failed: Mockery\Matcher\Not::match() has #[\Override] attribute, but no matching parent method exists at line 37	cached
fail	/site/core/vendor/mockery/mockery/library/Mockery/Matcher/NotAnyOf.php	0.00	compile failed: Mockery\Matcher\NotAnyOf::match() has #[\Override] attribute, but no matching parent method exists at line 37	cached
fail	/site/core/vendor/mockery/mockery/library/Mockery/Matcher/Pattern.php	0.00	compile failed: Mockery\Matcher\Pattern::match() has #[\Override] attribute, but no matching parent method exists at line 39	cached
fail	/site/core/vendor/mockery/mockery/library/Mockery/Matcher/Subset.php	0.00	compile failed: Mockery\Matcher\Subset::match() has #[\Override] attribute, but no matching parent method exists at line 64	cached
fail	/site/core/vendor/mockery/mockery/library/Mockery/Matcher/Type.php	0.00	compile failed: Mockery\Matcher\Type::match() has #[\Override] attribute, but no matching parent method exists at line 44	cached
ok	/site/core/vendor/mockery/mockery/library/Mockery/MethodCall.php	0.00		cached
fail	/site/core/vendor/mockery/mockery/library/Mockery/Mock.php	0.00	compile failed: Mockery\Mock::mockery_init() has #[\Override] attribute, but no matching parent method exists at line 185	cached
ok	/site/core/vendor/mockery/mockery/library/Mockery/MockInterface.php	0.00		cached
ok	/site/core/vendor/mockery/mockery/library/Mockery/QuickDefinitionsConfiguration.php	0.00		cached
ok	/site/core/vendor/mockery/mockery/library/Mockery/ReceivedMethodCalls.php	0.00		cached
ok	/site/core/vendor/mockery/mockery/library/Mockery/Reflector.php	0.00		cached
ok	/site/core/vendor/mockery/mockery/library/Mockery/Undefined.php	0.00		cached
ok	/site/core/vendor/mockery/mockery/library/Mockery/VerificationDirector.php	0.00		cached
fail	/site/core/vendor/mockery/mockery/library/Mockery/VerificationExpectation.php	0.00	compile failed: Mockery\VerificationExpectation::__clone() has #[\Override] attribute, but no matching parent method exists at line 18	cached
ok	/site/core/vendor/mockery/mockery/library/helpers.php	0.00		cached
ok	/site/core/vendor/monolog/monolog/src/Monolog/Attribute/AsMonologProcessor.php	0.00		cached
ok	/site/core/vendor/monolog/monolog/src/Monolog/Attribute/WithMonologChannel.php	0.00		cached
ok	/site/core/vendor/monolog/monolog/src/Monolog/DateTimeImmutable.php	0.00		cached
ok	/site/core/vendor/monolog/monolog/src/Monolog/ErrorHandler.php	0.00		cached
ok	/site/core/vendor/monolog/monolog/src/Monolog/Formatter/ChromePHPFormatter.php	0.00		cached
ok	/site/core/vendor/monolog/monolog/src/Monolog/Formatter/ElasticaFormatter.php	0.00		cached
ok	/site/core/vendor/monolog/monolog/src/Monolog/Formatter/ElasticsearchFormatter.php	0.00		cached
ok	/site/core/vendor/monolog/monolog/src/Monolog/Formatter/FlowdockFormatter.php	0.00		cached
ok	/site/core/vendor/monolog/monolog/src/Monolog/Formatter/FluentdFormatter.php	0.00		cached
ok	/site/core/vendor/monolog/monolog/src/Monolog/Formatter/FormatterInterface.php	0.00		cached
ok	/site/core/vendor/monolog/monolog/src/Monolog/Formatter/GelfMessageFormatter.php	0.00		cached
ok	/site/core/vendor/monolog/monolog/src/Monolog/Formatter/GoogleCloudLoggingFormatter.php	0.00		cached
ok	/site/core/vendor/monolog/monolog/src/Monolog/Formatter/HtmlFormatter.php	0.00		cached
ok	/site/core/vendor/monolog/monolog/src/Monolog/Formatter/JsonFormatter.php	0.00		cached
ok	/site/core/vendor/monolog/monolog/src/Monolog/Formatter/LineFormatter.php	0.00		cached
ok	/site/core/vendor/monolog/monolog/src/Monolog/Formatter/LogglyFormatter.php	0.00		cached
ok	/site/core/vendor/monolog/monolog/src/Monolog/Formatter/LogmaticFormatter.php	0.00		cached
ok	/site/core/vendor/monolog/monolog/src/Monolog/Formatter/LogstashFormatter.php	0.00		cached
ok	/site/core/vendor/monolog/monolog/src/Monolog/Formatter/MongoDBFormatter.php	0.00		cached
ok	/site/core/vendor/monolog/monolog/src/Monolog/Formatter/NormalizerFormatter.php	0.00		cached
ok	/site/core/vendor/monolog/monolog/src/Monolog/Formatter/RedactingFormatter.php	0.00		cached
ok	/site/core/vendor/monolog/monolog/src/Monolog/Formatter/ScalarFormatter.php	0.00		cached
ok	/site/core/vendor/monolog/monolog/src/Monolog/Formatter/SyslogFormatter.php	0.00		cached
ok	/site/core/vendor/monolog/monolog/src/Monolog/Formatter/WildfireFormatter.php	0.00		cached
ok	/site/core/vendor/monolog/monolog/src/Monolog/Formatter/WrappingFormatterInterface.php	0.00		cached
ok	/site/core/vendor/monolog/monolog/src/Monolog/Handler/AbstractHandler.php	0.00		cached
ok	/site/core/vendor/monolog/monolog/src/Monolog/Handler/AbstractProcessingHandler.php	0.00		cached
ok	/site/core/vendor/monolog/monolog/src/Monolog/Handler/AbstractSyslogHandler.php	0.00		cached
ok	/site/core/vendor/monolog/monolog/src/Monolog/Handler/AmqpHandler.php	0.00		cached
fail	/site/core/vendor/monolog/monolog/src/Monolog/Handler/BrowserConsoleHandler.php	0.00	/tmp/manticore_104261.ll:46492:24: error: expected value token	cached
ok	/site/core/vendor/monolog/monolog/src/Monolog/Handler/BufferHandler.php	0.00		cached
ok	/site/core/vendor/monolog/monolog/src/Monolog/Handler/ChromePHPHandler.php	0.00		cached
ok	/site/core/vendor/monolog/monolog/src/Monolog/Handler/CouchDBHandler.php	0.00		cached
ok	/site/core/vendor/monolog/monolog/src/Monolog/Handler/CubeHandler.php	0.00		cached
ok	/site/core/vendor/monolog/monolog/src/Monolog/Handler/Curl/Util.php	0.00		cached
ok	/site/core/vendor/monolog/monolog/src/Monolog/Handler/DeduplicationHandler.php	0.00		cached
ok	/site/core/vendor/monolog/monolog/src/Monolog/Handler/DoctrineCouchDBHandler.php	0.00		cached
ok	/site/core/vendor/monolog/monolog/src/Monolog/Handler/DynamoDbHandler.php	0.00		cached
ok	/site/core/vendor/monolog/monolog/src/Monolog/Handler/ElasticaHandler.php	0.00		cached
ok	/site/core/vendor/monolog/monolog/src/Monolog/Handler/ElasticsearchHandler.php	0.00		cached
ok	/site/core/vendor/monolog/monolog/src/Monolog/Handler/ErrorLogHandler.php	0.00		cached
ok	/site/core/vendor/monolog/monolog/src/Monolog/Handler/FallbackGroupHandler.php	0.00		cached
ok	/site/core/vendor/monolog/monolog/src/Monolog/Handler/FilterHandler.php	0.00		cached
ok	/site/core/vendor/monolog/monolog/src/Monolog/Handler/FingersCrossed/ActivationStrategyInterface.php	0.00		cached
ok	/site/core/vendor/monolog/monolog/src/Monolog/Handler/FingersCrossed/ChannelLevelActivationStrategy.php	0.00		cached
ok	/site/core/vendor/monolog/monolog/src/Monolog/Handler/FingersCrossed/ErrorLevelActivationStrategy.php	0.00		cached
ok	/site/core/vendor/monolog/monolog/src/Monolog/Handler/FingersCrossedHandler.php	0.00		cached
ok	/site/core/vendor/monolog/monolog/src/Monolog/Handler/FirePHPHandler.php	0.00		cached
ok	/site/core/vendor/monolog/monolog/src/Monolog/Handler/FleepHookHandler.php	0.00		cached
ok	/site/core/vendor/monolog/monolog/src/Monolog/Handler/FlowdockHandler.php	0.00		cached
ok	/site/core/vendor/monolog/monolog/src/Monolog/Handler/FormattableHandlerInterface.php	0.00		cached
ok	/site/core/vendor/monolog/monolog/src/Monolog/Handler/FormattableHandlerTrait.php	0.00		cached
ok	/site/core/vendor/monolog/monolog/src/Monolog/Handler/FrankenPhpHandler.php	0.00		cached
ok	/site/core/vendor/monolog/monolog/src/Monolog/Handler/GelfHandler.php	0.00		cached
ok	/site/core/vendor/monolog/monolog/src/Monolog/Handler/GroupHandler.php	0.00		cached
ok	/site/core/vendor/monolog/monolog/src/Monolog/Handler/Handler.php	0.00		cached
ok	/site/core/vendor/monolog/monolog/src/Monolog/Handler/HandlerInterface.php	0.00		cached
ok	/site/core/vendor/monolog/monolog/src/Monolog/Handler/HandlerWrapper.php	0.00		cached
ok	/site/core/vendor/monolog/monolog/src/Monolog/Handler/IFTTTHandler.php	0.00		cached
ok	/site/core/vendor/monolog/monolog/src/Monolog/Handler/InsightOpsHandler.php	0.00		cached
ok	/site/core/vendor/monolog/monolog/src/Monolog/Handler/LogEntriesHandler.php	0.00		cached
ok	/site/core/vendor/monolog/monolog/src/Monolog/Handler/LogMonsterHandler.php	0.00		cached
ok	/site/core/vendor/monolog/monolog/src/Monolog/Handler/LogglyHandler.php	0.00		cached
ok	/site/core/vendor/monolog/monolog/src/Monolog/Handler/LogmaticHandler.php	0.00		cached
ok	/site/core/vendor/monolog/monolog/src/Monolog/Handler/MailHandler.php	0.00		cached
ok	/site/core/vendor/monolog/monolog/src/Monolog/Handler/MandrillHandler.php	0.00		cached
ok	/site/core/vendor/monolog/monolog/src/Monolog/Handler/MissingExtensionException.php	0.00		cached
ok	/site/core/vendor/monolog/monolog/src/Monolog/Handler/MongoDBHandler.php	0.00		cached
ok	/site/core/vendor/monolog/monolog/src/Monolog/Handler/NativeMailerHandler.php	0.00		cached
ok	/site/core/vendor/monolog/monolog/src/Monolog/Handler/NewRelicHandler.php	0.00		cached
ok	/site/core/vendor/monolog/monolog/src/Monolog/Handler/NoopHandler.php	0.00		cached
ok	/site/core/vendor/monolog/monolog/src/Monolog/Handler/NullHandler.php	0.00		cached
ok	/site/core/vendor/monolog/monolog/src/Monolog/Handler/OverflowHandler.php	0.00		cached
ok	/site/core/vendor/monolog/monolog/src/Monolog/Handler/PHPConsoleHandler.php	0.00		cached
ok	/site/core/vendor/monolog/monolog/src/Monolog/Handler/ProcessHandler.php	0.00		cached
ok	/site/core/vendor/monolog/monolog/src/Monolog/Handler/ProcessableHandlerInterface.php	0.00		cached
ok	/site/core/vendor/monolog/monolog/src/Monolog/Handler/ProcessableHandlerTrait.php	0.00		cached
ok	/site/core/vendor/monolog/monolog/src/Monolog/Handler/PsrHandler.php	0.00		cached
ok	/site/core/vendor/monolog/monolog/src/Monolog/Handler/PushoverHandler.php	0.00		cached
ok	/site/core/vendor/monolog/monolog/src/Monolog/Handler/RedisHandler.php	0.00		cached
ok	/site/core/vendor/monolog/monolog/src/Monolog/Handler/RedisPubSubHandler.php	0.00		cached
ok	/site/core/vendor/monolog/monolog/src/Monolog/Handler/RollbarHandler.php	0.00		cached
ok	/site/core/vendor/monolog/monolog/src/Monolog/Handler/RotatingFileHandler.php	0.00		cached
ok	/site/core/vendor/monolog/monolog/src/Monolog/Handler/SamplingHandler.php	0.00		cached
ok	/site/core/vendor/monolog/monolog/src/Monolog/Handler/SendGridHandler.php	0.00		cached
ok	/site/core/vendor/monolog/monolog/src/Monolog/Handler/Slack/SlackRecord.php	0.00		cached
ok	/site/core/vendor/monolog/monolog/src/Monolog/Handler/SlackHandler.php	0.00		cached
ok	/site/core/vendor/monolog/monolog/src/Monolog/Handler/SlackWebhookHandler.php	0.00		cached
ok	/site/core/vendor/monolog/monolog/src/Monolog/Handler/SocketHandler.php	0.00		cached
ok	/site/core/vendor/monolog/monolog/src/Monolog/Handler/SqsHandler.php	0.00		cached
ok	/site/core/vendor/monolog/monolog/src/Monolog/Handler/StreamHandler.php	0.00		cached
ok	/site/core/vendor/monolog/monolog/src/Monolog/Handler/SymfonyMailerHandler.php	0.00		cached
ok	/site/core/vendor/monolog/monolog/src/Monolog/Handler/SyslogHandler.php	0.00		cached
ok	/site/core/vendor/monolog/monolog/src/Monolog/Handler/SyslogUdp/UdpSocket.php	0.00		cached
ok	/site/core/vendor/monolog/monolog/src/Monolog/Handler/SyslogUdpHandler.php	0.00		cached
ok	/site/core/vendor/monolog/monolog/src/Monolog/Handler/TelegramBotHandler.php	0.00		cached
ok	/site/core/vendor/monolog/monolog/src/Monolog/Handler/TestHandler.php	0.00		cached
ok	/site/core/vendor/monolog/monolog/src/Monolog/Handler/WebRequestRecognizerTrait.php	0.00		cached
ok	/site/core/vendor/monolog/monolog/src/Monolog/Handler/WhatFailureGroupHandler.php	0.00		cached
ok	/site/core/vendor/monolog/monolog/src/Monolog/Handler/ZendMonitorHandler.php	0.00		cached
ok	/site/core/vendor/monolog/monolog/src/Monolog/JsonSerializableDateTimeImmutable.php	0.00		cached
ok	/site/core/vendor/monolog/monolog/src/Monolog/Level.php	0.00		cached
ok	/site/core/vendor/monolog/monolog/src/Monolog/LogRecord.php	0.00		cached
ok	/site/core/vendor/monolog/monolog/src/Monolog/Logger.php	0.00		cached
ok	/site/core/vendor/monolog/monolog/src/Monolog/Processor/ClosureContextProcessor.php	0.00		cached
ok	/site/core/vendor/monolog/monolog/src/Monolog/Processor/GitProcessor.php	0.00		cached
ok	/site/core/vendor/monolog/monolog/src/Monolog/Processor/HostnameProcessor.php	0.00		cached
ok	/site/core/vendor/monolog/monolog/src/Monolog/Processor/IntrospectionProcessor.php	0.00		cached
ok	/site/core/vendor/monolog/monolog/src/Monolog/Processor/LoadAverageProcessor.php	0.00		cached
ok	/site/core/vendor/monolog/monolog/src/Monolog/Processor/MemoryPeakUsageProcessor.php	0.00		cached
ok	/site/core/vendor/monolog/monolog/src/Monolog/Processor/MemoryProcessor.php	0.00		cached
ok	/site/core/vendor/monolog/monolog/src/Monolog/Processor/MemoryUsageProcessor.php	0.00		cached
ok	/site/core/vendor/monolog/monolog/src/Monolog/Processor/MercurialProcessor.php	0.00		cached
ok	/site/core/vendor/monolog/monolog/src/Monolog/Processor/ProcessIdProcessor.php	0.00		cached
ok	/site/core/vendor/monolog/monolog/src/Monolog/Processor/ProcessorInterface.php	0.00		cached
ok	/site/core/vendor/monolog/monolog/src/Monolog/Processor/PsrLogMessageProcessor.php	0.00		cached
ok	/site/core/vendor/monolog/monolog/src/Monolog/Processor/TagProcessor.php	0.00		cached
ok	/site/core/vendor/monolog/monolog/src/Monolog/Processor/UidProcessor.php	0.00		cached
ok	/site/core/vendor/monolog/monolog/src/Monolog/Processor/WebProcessor.php	0.00		cached
ok	/site/core/vendor/monolog/monolog/src/Monolog/Registry.php	0.00		cached
ok	/site/core/vendor/monolog/monolog/src/Monolog/ResettableInterface.php	0.00		cached
ok	/site/core/vendor/monolog/monolog/src/Monolog/SignalHandler.php	0.00		cached
ok	/site/core/vendor/monolog/monolog/src/Monolog/Test/MonologTestCase.php	0.00		cached
ok	/site/core/vendor/monolog/monolog/src/Monolog/Test/TestCase.php	0.00		cached
ok	/site/core/vendor/monolog/monolog/src/Monolog/Utils.php	0.00		cached
ok	/site/core/vendor/myclabs/deep-copy/src/DeepCopy/DeepCopy.php	0.00		cached
ok	/site/core/vendor/myclabs/deep-copy/src/DeepCopy/Exception/CloneException.php	0.00		cached
ok	/site/core/vendor/myclabs/deep-copy/src/DeepCopy/Exception/PropertyException.php	0.00		cached
ok	/site/core/vendor/myclabs/deep-copy/src/DeepCopy/Filter/ChainableFilter.php	0.00		cached
ok	/site/core/vendor/myclabs/deep-copy/src/DeepCopy/Filter/Doctrine/DoctrineCollectionFilter.php	0.00		cached
ok	/site/core/vendor/myclabs/deep-copy/src/DeepCopy/Filter/Doctrine/DoctrineEmptyCollectionFilter.php	0.00		cached
ok	/site/core/vendor/myclabs/deep-copy/src/DeepCopy/Filter/Doctrine/DoctrineProxyFilter.php	0.00		cached
ok	/site/core/vendor/myclabs/deep-copy/src/DeepCopy/Filter/Filter.php	0.00		cached
ok	/site/core/vendor/myclabs/deep-copy/src/DeepCopy/Filter/KeepFilter.php	0.00		cached
ok	/site/core/vendor/myclabs/deep-copy/src/DeepCopy/Filter/ReplaceFilter.php	0.00		cached
ok	/site/core/vendor/myclabs/deep-copy/src/DeepCopy/Filter/SetNullFilter.php	0.00		cached
ok	/site/core/vendor/myclabs/deep-copy/src/DeepCopy/Matcher/Doctrine/DoctrineProxyMatcher.php	0.00		cached
ok	/site/core/vendor/myclabs/deep-copy/src/DeepCopy/Matcher/Matcher.php	0.00		cached
ok	/site/core/vendor/myclabs/deep-copy/src/DeepCopy/Matcher/PropertyMatcher.php	0.00		cached
ok	/site/core/vendor/myclabs/deep-copy/src/DeepCopy/Matcher/PropertyNameMatcher.php	0.00		cached
ok	/site/core/vendor/myclabs/deep-copy/src/DeepCopy/Matcher/PropertyTypeMatcher.php	0.00		cached
ok	/site/core/vendor/myclabs/deep-copy/src/DeepCopy/Reflection/ReflectionHelper.php	0.00		cached
ok	/site/core/vendor/myclabs/deep-copy/src/DeepCopy/TypeFilter/Date/DateIntervalFilter.php	0.00		cached
ok	/site/core/vendor/myclabs/deep-copy/src/DeepCopy/TypeFilter/Date/DatePeriodFilter.php	0.00		cached
ok	/site/core/vendor/myclabs/deep-copy/src/DeepCopy/TypeFilter/ReplaceFilter.php	0.00		cached
ok	/site/core/vendor/myclabs/deep-copy/src/DeepCopy/TypeFilter/ShallowCopyFilter.php	0.00		cached
ok	/site/core/vendor/myclabs/deep-copy/src/DeepCopy/TypeFilter/Spl/ArrayObjectFilter.php	0.00		cached
ok	/site/core/vendor/myclabs/deep-copy/src/DeepCopy/TypeFilter/Spl/SplDoublyLinkedList.php	0.00		cached
ok	/site/core/vendor/myclabs/deep-copy/src/DeepCopy/TypeFilter/Spl/SplDoublyLinkedListFilter.php	0.00		cached
ok	/site/core/vendor/myclabs/deep-copy/src/DeepCopy/TypeFilter/TypeFilter.php	0.00		cached
ok	/site/core/vendor/myclabs/deep-copy/src/DeepCopy/TypeMatcher/TypeMatcher.php	0.00		cached
fail	/site/core/vendor/myclabs/deep-copy/src/DeepCopy/deep_copy.php	0.00	compile failed: MIR.lower: unsupported statement kind Function at line 16	cached
ok	/site/core/vendor/nesbot/carbon/.phpstorm.meta.php	0.00		cached
fail	/site/core/vendor/nesbot/carbon/lazy/Carbon/MessageFormatter/MessageFormatterMapperStrongType.php	0.00	compile failed: MIR.lower: unsupported statement kind Class at line 17	cached
fail	/site/core/vendor/nesbot/carbon/lazy/Carbon/MessageFormatter/MessageFormatterMapperWeakType.php	0.00	compile failed: MIR.lower: unsupported statement kind Class at line 18	cached
fail	/site/core/vendor/nesbot/carbon/lazy/Carbon/ProtectedDatePeriod.php	0.00	compile failed: MIR.lower: unsupported statement kind Class at line 17	cached
fail	/site/core/vendor/nesbot/carbon/lazy/Carbon/TranslatorStrongType.php	0.00	compile failed: MIR.lower: unsupported statement kind Class at line 17	cached
fail	/site/core/vendor/nesbot/carbon/lazy/Carbon/TranslatorWeakType.php	0.00	compile failed: MIR.lower: unsupported statement kind Class at line 15	cached
fail	/site/core/vendor/nesbot/carbon/lazy/Carbon/UnprotectedDatePeriod.php	0.00	compile failed: MIR.lower: unsupported statement kind Class at line 17	cached
fail	/site/core/vendor/nesbot/carbon/src/Carbon/AbstractTranslator.php	0.00	compile failed (emit): only a single trailing spread into a dynamic closure is supported (:2045)	cached
ok	/site/core/vendor/nesbot/carbon/src/Carbon/Callback.php	0.00		cached
ok	/site/core/vendor/nesbot/carbon/src/Carbon/Carbon.php	0.00		cached
ok	/site/core/vendor/nesbot/carbon/src/Carbon/CarbonConverterInterface.php	0.00		cached
ok	/site/core/vendor/nesbot/carbon/src/Carbon/CarbonImmutable.php	0.00		cached
ok	/site/core/vendor/nesbot/carbon/src/Carbon/CarbonInterface.php	0.00		cached
fail	/site/core/vendor/nesbot/carbon/src/Carbon/CarbonInterval.php	0.00	compile failed: lazy body /site/core/vendor/nesbot/carbon/src/Carbon/CarbonInterval.php:422 [{         $this->originalInput = \func_num_args() === 1 ? $years : \func_get_args();          if ($years instanceof Clos]: expected ';' after expression at line 561, column 23	cached
ok	/site/core/vendor/nesbot/carbon/src/Carbon/CarbonPeriod.php	0.00		cached
ok	/site/core/vendor/nesbot/carbon/src/Carbon/CarbonPeriodImmutable.php	0.00		cached
ok	/site/core/vendor/nesbot/carbon/src/Carbon/CarbonTimeZone.php	0.00		cached
ok	/site/core/vendor/nesbot/carbon/src/Carbon/Cli/Invoker.php	0.00		cached
ok	/site/core/vendor/nesbot/carbon/src/Carbon/Constants/DiffOptions.php	0.00		cached
ok	/site/core/vendor/nesbot/carbon/src/Carbon/Constants/Format.php	0.00		cached
ok	/site/core/vendor/nesbot/carbon/src/Carbon/Constants/TranslationOptions.php	0.00		cached
ok	/site/core/vendor/nesbot/carbon/src/Carbon/Constants/UnitValue.php	0.00		cached
ok	/site/core/vendor/nesbot/carbon/src/Carbon/Exceptions/BadComparisonUnitException.php	0.00		cached
ok	/site/core/vendor/nesbot/carbon/src/Carbon/Exceptions/BadFluentConstructorException.php	0.00		cached
ok	/site/core/vendor/nesbot/carbon/src/Carbon/Exceptions/BadFluentSetterException.php	0.00		cached
ok	/site/core/vendor/nesbot/carbon/src/Carbon/Exceptions/BadMethodCallException.php	0.00		cached
ok	/site/core/vendor/nesbot/carbon/src/Carbon/Exceptions/EndLessPeriodException.php	0.00		cached
ok	/site/core/vendor/nesbot/carbon/src/Carbon/Exceptions/Exception.php	0.00		cached
ok	/site/core/vendor/nesbot/carbon/src/Carbon/Exceptions/ImmutableException.php	0.00		cached
ok	/site/core/vendor/nesbot/carbon/src/Carbon/Exceptions/InvalidArgumentException.php	0.00		cached
ok	/site/core/vendor/nesbot/carbon/src/Carbon/Exceptions/InvalidCastException.php	0.00		cached
ok	/site/core/vendor/nesbot/carbon/src/Carbon/Exceptions/InvalidDateException.php	0.00		cached
ok	/site/core/vendor/nesbot/carbon/src/Carbon/Exceptions/InvalidFormatException.php	0.00		cached
ok	/site/core/vendor/nesbot/carbon/src/Carbon/Exceptions/InvalidIntervalException.php	0.00		cached
ok	/site/core/vendor/nesbot/carbon/src/Carbon/Exceptions/InvalidPeriodDateException.php	0.00		cached
ok	/site/core/vendor/nesbot/carbon/src/Carbon/Exceptions/InvalidPeriodParameterException.php	0.00		cached
ok	/site/core/vendor/nesbot/carbon/src/Carbon/Exceptions/InvalidTimeZoneException.php	0.00		cached
ok	/site/core/vendor/nesbot/carbon/src/Carbon/Exceptions/InvalidTypeException.php	0.00		cached
ok	/site/core/vendor/nesbot/carbon/src/Carbon/Exceptions/NotACarbonClassException.php	0.00		cached
ok	/site/core/vendor/nesbot/carbon/src/Carbon/Exceptions/NotAPeriodException.php	0.00		cached
ok	/site/core/vendor/nesbot/carbon/src/Carbon/Exceptions/NotLocaleAwareException.php	0.00		cached
ok	/site/core/vendor/nesbot/carbon/src/Carbon/Exceptions/OutOfRangeException.php	0.00		cached
ok	/site/core/vendor/nesbot/carbon/src/Carbon/Exceptions/ParseErrorException.php	0.00		cached
ok	/site/core/vendor/nesbot/carbon/src/Carbon/Exceptions/PeriodFilterSafetyException.php	0.00		cached
ok	/site/core/vendor/nesbot/carbon/src/Carbon/Exceptions/RuntimeException.php	0.00		cached
ok	/site/core/vendor/nesbot/carbon/src/Carbon/Exceptions/UnitException.php	0.00		cached
ok	/site/core/vendor/nesbot/carbon/src/Carbon/Exceptions/UnitNotConfiguredException.php	0.00		cached
ok	/site/core/vendor/nesbot/carbon/src/Carbon/Exceptions/UnknownGetterException.php	0.00		cached
ok	/site/core/vendor/nesbot/carbon/src/Carbon/Exceptions/UnknownMethodException.php	0.00		cached
ok	/site/core/vendor/nesbot/carbon/src/Carbon/Exceptions/UnknownSetterException.php	0.00		cached
ok	/site/core/vendor/nesbot/carbon/src/Carbon/Exceptions/UnknownUnitException.php	0.00		cached
ok	/site/core/vendor/nesbot/carbon/src/Carbon/Exceptions/UnreachableException.php	0.00		cached
ok	/site/core/vendor/nesbot/carbon/src/Carbon/Exceptions/UnsupportedUnitException.php	0.00		cached
ok	/site/core/vendor/nesbot/carbon/src/Carbon/Factory.php	0.00		cached
ok	/site/core/vendor/nesbot/carbon/src/Carbon/FactoryImmutable.php	0.00		cached
ok	/site/core/vendor/nesbot/carbon/src/Carbon/Lang/aa.php	0.00		cached
ok	/site/core/vendor/nesbot/carbon/src/Carbon/Lang/aa_DJ.php	0.00		cached
ok	/site/core/vendor/nesbot/carbon/src/Carbon/Lang/aa_ER.php	0.00		cached
ok	/site/core/vendor/nesbot/carbon/src/Carbon/Lang/aa_ER@saaho.php	0.00		cached
ok	/site/core/vendor/nesbot/carbon/src/Carbon/Lang/aa_ET.php	0.00		cached
ok	/site/core/vendor/nesbot/carbon/src/Carbon/Lang/af.php	0.00		cached
ok	/site/core/vendor/nesbot/carbon/src/Carbon/Lang/af_NA.php	0.00		cached
ok	/site/core/vendor/nesbot/carbon/src/Carbon/Lang/af_ZA.php	0.00		cached
ok	/site/core/vendor/nesbot/carbon/src/Carbon/Lang/agq.php	0.00		cached
ok	/site/core/vendor/nesbot/carbon/src/Carbon/Lang/agr.php	0.00		cached
ok	/site/core/vendor/nesbot/carbon/src/Carbon/Lang/agr_PE.php	0.00		cached
ok	/site/core/vendor/nesbot/carbon/src/Carbon/Lang/ak.php	0.00		cached
ok	/site/core/vendor/nesbot/carbon/src/Carbon/Lang/ak_GH.php	0.00		cached
ok	/site/core/vendor/nesbot/carbon/src/Carbon/Lang/am.php	0.00		cached
ok	/site/core/vendor/nesbot/carbon/src/Carbon/Lang/am_ET.php	0.00		cached
ok	/site/core/vendor/nesbot/carbon/src/Carbon/Lang/an.php	0.00		cached
ok	/site/core/vendor/nesbot/carbon/src/Carbon/Lang/an_ES.php	0.00		cached
ok	/site/core/vendor/nesbot/carbon/src/Carbon/Lang/anp.php	0.00		cached
ok	/site/core/vendor/nesbot/carbon/src/Carbon/Lang/anp_IN.php	0.00		cached
ok	/site/core/vendor/nesbot/carbon/src/Carbon/Lang/ar.php	0.00		cached
ok	/site/core/vendor/nesbot/carbon/src/Carbon/Lang/ar_AE.php	0.00		cached
ok	/site/core/vendor/nesbot/carbon/src/Carbon/Lang/ar_BH.php	0.00		cached
ok	/site/core/vendor/nesbot/carbon/src/Carbon/Lang/ar_DJ.php	0.00		cached
ok	/site/core/vendor/nesbot/carbon/src/Carbon/Lang/ar_DZ.php	0.00		cached
ok	/site/core/vendor/nesbot/carbon/src/Carbon/Lang/ar_EG.php	0.00		cached
ok	/site/core/vendor/nesbot/carbon/src/Carbon/Lang/ar_EH.php	0.00		cached
ok	/site/core/vendor/nesbot/carbon/src/Carbon/Lang/ar_ER.php	0.00		cached
ok	/site/core/vendor/nesbot/carbon/src/Carbon/Lang/ar_IL.php	0.00		cached
ok	/site/core/vendor/nesbot/carbon/src/Carbon/Lang/ar_IN.php	0.00		cached
ok	/site/core/vendor/nesbot/carbon/src/Carbon/Lang/ar_IQ.php	0.00		cached
ok	/site/core/vendor/nesbot/carbon/src/Carbon/Lang/ar_JO.php	0.00		cached
ok	/site/core/vendor/nesbot/carbon/src/Carbon/Lang/ar_KM.php	0.00		cached
ok	/site/core/vendor/nesbot/carbon/src/Carbon/Lang/ar_KW.php	0.00		cached
ok	/site/core/vendor/nesbot/carbon/src/Carbon/Lang/ar_LB.php	0.00		cached
ok	/site/core/vendor/nesbot/carbon/src/Carbon/Lang/ar_LY.php	0.00		cached
ok	/site/core/vendor/nesbot/carbon/src/Carbon/Lang/ar_MA.php	0.00		cached
ok	/site/core/vendor/nesbot/carbon/src/Carbon/Lang/ar_MR.php	0.00		cached
ok	/site/core/vendor/nesbot/carbon/src/Carbon/Lang/ar_OM.php	0.00		cached
ok	/site/core/vendor/nesbot/carbon/src/Carbon/Lang/ar_PS.php	0.00		cached
ok	/site/core/vendor/nesbot/carbon/src/Carbon/Lang/ar_QA.php	0.00		cached
ok	/site/core/vendor/nesbot/carbon/src/Carbon/Lang/ar_SA.php	0.00		cached
ok	/site/core/vendor/nesbot/carbon/src/Carbon/Lang/ar_SD.php	0.00		cached
ok	/site/core/vendor/nesbot/carbon/src/Carbon/Lang/ar_SO.php	0.00		cached
ok	/site/core/vendor/nesbot/carbon/src/Carbon/Lang/ar_SS.php	0.00		cached
ok	/site/core/vendor/nesbot/carbon/src/Carbon/Lang/ar_SY.php	0.00		cached
ok	/site/core/vendor/nesbot/carbon/src/Carbon/Lang/ar_Shakl.php	0.00		cached
ok	/site/core/vendor/nesbot/carbon/src/Carbon/Lang/ar_TD.php	0.00		cached
ok	/site/core/vendor/nesbot/carbon/src/Carbon/Lang/ar_TN.php	0.00		cached
ok	/site/core/vendor/nesbot/carbon/src/Carbon/Lang/ar_YE.php	0.00		cached
ok	/site/core/vendor/nesbot/carbon/src/Carbon/Lang/as.php	0.00		cached
ok	/site/core/vendor/nesbot/carbon/src/Carbon/Lang/as_IN.php	0.00		cached
ok	/site/core/vendor/nesbot/carbon/src/Carbon/Lang/asa.php	0.00		cached
ok	/site/core/vendor/nesbot/carbon/src/Carbon/Lang/ast.php	0.00		cached
ok	/site/core/vendor/nesbot/carbon/src/Carbon/Lang/ast_ES.php	0.00		cached
ok	/site/core/vendor/nesbot/carbon/src/Carbon/Lang/ayc.php	0.00		cached
ok	/site/core/vendor/nesbot/carbon/src/Carbon/Lang/ayc_PE.php	0.00		cached
ok	/site/core/vendor/nesbot/carbon/src/Carbon/Lang/az.php	0.00		cached
ok	/site/core/vendor/nesbot/carbon/src/Carbon/Lang/az_AZ.php	0.00		cached
ok	/site/core/vendor/nesbot/carbon/src/Carbon/Lang/az_Arab.php	0.00		cached
ok	/site/core/vendor/nesbot/carbon/src/Carbon/Lang/az_Cyrl.php	0.00		cached
ok	/site/core/vendor/nesbot/carbon/src/Carbon/Lang/az_IR.php	0.00		cached
ok	/site/core/vendor/nesbot/carbon/src/Carbon/Lang/az_Latn.php	0.00		cached
ok	/site/core/vendor/nesbot/carbon/src/Carbon/Lang/bas.php	0.00		cached
ok	/site/core/vendor/nesbot/carbon/src/Carbon/Lang/be.php	0.00		cached
ok	/site/core/vendor/nesbot/carbon/src/Carbon/Lang/be_BY.php	0.00		cached
ok	/site/core/vendor/nesbot/carbon/src/Carbon/Lang/be_BY@latin.php	0.00		cached
ok	/site/core/vendor/nesbot/carbon/src/Carbon/Lang/bem.php	0.00		cached
ok	/site/core/vendor/nesbot/carbon/src/Carbon/Lang/bem_ZM.php	0.00		cached
ok	/site/core/vendor/nesbot/carbon/src/Carbon/Lang/ber.php	0.00		cached
ok	/site/core/vendor/nesbot/carbon/src/Carbon/Lang/ber_DZ.php	0.00		cached
ok	/site/core/vendor/nesbot/carbon/src/Carbon/Lang/ber_MA.php	0.00		cached
ok	/site/core/vendor/nesbot/carbon/src/Carbon/Lang/bez.php	0.00		cached
ok	/site/core/vendor/nesbot/carbon/src/Carbon/Lang/bg.php	0.00		cached
ok	/site/core/vendor/nesbot/carbon/src/Carbon/Lang/bg_BG.php	0.00		cached
ok	/site/core/vendor/nesbot/carbon/src/Carbon/Lang/bhb.php	0.00		cached
ok	/site/core/vendor/nesbot/carbon/src/Carbon/Lang/bhb_IN.php	0.00		cached
ok	/site/core/vendor/nesbot/carbon/src/Carbon/Lang/bho.php	0.00		cached
ok	/site/core/vendor/nesbot/carbon/src/Carbon/Lang/bho_IN.php	0.00		cached
ok	/site/core/vendor/nesbot/carbon/src/Carbon/Lang/bi.php	0.00		cached
ok	/site/core/vendor/nesbot/carbon/src/Carbon/Lang/bi_VU.php	0.00		cached
ok	/site/core/vendor/nesbot/carbon/src/Carbon/Lang/bm.php	0.00		cached
ok	/site/core/vendor/nesbot/carbon/src/Carbon/Lang/bn.php	0.00		cached
ok	/site/core/vendor/nesbot/carbon/src/Carbon/Lang/bn_BD.php	0.00		cached
ok	/site/core/vendor/nesbot/carbon/src/Carbon/Lang/bn_IN.php	0.00		cached
ok	/site/core/vendor/nesbot/carbon/src/Carbon/Lang/bo.php	0.00		cached
ok	/site/core/vendor/nesbot/carbon/src/Carbon/Lang/bo_CN.php	0.00		cached
ok	/site/core/vendor/nesbot/carbon/src/Carbon/Lang/bo_IN.php	0.00		cached
ok	/site/core/vendor/nesbot/carbon/src/Carbon/Lang/br.php	0.00		cached
ok	/site/core/vendor/nesbot/carbon/src/Carbon/Lang/br_FR.php	0.00		cached
ok	/site/core/vendor/nesbot/carbon/src/Carbon/Lang/brx.php	0.00		cached
ok	/site/core/vendor/nesbot/carbon/src/Carbon/Lang/brx_IN.php	0.00		cached
ok	/site/core/vendor/nesbot/carbon/src/Carbon/Lang/bs.php	0.00		cached
ok	/site/core/vendor/nesbot/carbon/src/Carbon/Lang/bs_BA.php	0.00		cached
ok	/site/core/vendor/nesbot/carbon/src/Carbon/Lang/bs_Cyrl.php	0.00		cached
ok	/site/core/vendor/nesbot/carbon/src/Carbon/Lang/bs_Latn.php	0.00		cached
ok	/site/core/vendor/nesbot/carbon/src/Carbon/Lang/byn.php	0.00		cached
ok	/site/core/vendor/nesbot/carbon/src/Carbon/Lang/byn_ER.php	0.00		cached
ok	/site/core/vendor/nesbot/carbon/src/Carbon/Lang/ca.php	0.00		cached
ok	/site/core/vendor/nesbot/carbon/src/Carbon/Lang/ca_AD.php	0.00		cached
ok	/site/core/vendor/nesbot/carbon/src/Carbon/Lang/ca_ES.php	0.00		cached
ok	/site/core/vendor/nesbot/carbon/src/Carbon/Lang/ca_ES_Valencia.php	0.00		cached
ok	/site/core/vendor/nesbot/carbon/src/Carbon/Lang/ca_FR.php	0.00		cached
ok	/site/core/vendor/nesbot/carbon/src/Carbon/Lang/ca_IT.php	0.00		cached
ok	/site/core/vendor/nesbot/carbon/src/Carbon/Lang/ccp.php	0.00		cached
ok	/site/core/vendor/nesbot/carbon/src/Carbon/Lang/ccp_IN.php	0.00		cached
ok	/site/core/vendor/nesbot/carbon/src/Carbon/Lang/ce.php	0.00		cached
ok	/site/core/vendor/nesbot/carbon/src/Carbon/Lang/ce_RU.php	0.00		cached
ok	/site/core/vendor/nesbot/carbon/src/Carbon/Lang/cgg.php	0.00		cached
ok	/site/core/vendor/nesbot/carbon/src/Carbon/Lang/chr.php	0.00		cached
ok	/site/core/vendor/nesbot/carbon/src/Carbon/Lang/chr_US.php	0.00		cached
ok	/site/core/vendor/nesbot/carbon/src/Carbon/Lang/ckb.php	0.00		cached
ok	/site/core/vendor/nesbot/carbon/src/Carbon/Lang/cmn.php	0.00		cached
ok	/site/core/vendor/nesbot/carbon/src/Carbon/Lang/cmn_TW.php	0.00		cached
ok	/site/core/vendor/nesbot/carbon/src/Carbon/Lang/crh.php	0.00		cached
ok	/site/core/vendor/nesbot/carbon/src/Carbon/Lang/crh_UA.php	0.00		cached
ok	/site/core/vendor/nesbot/carbon/src/Carbon/Lang/cs.php	0.00		cached
ok	/site/core/vendor/nesbot/carbon/src/Carbon/Lang/cs_CZ.php	0.00		cached
ok	/site/core/vendor/nesbot/carbon/src/Carbon/Lang/csb.php	0.00		cached
ok	/site/core/vendor/nesbot/carbon/src/Carbon/Lang/csb_PL.php	0.00		cached
ok	/site/core/vendor/nesbot/carbon/src/Carbon/Lang/cu.php	0.00		cached
ok	/site/core/vendor/nesbot/carbon/src/Carbon/Lang/cv.php	0.00		cached
ok	/site/core/vendor/nesbot/carbon/src/Carbon/Lang/cv_RU.php	0.00		cached
ok	/site/core/vendor/nesbot/carbon/src/Carbon/Lang/cy.php	0.00		cached
ok	/site/core/vendor/nesbot/carbon/src/Carbon/Lang/cy_GB.php	0.00		cached
ok	/site/core/vendor/nesbot/carbon/src/Carbon/Lang/da.php	0.00		cached
ok	/site/core/vendor/nesbot/carbon/src/Carbon/Lang/da_DK.php	0.00		cached
ok	/site/core/vendor/nesbot/carbon/src/Carbon/Lang/da_GL.php	0.00		cached
ok	/site/core/vendor/nesbot/carbon/src/Carbon/Lang/dav.php	0.00		cached
ok	/site/core/vendor/nesbot/carbon/src/Carbon/Lang/de.php	0.00		cached
ok	/site/core/vendor/nesbot/carbon/src/Carbon/Lang/de_AT.php	0.00		cached
ok	/site/core/vendor/nesbot/carbon/src/Carbon/Lang/de_BE.php	0.00		cached
ok	/site/core/vendor/nesbot/carbon/src/Carbon/Lang/de_CH.php	0.00		cached
ok	/site/core/vendor/nesbot/carbon/src/Carbon/Lang/de_DE.php	0.00		cached
ok	/site/core/vendor/nesbot/carbon/src/Carbon/Lang/de_IT.php	0.00		cached
ok	/site/core/vendor/nesbot/carbon/src/Carbon/Lang/de_LI.php	0.00		cached
ok	/site/core/vendor/nesbot/carbon/src/Carbon/Lang/de_LU.php	0.00		cached
ok	/site/core/vendor/nesbot/carbon/src/Carbon/Lang/dje.php	0.00		cached
ok	/site/core/vendor/nesbot/carbon/src/Carbon/Lang/doi.php	0.00		cached
ok	/site/core/vendor/nesbot/carbon/src/Carbon/Lang/doi_IN.php	0.00		cached
ok	/site/core/vendor/nesbot/carbon/src/Carbon/Lang/dsb.php	0.00		cached
ok	/site/core/vendor/nesbot/carbon/src/Carbon/Lang/dsb_DE.php	0.00		cached
ok	/site/core/vendor/nesbot/carbon/src/Carbon/Lang/dua.php	0.00		cached
ok	/site/core/vendor/nesbot/carbon/src/Carbon/Lang/dv.php	0.00		cached
ok	/site/core/vendor/nesbot/carbon/src/Carbon/Lang/dv_MV.php	0.00		cached
ok	/site/core/vendor/nesbot/carbon/src/Carbon/Lang/dyo.php	0.00		cached
ok	/site/core/vendor/nesbot/carbon/src/Carbon/Lang/dz.php	0.00		cached
ok	/site/core/vendor/nesbot/carbon/src/Carbon/Lang/dz_BT.php	0.00		cached
ok	/site/core/vendor/nesbot/carbon/src/Carbon/Lang/ebu.php	0.00		cached
ok	/site/core/vendor/nesbot/carbon/src/Carbon/Lang/ee.php	0.00		cached
ok	/site/core/vendor/nesbot/carbon/src/Carbon/Lang/ee_TG.php	0.00		cached
ok	/site/core/vendor/nesbot/carbon/src/Carbon/Lang/el.php	0.00		cached
ok	/site/core/vendor/nesbot/carbon/src/Carbon/Lang/el_CY.php	0.00		cached
ok	/site/core/vendor/nesbot/carbon/src/Carbon/Lang/el_GR.php	0.00		cached
ok	/site/core/vendor/nesbot/carbon/src/Carbon/Lang/en.php	0.00		cached
ok	/site/core/vendor/nesbot/carbon/src/Carbon/Lang/en_001.php	0.00		cached
ok	/site/core/vendor/nesbot/carbon/src/Carbon/Lang/en_150.php	0.00		cached
ok	/site/core/vendor/nesbot/carbon/src/Carbon/Lang/en_AG.php	0.00		cached
ok	/site/core/vendor/nesbot/carbon/src/Carbon/Lang/en_AI.php	0.00		cached
ok	/site/core/vendor/nesbot/carbon/src/Carbon/Lang/en_AS.php	0.00		cached
ok	/site/core/vendor/nesbot/carbon/src/Carbon/Lang/en_AT.php	0.00		cached
ok	/site/core/vendor/nesbot/carbon/src/Carbon/Lang/en_AU.php	0.00		cached
ok	/site/core/vendor/nesbot/carbon/src/Carbon/Lang/en_BB.php	0.00		cached
ok	/site/core/vendor/nesbot/carbon/src/Carbon/Lang/en_BE.php	0.00		cached
ok	/site/core/vendor/nesbot/carbon/src/Carbon/Lang/en_BI.php	0.00		cached
ok	/site/core/vendor/nesbot/carbon/src/Carbon/Lang/en_BM.php	0.00		cached
ok	/site/core/vendor/nesbot/carbon/src/Carbon/Lang/en_BS.php	0.00		cached
ok	/site/core/vendor/nesbot/carbon/src/Carbon/Lang/en_BW.php	0.00		cached
ok	/site/core/vendor/nesbot/carbon/src/Carbon/Lang/en_BZ.php	0.00		cached
ok	/site/core/vendor/nesbot/carbon/src/Carbon/Lang/en_CA.php	0.00		cached
ok	/site/core/vendor/nesbot/carbon/src/Carbon/Lang/en_CC.php	0.00		cached
ok	/site/core/vendor/nesbot/carbon/src/Carbon/Lang/en_CH.php	0.00		cached
ok	/site/core/vendor/nesbot/carbon/src/Carbon/Lang/en_CK.php	0.00		cached
ok	/site/core/vendor/nesbot/carbon/src/Carbon/Lang/en_CM.php	0.00		cached
ok	/site/core/vendor/nesbot/carbon/src/Carbon/Lang/en_CX.php	0.00		cached
ok	/site/core/vendor/nesbot/carbon/src/Carbon/Lang/en_CY.php	0.00		cached
ok	/site/core/vendor/nesbot/carbon/src/Carbon/Lang/en_DE.php	0.00		cached
ok	/site/core/vendor/nesbot/carbon/src/Carbon/Lang/en_DG.php	0.00		cached
ok	/site/core/vendor/nesbot/carbon/src/Carbon/Lang/en_DK.php	0.00		cached
ok	/site/core/vendor/nesbot/carbon/src/Carbon/Lang/en_DM.php	0.00		cached
ok	/site/core/vendor/nesbot/carbon/src/Carbon/Lang/en_ER.php	0.00		cached
ok	/site/core/vendor/nesbot/carbon/src/Carbon/Lang/en_FI.php	0.00		cached
ok	/site/core/vendor/nesbot/carbon/src/Carbon/Lang/en_FJ.php	0.00		cached
ok	/site/core/vendor/nesbot/carbon/src/Carbon/Lang/en_FK.php	0.00		cached
ok	/site/core/vendor/nesbot/carbon/src/Carbon/Lang/en_FM.php	0.00		cached
ok	/site/core/vendor/nesbot/carbon/src/Carbon/Lang/en_GB.php	0.00		cached
ok	/site/core/vendor/nesbot/carbon/src/Carbon/Lang/en_GD.php	0.00		cached
ok	/site/core/vendor/nesbot/carbon/src/Carbon/Lang/en_GG.php	0.00		cached
ok	/site/core/vendor/nesbot/carbon/src/Carbon/Lang/en_GH.php	0.00		cached
ok	/site/core/vendor/nesbot/carbon/src/Carbon/Lang/en_GI.php	0.00		cached
ok	/site/core/vendor/nesbot/carbon/src/Carbon/Lang/en_GM.php	0.00		cached
ok	/site/core/vendor/nesbot/carbon/src/Carbon/Lang/en_GU.php	0.00		cached
ok	/site/core/vendor/nesbot/carbon/src/Carbon/Lang/en_GY.php	0.00		cached
ok	/site/core/vendor/nesbot/carbon/src/Carbon/Lang/en_HK.php	0.00		cached
ok	/site/core/vendor/nesbot/carbon/src/Carbon/Lang/en_IE.php	0.00		cached
ok	/site/core/vendor/nesbot/carbon/src/Carbon/Lang/en_IL.php	0.00		cached
ok	/site/core/vendor/nesbot/carbon/src/Carbon/Lang/en_IM.php	0.00		cached
ok	/site/core/vendor/nesbot/carbon/src/Carbon/Lang/en_IN.php	0.00		cached
ok	/site/core/vendor/nesbot/carbon/src/Carbon/Lang/en_IO.php	0.00		cached
ok	/site/core/vendor/nesbot/carbon/src/Carbon/Lang/en_ISO.php	0.00		cached
ok	/site/core/vendor/nesbot/carbon/src/Carbon/Lang/en_JE.php	0.00		cached
ok	/site/core/vendor/nesbot/carbon/src/Carbon/Lang/en_JM.php	0.00		cached
ok	/site/core/vendor/nesbot/carbon/src/Carbon/Lang/en_KE.php	0.00		cached
ok	/site/core/vendor/nesbot/carbon/src/Carbon/Lang/en_KI.php	0.00		cached
ok	/site/core/vendor/nesbot/carbon/src/Carbon/Lang/en_KN.php	0.00		cached
ok	/site/core/vendor/nesbot/carbon/src/Carbon/Lang/en_KY.php	0.00		cached
ok	/site/core/vendor/nesbot/carbon/src/Carbon/Lang/en_LC.php	0.00		cached
ok	/site/core/vendor/nesbot/carbon/src/Carbon/Lang/en_LR.php	0.00		cached
ok	/site/core/vendor/nesbot/carbon/src/Carbon/Lang/en_LS.php	0.00		cached
ok	/site/core/vendor/nesbot/carbon/src/Carbon/Lang/en_MG.php	0.00		cached
ok	/site/core/vendor/nesbot/carbon/src/Carbon/Lang/en_MH.php	0.00		cached
ok	/site/core/vendor/nesbot/carbon/src/Carbon/Lang/en_MO.php	0.00		cached
ok	/site/core/vendor/nesbot/carbon/src/Carbon/Lang/en_MP.php	0.00		cached
ok	/site/core/vendor/nesbot/carbon/src/Carbon/Lang/en_MS.php	0.00		cached
ok	/site/core/vendor/nesbot/carbon/src/Carbon/Lang/en_MT.php	0.00		cached
ok	/site/core/vendor/nesbot/carbon/src/Carbon/Lang/en_MU.php	0.00		cached
ok	/site/core/vendor/nesbot/carbon/src/Carbon/Lang/en_MW.php	0.00		cached
ok	/site/core/vendor/nesbot/carbon/src/Carbon/Lang/en_MY.php	0.00		cached
ok	/site/core/vendor/nesbot/carbon/src/Carbon/Lang/en_NA.php	0.00		cached
ok	/site/core/vendor/nesbot/carbon/src/Carbon/Lang/en_NF.php	0.00		cached
ok	/site/core/vendor/nesbot/carbon/src/Carbon/Lang/en_NG.php	0.00		cached
ok	/site/core/vendor/nesbot/carbon/src/Carbon/Lang/en_NL.php	0.00		cached
ok	/site/core/vendor/nesbot/carbon/src/Carbon/Lang/en_NR.php	0.00		cached
ok	/site/core/vendor/nesbot/carbon/src/Carbon/Lang/en_NU.php	0.00		cached
ok	/site/core/vendor/nesbot/carbon/src/Carbon/Lang/en_NZ.php	0.00		cached
ok	/site/core/vendor/nesbot/carbon/src/Carbon/Lang/en_PG.php	0.00		cached
ok	/site/core/vendor/nesbot/carbon/src/Carbon/Lang/en_PH.php	0.00		cached
ok	/site/core/vendor/nesbot/carbon/src/Carbon/Lang/en_PK.php	0.00		cached
ok	/site/core/vendor/nesbot/carbon/src/Carbon/Lang/en_PN.php	0.00		cached
ok	/site/core/vendor/nesbot/carbon/src/Carbon/Lang/en_PR.php	0.00		cached
ok	/site/core/vendor/nesbot/carbon/src/Carbon/Lang/en_PW.php	0.00		cached
ok	/site/core/vendor/nesbot/carbon/src/Carbon/Lang/en_RW.php	0.00		cached
ok	/site/core/vendor/nesbot/carbon/src/Carbon/Lang/en_SB.php	0.00		cached
ok	/site/core/vendor/nesbot/carbon/src/Carbon/Lang/en_SC.php	0.00		cached
ok	/site/core/vendor/nesbot/carbon/src/Carbon/Lang/en_SD.php	0.00		cached
ok	/site/core/vendor/nesbot/carbon/src/Carbon/Lang/en_SE.php	0.00		cached
ok	/site/core/vendor/nesbot/carbon/src/Carbon/Lang/en_SG.php	0.00		cached
ok	/site/core/vendor/nesbot/carbon/src/Carbon/Lang/en_SH.php	0.00		cached
ok	/site/core/vendor/nesbot/carbon/src/Carbon/Lang/en_SI.php	0.00		cached
ok	/site/core/vendor/nesbot/carbon/src/Carbon/Lang/en_SL.php	0.00		cached
ok	/site/core/vendor/nesbot/carbon/src/Carbon/Lang/en_SS.php	0.00		cached
ok	/site/core/vendor/nesbot/carbon/src/Carbon/Lang/en_SX.php	0.00		cached
ok	/site/core/vendor/nesbot/carbon/src/Carbon/Lang/en_SZ.php	0.00		cached
ok	/site/core/vendor/nesbot/carbon/src/Carbon/Lang/en_TC.php	0.00		cached
ok	/site/core/vendor/nesbot/carbon/src/Carbon/Lang/en_TK.php	0.00		cached
ok	/site/core/vendor/nesbot/carbon/src/Carbon/Lang/en_TO.php	0.00		cached
ok	/site/core/vendor/nesbot/carbon/src/Carbon/Lang/en_TT.php	0.00		cached
ok	/site/core/vendor/nesbot/carbon/src/Carbon/Lang/en_TV.php	0.00		cached
ok	/site/core/vendor/nesbot/carbon/src/Carbon/Lang/en_TZ.php	0.00		cached
ok	/site/core/vendor/nesbot/carbon/src/Carbon/Lang/en_UG.php	0.00		cached
ok	/site/core/vendor/nesbot/carbon/src/Carbon/Lang/en_UM.php	0.00		cached
ok	/site/core/vendor/nesbot/carbon/src/Carbon/Lang/en_US.php	0.00		cached
ok	/site/core/vendor/nesbot/carbon/src/Carbon/Lang/en_US_Posix.php	0.00		cached
ok	/site/core/vendor/nesbot/carbon/src/Carbon/Lang/en_VC.php	0.00		cached
ok	/site/core/vendor/nesbot/carbon/src/Carbon/Lang/en_VG.php	0.00		cached
ok	/site/core/vendor/nesbot/carbon/src/Carbon/Lang/en_VI.php	0.00		cached
ok	/site/core/vendor/nesbot/carbon/src/Carbon/Lang/en_VU.php	0.00		cached
ok	/site/core/vendor/nesbot/carbon/src/Carbon/Lang/en_WS.php	0.00		cached
ok	/site/core/vendor/nesbot/carbon/src/Carbon/Lang/en_ZA.php	0.00		cached
ok	/site/core/vendor/nesbot/carbon/src/Carbon/Lang/en_ZM.php	0.00		cached
ok	/site/core/vendor/nesbot/carbon/src/Carbon/Lang/en_ZW.php	0.00		cached
ok	/site/core/vendor/nesbot/carbon/src/Carbon/Lang/eo.php	0.00		cached
ok	/site/core/vendor/nesbot/carbon/src/Carbon/Lang/es.php	0.00		cached
ok	/site/core/vendor/nesbot/carbon/src/Carbon/Lang/es_419.php	0.00		cached
ok	/site/core/vendor/nesbot/carbon/src/Carbon/Lang/es_AR.php	0.00		cached
ok	/site/core/vendor/nesbot/carbon/src/Carbon/Lang/es_BO.php	0.00		cached
ok	/site/core/vendor/nesbot/carbon/src/Carbon/Lang/es_BR.php	0.00		cached
ok	/site/core/vendor/nesbot/carbon/src/Carbon/Lang/es_BZ.php	0.00		cached
ok	/site/core/vendor/nesbot/carbon/src/Carbon/Lang/es_CL.php	0.00		cached
ok	/site/core/vendor/nesbot/carbon/src/Carbon/Lang/es_CO.php	0.00		cached
ok	/site/core/vendor/nesbot/carbon/src/Carbon/Lang/es_CR.php	0.00		cached
ok	/site/core/vendor/nesbot/carbon/src/Carbon/Lang/es_CU.php	0.00		cached
ok	/site/core/vendor/nesbot/carbon/src/Carbon/Lang/es_DO.php	0.00		cached
ok	/site/core/vendor/nesbot/carbon/src/Carbon/Lang/es_EA.php	0.00		cached
ok	/site/core/vendor/nesbot/carbon/src/Carbon/Lang/es_EC.php	0.00		cached
ok	/site/core/vendor/nesbot/carbon/src/Carbon/Lang/es_ES.php	0.00		cached
ok	/site/core/vendor/nesbot/carbon/src/Carbon/Lang/es_GQ.php	0.00		cached
ok	/site/core/vendor/nesbot/carbon/src/Carbon/Lang/es_GT.php	0.00		cached
ok	/site/core/vendor/nesbot/carbon/src/Carbon/Lang/es_HN.php	0.00		cached
ok	/site/core/vendor/nesbot/carbon/src/Carbon/Lang/es_IC.php	0.00		cached
ok	/site/core/vendor/nesbot/carbon/src/Carbon/Lang/es_MX.php	0.00		cached
ok	/site/core/vendor/nesbot/carbon/src/Carbon/Lang/es_NI.php	0.00		cached
ok	/site/core/vendor/nesbot/carbon/src/Carbon/Lang/es_PA.php	0.00		cached
ok	/site/core/vendor/nesbot/carbon/src/Carbon/Lang/es_PE.php	0.00		cached
ok	/site/core/vendor/nesbot/carbon/src/Carbon/Lang/es_PH.php	0.00		cached
ok	/site/core/vendor/nesbot/carbon/src/Carbon/Lang/es_PR.php	0.00		cached
ok	/site/core/vendor/nesbot/carbon/src/Carbon/Lang/es_PY.php	0.00		cached
ok	/site/core/vendor/nesbot/carbon/src/Carbon/Lang/es_SV.php	0.00		cached
ok	/site/core/vendor/nesbot/carbon/src/Carbon/Lang/es_US.php	0.00		cached
ok	/site/core/vendor/nesbot/carbon/src/Carbon/Lang/es_UY.php	0.00		cached
ok	/site/core/vendor/nesbot/carbon/src/Carbon/Lang/es_VE.php	0.00		cached
ok	/site/core/vendor/nesbot/carbon/src/Carbon/Lang/et.php	0.00		cached
ok	/site/core/vendor/nesbot/carbon/src/Carbon/Lang/et_EE.php	0.00		cached
ok	/site/core/vendor/nesbot/carbon/src/Carbon/Lang/eu.php	0.00		cached
ok	/site/core/vendor/nesbot/carbon/src/Carbon/Lang/eu_ES.php	0.00		cached
ok	/site/core/vendor/nesbot/carbon/src/Carbon/Lang/ewo.php	0.00		cached
ok	/site/core/vendor/nesbot/carbon/src/Carbon/Lang/fa.php	0.00		cached
ok	/site/core/vendor/nesbot/carbon/src/Carbon/Lang/fa_AF.php	0.00		cached
ok	/site/core/vendor/nesbot/carbon/src/Carbon/Lang/fa_IR.php	0.00		cached
ok	/site/core/vendor/nesbot/carbon/src/Carbon/Lang/ff.php	0.00		cached
ok	/site/core/vendor/nesbot/carbon/src/Carbon/Lang/ff_CM.php	0.00		cached
ok	/site/core/vendor/nesbot/carbon/src/Carbon/Lang/ff_GN.php	0.00		cached
ok	/site/core/vendor/nesbot/carbon/src/Carbon/Lang/ff_MR.php	0.00		cached
ok	/site/core/vendor/nesbot/carbon/src/Carbon/Lang/ff_SN.php	0.00		cached
ok	/site/core/vendor/nesbot/carbon/src/Carbon/Lang/fi.php	0.00		cached
ok	/site/core/vendor/nesbot/carbon/src/Carbon/Lang/fi_FI.php	0.00		cached
ok	/site/core/vendor/nesbot/carbon/src/Carbon/Lang/fil.php	0.00		cached
ok	/site/core/vendor/nesbot/carbon/src/Carbon/Lang/fil_PH.php	0.00		cached
ok	/site/core/vendor/nesbot/carbon/src/Carbon/Lang/fo.php	0.00		cached
ok	/site/core/vendor/nesbot/carbon/src/Carbon/Lang/fo_DK.php	0.00		cached
ok	/site/core/vendor/nesbot/carbon/src/Carbon/Lang/fo_FO.php	0.00		cached
ok	/site/core/vendor/nesbot/carbon/src/Carbon/Lang/fr.php	0.00		cached
ok	/site/core/vendor/nesbot/carbon/src/Carbon/Lang/fr_BE.php	0.00		cached
ok	/site/core/vendor/nesbot/carbon/src/Carbon/Lang/fr_BF.php	0.00		cached
ok	/site/core/vendor/nesbot/carbon/src/Carbon/Lang/fr_BI.php	0.00		cached
ok	/site/core/vendor/nesbot/carbon/src/Carbon/Lang/fr_BJ.php	0.00		cached
ok	/site/core/vendor/nesbot/carbon/src/Carbon/Lang/fr_BL.php	0.00		cached
ok	/site/core/vendor/nesbot/carbon/src/Carbon/Lang/fr_CA.php	0.00		cached
ok	/site/core/vendor/nesbot/carbon/src/Carbon/Lang/fr_CD.php	0.00		cached
ok	/site/core/vendor/nesbot/carbon/src/Carbon/Lang/fr_CF.php	0.00		cached
ok	/site/core/vendor/nesbot/carbon/src/Carbon/Lang/fr_CG.php	0.00		cached
ok	/site/core/vendor/nesbot/carbon/src/Carbon/Lang/fr_CH.php	0.00		cached
ok	/site/core/vendor/nesbot/carbon/src/Carbon/Lang/fr_CI.php	0.00		cached
ok	/site/core/vendor/nesbot/carbon/src/Carbon/Lang/fr_CM.php	0.00		cached
ok	/site/core/vendor/nesbot/carbon/src/Carbon/Lang/fr_DJ.php	0.00		cached
ok	/site/core/vendor/nesbot/carbon/src/Carbon/Lang/fr_DZ.php	0.00		cached
ok	/site/core/vendor/nesbot/carbon/src/Carbon/Lang/fr_FR.php	0.00		cached
ok	/site/core/vendor/nesbot/carbon/src/Carbon/Lang/fr_GA.php	0.00		cached
ok	/site/core/vendor/nesbot/carbon/src/Carbon/Lang/fr_GF.php	0.00		cached
ok	/site/core/vendor/nesbot/carbon/src/Carbon/Lang/fr_GN.php	0.00		cached
ok	/site/core/vendor/nesbot/carbon/src/Carbon/Lang/fr_GP.php	0.00		cached
ok	/site/core/vendor/nesbot/carbon/src/Carbon/Lang/fr_GQ.php	0.00		cached
ok	/site/core/vendor/nesbot/carbon/src/Carbon/Lang/fr_HT.php	0.00		cached
ok	/site/core/vendor/nesbot/carbon/src/Carbon/Lang/fr_KM.php	0.00		cached
ok	/site/core/vendor/nesbot/carbon/src/Carbon/Lang/fr_LU.php	0.00		cached
ok	/site/core/vendor/nesbot/carbon/src/Carbon/Lang/fr_MA.php	0.00		cached
ok	/site/core/vendor/nesbot/carbon/src/Carbon/Lang/fr_MC.php	0.00		cached
ok	/site/core/vendor/nesbot/carbon/src/Carbon/Lang/fr_MF.php	0.00		cached
ok	/site/core/vendor/nesbot/carbon/src/Carbon/Lang/fr_MG.php	0.00		cached
ok	/site/core/vendor/nesbot/carbon/src/Carbon/Lang/fr_ML.php	0.00		cached
ok	/site/core/vendor/nesbot/carbon/src/Carbon/Lang/fr_MQ.php	0.00		cached
ok	/site/core/vendor/nesbot/carbon/src/Carbon/Lang/fr_MR.php	0.00		cached
ok	/site/core/vendor/nesbot/carbon/src/Carbon/Lang/fr_MU.php	0.00		cached
ok	/site/core/vendor/nesbot/carbon/src/Carbon/Lang/fr_NC.php	0.00		cached
ok	/site/core/vendor/nesbot/carbon/src/Carbon/Lang/fr_NE.php	0.00		cached
ok	/site/core/vendor/nesbot/carbon/src/Carbon/Lang/fr_PF.php	0.00		cached
ok	/site/core/vendor/nesbot/carbon/src/Carbon/Lang/fr_PM.php	0.00		cached
ok	/site/core/vendor/nesbot/carbon/src/Carbon/Lang/fr_RE.php	0.00		cached
ok	/site/core/vendor/nesbot/carbon/src/Carbon/Lang/fr_RW.php	0.00		cached
ok	/site/core/vendor/nesbot/carbon/src/Carbon/Lang/fr_SC.php	0.00		cached
ok	/site/core/vendor/nesbot/carbon/src/Carbon/Lang/fr_SN.php	0.00		cached
ok	/site/core/vendor/nesbot/carbon/src/Carbon/Lang/fr_SY.php	0.00		cached
ok	/site/core/vendor/nesbot/carbon/src/Carbon/Lang/fr_TD.php	0.00		cached
ok	/site/core/vendor/nesbot/carbon/src/Carbon/Lang/fr_TG.php	0.00		cached
ok	/site/core/vendor/nesbot/carbon/src/Carbon/Lang/fr_TN.php	0.00		cached
ok	/site/core/vendor/nesbot/carbon/src/Carbon/Lang/fr_VU.php	0.00		cached
ok	/site/core/vendor/nesbot/carbon/src/Carbon/Lang/fr_WF.php	0.00		cached
ok	/site/core/vendor/nesbot/carbon/src/Carbon/Lang/fr_YT.php	0.00		cached
ok	/site/core/vendor/nesbot/carbon/src/Carbon/Lang/fur.php	0.00		cached
ok	/site/core/vendor/nesbot/carbon/src/Carbon/Lang/fur_IT.php	0.00		cached
ok	/site/core/vendor/nesbot/carbon/src/Carbon/Lang/fy.php	0.00		cached
ok	/site/core/vendor/nesbot/carbon/src/Carbon/Lang/fy_DE.php	0.00		cached
ok	/site/core/vendor/nesbot/carbon/src/Carbon/Lang/fy_NL.php	0.00		cached
ok	/site/core/vendor/nesbot/carbon/src/Carbon/Lang/ga.php	0.00		cached
ok	/site/core/vendor/nesbot/carbon/src/Carbon/Lang/ga_IE.php	0.00		cached
ok	/site/core/vendor/nesbot/carbon/src/Carbon/Lang/gd.php	0.00		cached
ok	/site/core/vendor/nesbot/carbon/src/Carbon/Lang/gd_GB.php	0.00		cached
ok	/site/core/vendor/nesbot/carbon/src/Carbon/Lang/gez.php	0.00		cached
ok	/site/core/vendor/nesbot/carbon/src/Carbon/Lang/gez_ER.php	0.00		cached
ok	/site/core/vendor/nesbot/carbon/src/Carbon/Lang/gez_ET.php	0.00		cached
ok	/site/core/vendor/nesbot/carbon/src/Carbon/Lang/gl.php	0.00		cached
ok	/site/core/vendor/nesbot/carbon/src/Carbon/Lang/gl_ES.php	0.00		cached
ok	/site/core/vendor/nesbot/carbon/src/Carbon/Lang/gom.php	0.00		cached
ok	/site/core/vendor/nesbot/carbon/src/Carbon/Lang/gom_Latn.php	0.00		cached
ok	/site/core/vendor/nesbot/carbon/src/Carbon/Lang/gsw.php	0.00		cached
ok	/site/core/vendor/nesbot/carbon/src/Carbon/Lang/gsw_CH.php	0.00		cached
ok	/site/core/vendor/nesbot/carbon/src/Carbon/Lang/gsw_FR.php	0.00		cached
ok	/site/core/vendor/nesbot/carbon/src/Carbon/Lang/gsw_LI.php	0.00		cached
ok	/site/core/vendor/nesbot/carbon/src/Carbon/Lang/gu.php	0.00		cached
ok	/site/core/vendor/nesbot/carbon/src/Carbon/Lang/gu_IN.php	0.00		cached
ok	/site/core/vendor/nesbot/carbon/src/Carbon/Lang/guz.php	0.00		cached
ok	/site/core/vendor/nesbot/carbon/src/Carbon/Lang/gv.php	0.00		cached
ok	/site/core/vendor/nesbot/carbon/src/Carbon/Lang/gv_GB.php	0.00		cached
ok	/site/core/vendor/nesbot/carbon/src/Carbon/Lang/ha.php	0.00		cached
ok	/site/core/vendor/nesbot/carbon/src/Carbon/Lang/ha_GH.php	0.00		cached
ok	/site/core/vendor/nesbot/carbon/src/Carbon/Lang/ha_NE.php	0.00		cached
ok	/site/core/vendor/nesbot/carbon/src/Carbon/Lang/ha_NG.php	0.00		cached
ok	/site/core/vendor/nesbot/carbon/src/Carbon/Lang/hak.php	0.00		cached
ok	/site/core/vendor/nesbot/carbon/src/Carbon/Lang/hak_TW.php	0.00		cached
ok	/site/core/vendor/nesbot/carbon/src/Carbon/Lang/haw.php	0.00		cached
ok	/site/core/vendor/nesbot/carbon/src/Carbon/Lang/he.php	0.00		cached
ok	/site/core/vendor/nesbot/carbon/src/Carbon/Lang/he_IL.php	0.00		cached
ok	/site/core/vendor/nesbot/carbon/src/Carbon/Lang/hi.php	0.00		cached
ok	/site/core/vendor/nesbot/carbon/src/Carbon/Lang/hi_IN.php	0.00		cached
ok	/site/core/vendor/nesbot/carbon/src/Carbon/Lang/hif.php	0.00		cached
ok	/site/core/vendor/nesbot/carbon/src/Carbon/Lang/hif_FJ.php	0.00		cached
ok	/site/core/vendor/nesbot/carbon/src/Carbon/Lang/hne.php	0.00		cached
ok	/site/core/vendor/nesbot/carbon/src/Carbon/Lang/hne_IN.php	0.00		cached
ok	/site/core/vendor/nesbot/carbon/src/Carbon/Lang/hr.php	0.00		cached
ok	/site/core/vendor/nesbot/carbon/src/Carbon/Lang/hr_BA.php	0.00		cached
ok	/site/core/vendor/nesbot/carbon/src/Carbon/Lang/hr_HR.php	0.00		cached
ok	/site/core/vendor/nesbot/carbon/src/Carbon/Lang/hsb.php	0.00		cached
ok	/site/core/vendor/nesbot/carbon/src/Carbon/Lang/hsb_DE.php	0.00		cached
ok	/site/core/vendor/nesbot/carbon/src/Carbon/Lang/ht.php	0.00		cached
ok	/site/core/vendor/nesbot/carbon/src/Carbon/Lang/ht_HT.php	0.00		cached
ok	/site/core/vendor/nesbot/carbon/src/Carbon/Lang/hu.php	0.00		cached
ok	/site/core/vendor/nesbot/carbon/src/Carbon/Lang/hu_HU.php	0.00		cached
ok	/site/core/vendor/nesbot/carbon/src/Carbon/Lang/hy.php	0.00		cached
ok	/site/core/vendor/nesbot/carbon/src/Carbon/Lang/hy_AM.php	0.00		cached
ok	/site/core/vendor/nesbot/carbon/src/Carbon/Lang/i18n.php	0.00		cached
ok	/site/core/vendor/nesbot/carbon/src/Carbon/Lang/ia.php	0.00		cached
ok	/site/core/vendor/nesbot/carbon/src/Carbon/Lang/ia_FR.php	0.00		cached
ok	/site/core/vendor/nesbot/carbon/src/Carbon/Lang/id.php	0.00		cached
ok	/site/core/vendor/nesbot/carbon/src/Carbon/Lang/id_ID.php	0.00		cached
ok	/site/core/vendor/nesbot/carbon/src/Carbon/Lang/ig.php	0.00		cached
ok	/site/core/vendor/nesbot/carbon/src/Carbon/Lang/ig_NG.php	0.00		cached
ok	/site/core/vendor/nesbot/carbon/src/Carbon/Lang/ii.php	0.00		cached
ok	/site/core/vendor/nesbot/carbon/src/Carbon/Lang/ik.php	0.00		cached
ok	/site/core/vendor/nesbot/carbon/src/Carbon/Lang/ik_CA.php	0.00		cached
ok	/site/core/vendor/nesbot/carbon/src/Carbon/Lang/in.php	0.00		cached
ok	/site/core/vendor/nesbot/carbon/src/Carbon/Lang/is.php	0.00		cached
ok	/site/core/vendor/nesbot/carbon/src/Carbon/Lang/is_IS.php	0.00		cached
ok	/site/core/vendor/nesbot/carbon/src/Carbon/Lang/it.php	0.00		cached
ok	/site/core/vendor/nesbot/carbon/src/Carbon/Lang/it_CH.php	0.00		cached
ok	/site/core/vendor/nesbot/carbon/src/Carbon/Lang/it_IT.php	0.00		cached
ok	/site/core/vendor/nesbot/carbon/src/Carbon/Lang/it_SM.php	0.00		cached
ok	/site/core/vendor/nesbot/carbon/src/Carbon/Lang/it_VA.php	0.00		cached
ok	/site/core/vendor/nesbot/carbon/src/Carbon/Lang/iu.php	0.00		cached
ok	/site/core/vendor/nesbot/carbon/src/Carbon/Lang/iu_CA.php	0.00		cached
ok	/site/core/vendor/nesbot/carbon/src/Carbon/Lang/iw.php	0.00		cached
ok	/site/core/vendor/nesbot/carbon/src/Carbon/Lang/ja.php	0.00		cached
ok	/site/core/vendor/nesbot/carbon/src/Carbon/Lang/ja_JP.php	0.00		cached
ok	/site/core/vendor/nesbot/carbon/src/Carbon/Lang/jgo.php	0.00		cached
ok	/site/core/vendor/nesbot/carbon/src/Carbon/Lang/jmc.php	0.00		cached
ok	/site/core/vendor/nesbot/carbon/src/Carbon/Lang/jv.php	0.00		cached
ok	/site/core/vendor/nesbot/carbon/src/Carbon/Lang/ka.php	0.00		cached
ok	/site/core/vendor/nesbot/carbon/src/Carbon/Lang/ka_GE.php	0.00		cached
ok	/site/core/vendor/nesbot/carbon/src/Carbon/Lang/kab.php	0.00		cached
ok	/site/core/vendor/nesbot/carbon/src/Carbon/Lang/kab_DZ.php	0.00		cached
ok	/site/core/vendor/nesbot/carbon/src/Carbon/Lang/kam.php	0.00		cached
ok	/site/core/vendor/nesbot/carbon/src/Carbon/Lang/kde.php	0.00		cached
ok	/site/core/vendor/nesbot/carbon/src/Carbon/Lang/kea.php	0.00		cached
ok	/site/core/vendor/nesbot/carbon/src/Carbon/Lang/khq.php	0.00		cached
ok	/site/core/vendor/nesbot/carbon/src/Carbon/Lang/ki.php	0.00		cached
ok	/site/core/vendor/nesbot/carbon/src/Carbon/Lang/kk.php	0.00		cached
ok	/site/core/vendor/nesbot/carbon/src/Carbon/Lang/kk_KZ.php	0.00		cached
ok	/site/core/vendor/nesbot/carbon/src/Carbon/Lang/kkj.php	0.00		cached
ok	/site/core/vendor/nesbot/carbon/src/Carbon/Lang/kl.php	0.00		cached
ok	/site/core/vendor/nesbot/carbon/src/Carbon/Lang/kl_GL.php	0.00		cached
ok	/site/core/vendor/nesbot/carbon/src/Carbon/Lang/kln.php	0.00		cached
ok	/site/core/vendor/nesbot/carbon/src/Carbon/Lang/km.php	0.00		cached
ok	/site/core/vendor/nesbot/carbon/src/Carbon/Lang/km_KH.php	0.00		cached
ok	/site/core/vendor/nesbot/carbon/src/Carbon/Lang/kn.php	0.00		cached
ok	/site/core/vendor/nesbot/carbon/src/Carbon/Lang/kn_IN.php	0.00		cached
ok	/site/core/vendor/nesbot/carbon/src/Carbon/Lang/ko.php	0.00		cached
ok	/site/core/vendor/nesbot/carbon/src/Carbon/Lang/ko_KP.php	0.00		cached
ok	/site/core/vendor/nesbot/carbon/src/Carbon/Lang/ko_KR.php	0.00		cached
ok	/site/core/vendor/nesbot/carbon/src/Carbon/Lang/kok.php	0.00		cached
ok	/site/core/vendor/nesbot/carbon/src/Carbon/Lang/kok_IN.php	0.00		cached
ok	/site/core/vendor/nesbot/carbon/src/Carbon/Lang/ks.php	0.00		cached
ok	/site/core/vendor/nesbot/carbon/src/Carbon/Lang/ks_IN.php	0.00		cached
ok	/site/core/vendor/nesbot/carbon/src/Carbon/Lang/ks_IN@devanagari.php	0.00		cached
ok	/site/core/vendor/nesbot/carbon/src/Carbon/Lang/ksb.php	0.00		cached
ok	/site/core/vendor/nesbot/carbon/src/Carbon/Lang/ksf.php	0.00		cached
ok	/site/core/vendor/nesbot/carbon/src/Carbon/Lang/ksh.php	0.00		cached
ok	/site/core/vendor/nesbot/carbon/src/Carbon/Lang/ku.php	0.00		cached
ok	/site/core/vendor/nesbot/carbon/src/Carbon/Lang/ku_TR.php	0.00		cached
ok	/site/core/vendor/nesbot/carbon/src/Carbon/Lang/kw.php	0.00		cached
ok	/site/core/vendor/nesbot/carbon/src/Carbon/Lang/kw_GB.php	0.00		cached
ok	/site/core/vendor/nesbot/carbon/src/Carbon/Lang/ky.php	0.00		cached
ok	/site/core/vendor/nesbot/carbon/src/Carbon/Lang/ky_KG.php	0.00		cached
ok	/site/core/vendor/nesbot/carbon/src/Carbon/Lang/lag.php	0.00		cached
ok	/site/core/vendor/nesbot/carbon/src/Carbon/Lang/lb.php	0.00		cached
ok	/site/core/vendor/nesbot/carbon/src/Carbon/Lang/lb_LU.php	0.00		cached
ok	/site/core/vendor/nesbot/carbon/src/Carbon/Lang/lg.php	0.00		cached
ok	/site/core/vendor/nesbot/carbon/src/Carbon/Lang/lg_UG.php	0.00		cached
ok	/site/core/vendor/nesbot/carbon/src/Carbon/Lang/li.php	0.00		cached
ok	/site/core/vendor/nesbot/carbon/src/Carbon/Lang/li_NL.php	0.00		cached
ok	/site/core/vendor/nesbot/carbon/src/Carbon/Lang/lij.php	0.00		cached
ok	/site/core/vendor/nesbot/carbon/src/Carbon/Lang/lij_IT.php	0.00		cached
ok	/site/core/vendor/nesbot/carbon/src/Carbon/Lang/lkt.php	0.00		cached
ok	/site/core/vendor/nesbot/carbon/src/Carbon/Lang/ln.php	0.00		cached
ok	/site/core/vendor/nesbot/carbon/src/Carbon/Lang/ln_AO.php	0.00		cached
ok	/site/core/vendor/nesbot/carbon/src/Carbon/Lang/ln_CD.php	0.00		cached
ok	/site/core/vendor/nesbot/carbon/src/Carbon/Lang/ln_CF.php	0.00		cached
ok	/site/core/vendor/nesbot/carbon/src/Carbon/Lang/ln_CG.php	0.00		cached
ok	/site/core/vendor/nesbot/carbon/src/Carbon/Lang/lo.php	0.00		cached
ok	/site/core/vendor/nesbot/carbon/src/Carbon/Lang/lo_LA.php	0.00		cached
ok	/site/core/vendor/nesbot/carbon/src/Carbon/Lang/lrc.php	0.00		cached
ok	/site/core/vendor/nesbot/carbon/src/Carbon/Lang/lrc_IQ.php	0.00		cached
ok	/site/core/vendor/nesbot/carbon/src/Carbon/Lang/lt.php	0.00		cached
ok	/site/core/vendor/nesbot/carbon/src/Carbon/Lang/lt_LT.php	0.00		cached
ok	/site/core/vendor/nesbot/carbon/src/Carbon/Lang/lu.php	0.00		cached
ok	/site/core/vendor/nesbot/carbon/src/Carbon/Lang/luo.php	0.00		cached
ok	/site/core/vendor/nesbot/carbon/src/Carbon/Lang/luy.php	0.00		cached
ok	/site/core/vendor/nesbot/carbon/src/Carbon/Lang/lv.php	0.00		cached
ok	/site/core/vendor/nesbot/carbon/src/Carbon/Lang/lv_LV.php	0.00		cached
ok	/site/core/vendor/nesbot/carbon/src/Carbon/Lang/lzh.php	0.00		cached
ok	/site/core/vendor/nesbot/carbon/src/Carbon/Lang/lzh_TW.php	0.00		cached
ok	/site/core/vendor/nesbot/carbon/src/Carbon/Lang/mag.php	0.00		cached
ok	/site/core/vendor/nesbot/carbon/src/Carbon/Lang/mag_IN.php	0.00		cached
ok	/site/core/vendor/nesbot/carbon/src/Carbon/Lang/mai.php	0.00		cached
ok	/site/core/vendor/nesbot/carbon/src/Carbon/Lang/mai_IN.php	0.00		cached
ok	/site/core/vendor/nesbot/carbon/src/Carbon/Lang/mas.php	0.00		cached
ok	/site/core/vendor/nesbot/carbon/src/Carbon/Lang/mas_TZ.php	0.00		cached
ok	/site/core/vendor/nesbot/carbon/src/Carbon/Lang/mer.php	0.00		cached
ok	/site/core/vendor/nesbot/carbon/src/Carbon/Lang/mfe.php	0.00		cached
ok	/site/core/vendor/nesbot/carbon/src/Carbon/Lang/mfe_MU.php	0.00		cached
ok	/site/core/vendor/nesbot/carbon/src/Carbon/Lang/mg.php	0.00		cached
ok	/site/core/vendor/nesbot/carbon/src/Carbon/Lang/mg_MG.php	0.00		cached
ok	/site/core/vendor/nesbot/carbon/src/Carbon/Lang/mgh.php	0.00		cached
ok	/site/core/vendor/nesbot/carbon/src/Carbon/Lang/mgo.php	0.00		cached
ok	/site/core/vendor/nesbot/carbon/src/Carbon/Lang/mhr.php	0.00		cached
ok	/site/core/vendor/nesbot/carbon/src/Carbon/Lang/mhr_RU.php	0.00		cached
ok	/site/core/vendor/nesbot/carbon/src/Carbon/Lang/mi.php	0.00		cached
ok	/site/core/vendor/nesbot/carbon/src/Carbon/Lang/mi_NZ.php	0.00		cached
ok	/site/core/vendor/nesbot/carbon/src/Carbon/Lang/miq.php	0.00		cached
ok	/site/core/vendor/nesbot/carbon/src/Carbon/Lang/miq_NI.php	0.00		cached
ok	/site/core/vendor/nesbot/carbon/src/Carbon/Lang/mjw.php	0.00		cached
ok	/site/core/vendor/nesbot/carbon/src/Carbon/Lang/mjw_IN.php	0.00		cached
ok	/site/core/vendor/nesbot/carbon/src/Carbon/Lang/mk.php	0.00		cached
ok	/site/core/vendor/nesbot/carbon/src/Carbon/Lang/mk_MK.php	0.00		cached
ok	/site/core/vendor/nesbot/carbon/src/Carbon/Lang/ml.php	0.00		cached
ok	/site/core/vendor/nesbot/carbon/src/Carbon/Lang/ml_IN.php	0.00		cached
ok	/site/core/vendor/nesbot/carbon/src/Carbon/Lang/mn.php	0.00		cached
ok	/site/core/vendor/nesbot/carbon/src/Carbon/Lang/mn_MN.php	0.00		cached
ok	/site/core/vendor/nesbot/carbon/src/Carbon/Lang/mni.php	0.00		cached
ok	/site/core/vendor/nesbot/carbon/src/Carbon/Lang/mni_IN.php	0.00		cached
ok	/site/core/vendor/nesbot/carbon/src/Carbon/Lang/mo.php	0.00		cached
ok	/site/core/vendor/nesbot/carbon/src/Carbon/Lang/mr.php	0.00		cached
ok	/site/core/vendor/nesbot/carbon/src/Carbon/Lang/mr_IN.php	0.00		cached
ok	/site/core/vendor/nesbot/carbon/src/Carbon/Lang/ms.php	0.00		cached
ok	/site/core/vendor/nesbot/carbon/src/Carbon/Lang/ms_BN.php	0.00		cached
ok	/site/core/vendor/nesbot/carbon/src/Carbon/Lang/ms_MY.php	0.00		cached
ok	/site/core/vendor/nesbot/carbon/src/Carbon/Lang/ms_SG.php	0.00		cached
ok	/site/core/vendor/nesbot/carbon/src/Carbon/Lang/mt.php	0.00		cached
ok	/site/core/vendor/nesbot/carbon/src/Carbon/Lang/mt_MT.php	0.00		cached
ok	/site/core/vendor/nesbot/carbon/src/Carbon/Lang/mua.php	0.00		cached
ok	/site/core/vendor/nesbot/carbon/src/Carbon/Lang/my.php	0.00		cached
ok	/site/core/vendor/nesbot/carbon/src/Carbon/Lang/my_MM.php	0.00		cached
ok	/site/core/vendor/nesbot/carbon/src/Carbon/Lang/mzn.php	0.00		cached
ok	/site/core/vendor/nesbot/carbon/src/Carbon/Lang/nan.php	0.00		cached
ok	/site/core/vendor/nesbot/carbon/src/Carbon/Lang/nan_TW.php	0.00		cached
ok	/site/core/vendor/nesbot/carbon/src/Carbon/Lang/nan_TW@latin.php	0.00		cached
ok	/site/core/vendor/nesbot/carbon/src/Carbon/Lang/naq.php	0.00		cached
ok	/site/core/vendor/nesbot/carbon/src/Carbon/Lang/nb.php	0.00		cached
ok	/site/core/vendor/nesbot/carbon/src/Carbon/Lang/nb_NO.php	0.00		cached
ok	/site/core/vendor/nesbot/carbon/src/Carbon/Lang/nb_SJ.php	0.00		cached
ok	/site/core/vendor/nesbot/carbon/src/Carbon/Lang/nd.php	0.00		cached
ok	/site/core/vendor/nesbot/carbon/src/Carbon/Lang/nds.php	0.00		cached
ok	/site/core/vendor/nesbot/carbon/src/Carbon/Lang/nds_DE.php	0.00		cached
ok	/site/core/vendor/nesbot/carbon/src/Carbon/Lang/nds_NL.php	0.00		cached
ok	/site/core/vendor/nesbot/carbon/src/Carbon/Lang/ne.php	0.00		cached
ok	/site/core/vendor/nesbot/carbon/src/Carbon/Lang/ne_IN.php	0.00		cached
ok	/site/core/vendor/nesbot/carbon/src/Carbon/Lang/ne_NP.php	0.00		cached
ok	/site/core/vendor/nesbot/carbon/src/Carbon/Lang/nhn.php	0.00		cached
ok	/site/core/vendor/nesbot/carbon/src/Carbon/Lang/nhn_MX.php	0.00		cached
ok	/site/core/vendor/nesbot/carbon/src/Carbon/Lang/niu.php	0.00		cached
ok	/site/core/vendor/nesbot/carbon/src/Carbon/Lang/niu_NU.php	0.00		cached
ok	/site/core/vendor/nesbot/carbon/src/Carbon/Lang/nl.php	0.00		cached
ok	/site/core/vendor/nesbot/carbon/src/Carbon/Lang/nl_AW.php	0.00		cached
ok	/site/core/vendor/nesbot/carbon/src/Carbon/Lang/nl_BE.php	0.00		cached
ok	/site/core/vendor/nesbot/carbon/src/Carbon/Lang/nl_BQ.php	0.00		cached
ok	/site/core/vendor/nesbot/carbon/src/Carbon/Lang/nl_CW.php	0.00		cached
ok	/site/core/vendor/nesbot/carbon/src/Carbon/Lang/nl_NL.php	0.00		cached
ok	/site/core/vendor/nesbot/carbon/src/Carbon/Lang/nl_SR.php	0.00		cached
ok	/site/core/vendor/nesbot/carbon/src/Carbon/Lang/nl_SX.php	0.00		cached
ok	/site/core/vendor/nesbot/carbon/src/Carbon/Lang/nmg.php	0.00		cached
ok	/site/core/vendor/nesbot/carbon/src/Carbon/Lang/nn.php	0.00		cached
ok	/site/core/vendor/nesbot/carbon/src/Carbon/Lang/nn_NO.php	0.00		cached
ok	/site/core/vendor/nesbot/carbon/src/Carbon/Lang/nnh.php	0.00		cached
ok	/site/core/vendor/nesbot/carbon/src/Carbon/Lang/no.php	0.00		cached
ok	/site/core/vendor/nesbot/carbon/src/Carbon/Lang/nr.php	0.00		cached
ok	/site/core/vendor/nesbot/carbon/src/Carbon/Lang/nr_ZA.php	0.00		cached
ok	/site/core/vendor/nesbot/carbon/src/Carbon/Lang/nso.php	0.00		cached
ok	/site/core/vendor/nesbot/carbon/src/Carbon/Lang/nso_ZA.php	0.00		cached
ok	/site/core/vendor/nesbot/carbon/src/Carbon/Lang/nus.php	0.00		cached
ok	/site/core/vendor/nesbot/carbon/src/Carbon/Lang/nyn.php	0.00		cached
ok	/site/core/vendor/nesbot/carbon/src/Carbon/Lang/oc.php	0.00		cached
ok	/site/core/vendor/nesbot/carbon/src/Carbon/Lang/oc_FR.php	0.00		cached
ok	/site/core/vendor/nesbot/carbon/src/Carbon/Lang/om.php	0.00		cached
ok	/site/core/vendor/nesbot/carbon/src/Carbon/Lang/om_ET.php	0.00		cached
ok	/site/core/vendor/nesbot/carbon/src/Carbon/Lang/om_KE.php	0.00		cached
ok	/site/core/vendor/nesbot/carbon/src/Carbon/Lang/or.php	0.00		cached
ok	/site/core/vendor/nesbot/carbon/src/Carbon/Lang/or_IN.php	0.00		cached
ok	/site/core/vendor/nesbot/carbon/src/Carbon/Lang/os.php	0.00		cached
ok	/site/core/vendor/nesbot/carbon/src/Carbon/Lang/os_RU.php	0.00		cached
ok	/site/core/vendor/nesbot/carbon/src/Carbon/Lang/pa.php	0.00		cached
ok	/site/core/vendor/nesbot/carbon/src/Carbon/Lang/pa_Arab.php	0.00		cached
ok	/site/core/vendor/nesbot/carbon/src/Carbon/Lang/pa_Guru.php	0.00		cached
ok	/site/core/vendor/nesbot/carbon/src/Carbon/Lang/pa_IN.php	0.00		cached
ok	/site/core/vendor/nesbot/carbon/src/Carbon/Lang/pa_PK.php	0.00		cached
ok	/site/core/vendor/nesbot/carbon/src/Carbon/Lang/pap.php	0.00		cached
ok	/site/core/vendor/nesbot/carbon/src/Carbon/Lang/pap_AW.php	0.00		cached
ok	/site/core/vendor/nesbot/carbon/src/Carbon/Lang/pap_CW.php	0.00		cached
ok	/site/core/vendor/nesbot/carbon/src/Carbon/Lang/pl.php	0.00		cached
ok	/site/core/vendor/nesbot/carbon/src/Carbon/Lang/pl_PL.php	0.00		cached
ok	/site/core/vendor/nesbot/carbon/src/Carbon/Lang/prg.php	0.00		cached
ok	/site/core/vendor/nesbot/carbon/src/Carbon/Lang/ps.php	0.00		cached
ok	/site/core/vendor/nesbot/carbon/src/Carbon/Lang/ps_AF.php	0.00		cached
ok	/site/core/vendor/nesbot/carbon/src/Carbon/Lang/pt.php	0.00		cached
ok	/site/core/vendor/nesbot/carbon/src/Carbon/Lang/pt_AO.php	0.00		cached
ok	/site/core/vendor/nesbot/carbon/src/Carbon/Lang/pt_BR.php	0.00		cached
ok	/site/core/vendor/nesbot/carbon/src/Carbon/Lang/pt_CH.php	0.00		cached
ok	/site/core/vendor/nesbot/carbon/src/Carbon/Lang/pt_CV.php	0.00		cached
ok	/site/core/vendor/nesbot/carbon/src/Carbon/Lang/pt_GQ.php	0.00		cached
ok	/site/core/vendor/nesbot/carbon/src/Carbon/Lang/pt_GW.php	0.00		cached
ok	/site/core/vendor/nesbot/carbon/src/Carbon/Lang/pt_LU.php	0.00		cached
ok	/site/core/vendor/nesbot/carbon/src/Carbon/Lang/pt_MO.php	0.00		cached
ok	/site/core/vendor/nesbot/carbon/src/Carbon/Lang/pt_MZ.php	0.00		cached
ok	/site/core/vendor/nesbot/carbon/src/Carbon/Lang/pt_PT.php	0.00		cached
ok	/site/core/vendor/nesbot/carbon/src/Carbon/Lang/pt_ST.php	0.00		cached
ok	/site/core/vendor/nesbot/carbon/src/Carbon/Lang/pt_TL.php	0.00		cached
ok	/site/core/vendor/nesbot/carbon/src/Carbon/Lang/qu.php	0.00		cached
ok	/site/core/vendor/nesbot/carbon/src/Carbon/Lang/qu_BO.php	0.00		cached
ok	/site/core/vendor/nesbot/carbon/src/Carbon/Lang/qu_EC.php	0.00		cached
ok	/site/core/vendor/nesbot/carbon/src/Carbon/Lang/quz.php	0.00		cached
ok	/site/core/vendor/nesbot/carbon/src/Carbon/Lang/quz_PE.php	0.00		cached
ok	/site/core/vendor/nesbot/carbon/src/Carbon/Lang/raj.php	0.00		cached
ok	/site/core/vendor/nesbot/carbon/src/Carbon/Lang/raj_IN.php	0.00		cached
ok	/site/core/vendor/nesbot/carbon/src/Carbon/Lang/rm.php	0.00		cached
ok	/site/core/vendor/nesbot/carbon/src/Carbon/Lang/rn.php	0.00		cached
ok	/site/core/vendor/nesbot/carbon/src/Carbon/Lang/ro.php	0.00		cached
ok	/site/core/vendor/nesbot/carbon/src/Carbon/Lang/ro_MD.php	0.00		cached
ok	/site/core/vendor/nesbot/carbon/src/Carbon/Lang/ro_RO.php	0.00		cached
ok	/site/core/vendor/nesbot/carbon/src/Carbon/Lang/rof.php	0.00		cached
ok	/site/core/vendor/nesbot/carbon/src/Carbon/Lang/ru.php	0.00		cached
ok	/site/core/vendor/nesbot/carbon/src/Carbon/Lang/ru_BY.php	0.00		cached
ok	/site/core/vendor/nesbot/carbon/src/Carbon/Lang/ru_KG.php	0.00		cached
ok	/site/core/vendor/nesbot/carbon/src/Carbon/Lang/ru_KZ.php	0.00		cached
ok	/site/core/vendor/nesbot/carbon/src/Carbon/Lang/ru_MD.php	0.00		cached
ok	/site/core/vendor/nesbot/carbon/src/Carbon/Lang/ru_RU.php	0.00		cached
ok	/site/core/vendor/nesbot/carbon/src/Carbon/Lang/ru_UA.php	0.00		cached
ok	/site/core/vendor/nesbot/carbon/src/Carbon/Lang/rw.php	0.00		cached
ok	/site/core/vendor/nesbot/carbon/src/Carbon/Lang/rw_RW.php	0.00		cached
ok	/site/core/vendor/nesbot/carbon/src/Carbon/Lang/rwk.php	0.00		cached
ok	/site/core/vendor/nesbot/carbon/src/Carbon/Lang/sa.php	0.00		cached
ok	/site/core/vendor/nesbot/carbon/src/Carbon/Lang/sa_IN.php	0.00		cached
ok	/site/core/vendor/nesbot/carbon/src/Carbon/Lang/sah.php	0.00		cached
ok	/site/core/vendor/nesbot/carbon/src/Carbon/Lang/sah_RU.php	0.00		cached
ok	/site/core/vendor/nesbot/carbon/src/Carbon/Lang/saq.php	0.00		cached
ok	/site/core/vendor/nesbot/carbon/src/Carbon/Lang/sat.php	0.00		cached
ok	/site/core/vendor/nesbot/carbon/src/Carbon/Lang/sat_IN.php	0.00		cached
ok	/site/core/vendor/nesbot/carbon/src/Carbon/Lang/sbp.php	0.00		cached
ok	/site/core/vendor/nesbot/carbon/src/Carbon/Lang/sc.php	0.00		cached
ok	/site/core/vendor/nesbot/carbon/src/Carbon/Lang/sc_IT.php	0.00		cached
ok	/site/core/vendor/nesbot/carbon/src/Carbon/Lang/sd.php	0.00		cached
ok	/site/core/vendor/nesbot/carbon/src/Carbon/Lang/sd_IN.php	0.00		cached
ok	/site/core/vendor/nesbot/carbon/src/Carbon/Lang/sd_IN@devanagari.php	0.00		cached
ok	/site/core/vendor/nesbot/carbon/src/Carbon/Lang/se.php	0.00		cached
ok	/site/core/vendor/nesbot/carbon/src/Carbon/Lang/se_FI.php	0.00		cached
ok	/site/core/vendor/nesbot/carbon/src/Carbon/Lang/se_NO.php	0.00		cached
ok	/site/core/vendor/nesbot/carbon/src/Carbon/Lang/se_SE.php	0.00		cached
ok	/site/core/vendor/nesbot/carbon/src/Carbon/Lang/seh.php	0.00		cached
ok	/site/core/vendor/nesbot/carbon/src/Carbon/Lang/ses.php	0.00		cached
ok	/site/core/vendor/nesbot/carbon/src/Carbon/Lang/sg.php	0.00		cached
ok	/site/core/vendor/nesbot/carbon/src/Carbon/Lang/sgs.php	0.00		cached
ok	/site/core/vendor/nesbot/carbon/src/Carbon/Lang/sgs_LT.php	0.00		cached
ok	/site/core/vendor/nesbot/carbon/src/Carbon/Lang/sh.php	0.00		cached
ok	/site/core/vendor/nesbot/carbon/src/Carbon/Lang/shi.php	0.00		cached
ok	/site/core/vendor/nesbot/carbon/src/Carbon/Lang/shi_Latn.php	0.00		cached
ok	/site/core/vendor/nesbot/carbon/src/Carbon/Lang/shi_Tfng.php	0.00		cached
ok	/site/core/vendor/nesbot/carbon/src/Carbon/Lang/shn.php	0.00		cached
ok	/site/core/vendor/nesbot/carbon/src/Carbon/Lang/shn_MM.php	0.00		cached
ok	/site/core/vendor/nesbot/carbon/src/Carbon/Lang/shs.php	0.00		cached
ok	/site/core/vendor/nesbot/carbon/src/Carbon/Lang/shs_CA.php	0.00		cached
ok	/site/core/vendor/nesbot/carbon/src/Carbon/Lang/si.php	0.00		cached
ok	/site/core/vendor/nesbot/carbon/src/Carbon/Lang/si_LK.php	0.00		cached
ok	/site/core/vendor/nesbot/carbon/src/Carbon/Lang/sid.php	0.00		cached
ok	/site/core/vendor/nesbot/carbon/src/Carbon/Lang/sid_ET.php	0.00		cached
ok	/site/core/vendor/nesbot/carbon/src/Carbon/Lang/sk.php	0.00		cached
ok	/site/core/vendor/nesbot/carbon/src/Carbon/Lang/sk_SK.php	0.00		cached
ok	/site/core/vendor/nesbot/carbon/src/Carbon/Lang/sl.php	0.00		cached
ok	/site/core/vendor/nesbot/carbon/src/Carbon/Lang/sl_SI.php	0.00		cached
ok	/site/core/vendor/nesbot/carbon/src/Carbon/Lang/sm.php	0.00		cached
ok	/site/core/vendor/nesbot/carbon/src/Carbon/Lang/sm_WS.php	0.00		cached
ok	/site/core/vendor/nesbot/carbon/src/Carbon/Lang/smn.php	0.00		cached
ok	/site/core/vendor/nesbot/carbon/src/Carbon/Lang/sn.php	0.00		cached
ok	/site/core/vendor/nesbot/carbon/src/Carbon/Lang/so.php	0.00		cached
ok	/site/core/vendor/nesbot/carbon/src/Carbon/Lang/so_DJ.php	0.00		cached
ok	/site/core/vendor/nesbot/carbon/src/Carbon/Lang/so_ET.php	0.00		cached
ok	/site/core/vendor/nesbot/carbon/src/Carbon/Lang/so_KE.php	0.00		cached
ok	/site/core/vendor/nesbot/carbon/src/Carbon/Lang/so_SO.php	0.00		cached
ok	/site/core/vendor/nesbot/carbon/src/Carbon/Lang/sq.php	0.00		cached
ok	/site/core/vendor/nesbot/carbon/src/Carbon/Lang/sq_AL.php	0.00		cached
ok	/site/core/vendor/nesbot/carbon/src/Carbon/Lang/sq_MK.php	0.00		cached
ok	/site/core/vendor/nesbot/carbon/src/Carbon/Lang/sq_XK.php	0.00		cached
ok	/site/core/vendor/nesbot/carbon/src/Carbon/Lang/sr.php	0.00		cached
ok	/site/core/vendor/nesbot/carbon/src/Carbon/Lang/sr_Cyrl.php	0.00		cached
ok	/site/core/vendor/nesbot/carbon/src/Carbon/Lang/sr_Cyrl_BA.php	0.00		cached
ok	/site/core/vendor/nesbot/carbon/src/Carbon/Lang/sr_Cyrl_ME.php	0.00		cached
ok	/site/core/vendor/nesbot/carbon/src/Carbon/Lang/sr_Cyrl_XK.php	0.00		cached
ok	/site/core/vendor/nesbot/carbon/src/Carbon/Lang/sr_Latn.php	0.00		cached
ok	/site/core/vendor/nesbot/carbon/src/Carbon/Lang/sr_Latn_BA.php	0.00		cached
ok	/site/core/vendor/nesbot/carbon/src/Carbon/Lang/sr_Latn_ME.php	0.00		cached
ok	/site/core/vendor/nesbot/carbon/src/Carbon/Lang/sr_Latn_XK.php	0.00		cached
ok	/site/core/vendor/nesbot/carbon/src/Carbon/Lang/sr_ME.php	0.00		cached
ok	/site/core/vendor/nesbot/carbon/src/Carbon/Lang/sr_RS.php	0.00		cached
ok	/site/core/vendor/nesbot/carbon/src/Carbon/Lang/sr_RS@latin.php	0.00		cached
ok	/site/core/vendor/nesbot/carbon/src/Carbon/Lang/ss.php	0.00		cached
ok	/site/core/vendor/nesbot/carbon/src/Carbon/Lang/ss_ZA.php	0.00		cached
ok	/site/core/vendor/nesbot/carbon/src/Carbon/Lang/st.php	0.00		cached
ok	/site/core/vendor/nesbot/carbon/src/Carbon/Lang/st_ZA.php	0.00		cached
ok	/site/core/vendor/nesbot/carbon/src/Carbon/Lang/sv.php	0.00		cached
ok	/site/core/vendor/nesbot/carbon/src/Carbon/Lang/sv_AX.php	0.00		cached
ok	/site/core/vendor/nesbot/carbon/src/Carbon/Lang/sv_FI.php	0.00		cached
ok	/site/core/vendor/nesbot/carbon/src/Carbon/Lang/sv_SE.php	0.00		cached
ok	/site/core/vendor/nesbot/carbon/src/Carbon/Lang/sw.php	0.00		cached
ok	/site/core/vendor/nesbot/carbon/src/Carbon/Lang/sw_CD.php	0.00		cached
ok	/site/core/vendor/nesbot/carbon/src/Carbon/Lang/sw_KE.php	0.00		cached
ok	/site/core/vendor/nesbot/carbon/src/Carbon/Lang/sw_TZ.php	0.00		cached
ok	/site/core/vendor/nesbot/carbon/src/Carbon/Lang/sw_UG.php	0.00		cached
ok	/site/core/vendor/nesbot/carbon/src/Carbon/Lang/szl.php	0.00		cached
ok	/site/core/vendor/nesbot/carbon/src/Carbon/Lang/szl_PL.php	0.00		cached
ok	/site/core/vendor/nesbot/carbon/src/Carbon/Lang/ta.php	0.00		cached
ok	/site/core/vendor/nesbot/carbon/src/Carbon/Lang/ta_IN.php	0.00		cached
ok	/site/core/vendor/nesbot/carbon/src/Carbon/Lang/ta_LK.php	0.00		cached
ok	/site/core/vendor/nesbot/carbon/src/Carbon/Lang/ta_MY.php	0.00		cached
ok	/site/core/vendor/nesbot/carbon/src/Carbon/Lang/ta_SG.php	0.00		cached
ok	/site/core/vendor/nesbot/carbon/src/Carbon/Lang/tcy.php	0.00		cached
ok	/site/core/vendor/nesbot/carbon/src/Carbon/Lang/tcy_IN.php	0.00		cached
ok	/site/core/vendor/nesbot/carbon/src/Carbon/Lang/te.php	0.00		cached
ok	/site/core/vendor/nesbot/carbon/src/Carbon/Lang/te_IN.php	0.00		cached
ok	/site/core/vendor/nesbot/carbon/src/Carbon/Lang/teo.php	0.00		cached
ok	/site/core/vendor/nesbot/carbon/src/Carbon/Lang/teo_KE.php	0.00		cached
ok	/site/core/vendor/nesbot/carbon/src/Carbon/Lang/tet.php	0.00		cached
ok	/site/core/vendor/nesbot/carbon/src/Carbon/Lang/tg.php	0.00		cached
ok	/site/core/vendor/nesbot/carbon/src/Carbon/Lang/tg_TJ.php	0.00		cached
ok	/site/core/vendor/nesbot/carbon/src/Carbon/Lang/th.php	0.00		cached
ok	/site/core/vendor/nesbot/carbon/src/Carbon/Lang/th_TH.php	0.00		cached
ok	/site/core/vendor/nesbot/carbon/src/Carbon/Lang/the.php	0.00		cached
ok	/site/core/vendor/nesbot/carbon/src/Carbon/Lang/the_NP.php	0.00		cached
ok	/site/core/vendor/nesbot/carbon/src/Carbon/Lang/ti.php	0.00		cached
ok	/site/core/vendor/nesbot/carbon/src/Carbon/Lang/ti_ER.php	0.00		cached
ok	/site/core/vendor/nesbot/carbon/src/Carbon/Lang/ti_ET.php	0.00		cached
ok	/site/core/vendor/nesbot/carbon/src/Carbon/Lang/tig.php	0.00		cached
ok	/site/core/vendor/nesbot/carbon/src/Carbon/Lang/tig_ER.php	0.00		cached
ok	/site/core/vendor/nesbot/carbon/src/Carbon/Lang/tk.php	0.00		cached
ok	/site/core/vendor/nesbot/carbon/src/Carbon/Lang/tk_TM.php	0.00		cached
ok	/site/core/vendor/nesbot/carbon/src/Carbon/Lang/tl.php	0.00		cached
ok	/site/core/vendor/nesbot/carbon/src/Carbon/Lang/tl_PH.php	0.00		cached
ok	/site/core/vendor/nesbot/carbon/src/Carbon/Lang/tlh.php	0.00		cached
ok	/site/core/vendor/nesbot/carbon/src/Carbon/Lang/tn.php	0.00		cached
ok	/site/core/vendor/nesbot/carbon/src/Carbon/Lang/tn_ZA.php	0.00		cached
ok	/site/core/vendor/nesbot/carbon/src/Carbon/Lang/to.php	0.00		cached
ok	/site/core/vendor/nesbot/carbon/src/Carbon/Lang/to_TO.php	0.00		cached
ok	/site/core/vendor/nesbot/carbon/src/Carbon/Lang/tpi.php	0.00		cached
ok	/site/core/vendor/nesbot/carbon/src/Carbon/Lang/tpi_PG.php	0.00		cached
ok	/site/core/vendor/nesbot/carbon/src/Carbon/Lang/tr.php	0.00		cached
ok	/site/core/vendor/nesbot/carbon/src/Carbon/Lang/tr_CY.php	0.00		cached
ok	/site/core/vendor/nesbot/carbon/src/Carbon/Lang/tr_TR.php	0.00		cached
ok	/site/core/vendor/nesbot/carbon/src/Carbon/Lang/ts.php	0.00		cached
ok	/site/core/vendor/nesbot/carbon/src/Carbon/Lang/ts_ZA.php	0.00		cached
ok	/site/core/vendor/nesbot/carbon/src/Carbon/Lang/tt.php	0.00		cached
ok	/site/core/vendor/nesbot/carbon/src/Carbon/Lang/tt_RU.php	0.00		cached
ok	/site/core/vendor/nesbot/carbon/src/Carbon/Lang/tt_RU@iqtelif.php	0.00		cached
ok	/site/core/vendor/nesbot/carbon/src/Carbon/Lang/twq.php	0.00		cached
ok	/site/core/vendor/nesbot/carbon/src/Carbon/Lang/tzl.php	0.00		cached
ok	/site/core/vendor/nesbot/carbon/src/Carbon/Lang/tzm.php	0.00		cached
ok	/site/core/vendor/nesbot/carbon/src/Carbon/Lang/tzm_Latn.php	0.00		cached
ok	/site/core/vendor/nesbot/carbon/src/Carbon/Lang/ug.php	0.00		cached
ok	/site/core/vendor/nesbot/carbon/src/Carbon/Lang/ug_CN.php	0.00		cached
ok	/site/core/vendor/nesbot/carbon/src/Carbon/Lang/uk.php	0.00		cached
ok	/site/core/vendor/nesbot/carbon/src/Carbon/Lang/uk_UA.php	0.00		cached
ok	/site/core/vendor/nesbot/carbon/src/Carbon/Lang/unm.php	0.00		cached
ok	/site/core/vendor/nesbot/carbon/src/Carbon/Lang/unm_US.php	0.00		cached
ok	/site/core/vendor/nesbot/carbon/src/Carbon/Lang/ur.php	0.00		cached
ok	/site/core/vendor/nesbot/carbon/src/Carbon/Lang/ur_IN.php	0.00		cached
ok	/site/core/vendor/nesbot/carbon/src/Carbon/Lang/ur_PK.php	0.00		cached
ok	/site/core/vendor/nesbot/carbon/src/Carbon/Lang/uz.php	0.00		cached
ok	/site/core/vendor/nesbot/carbon/src/Carbon/Lang/uz_Arab.php	0.00		cached
ok	/site/core/vendor/nesbot/carbon/src/Carbon/Lang/uz_Cyrl.php	0.00		cached
ok	/site/core/vendor/nesbot/carbon/src/Carbon/Lang/uz_Latn.php	0.00		cached
ok	/site/core/vendor/nesbot/carbon/src/Carbon/Lang/uz_UZ.php	0.00		cached
ok	/site/core/vendor/nesbot/carbon/src/Carbon/Lang/uz_UZ@cyrillic.php	0.00		cached
ok	/site/core/vendor/nesbot/carbon/src/Carbon/Lang/vai.php	0.00		cached
ok	/site/core/vendor/nesbot/carbon/src/Carbon/Lang/vai_Latn.php	0.00		cached
ok	/site/core/vendor/nesbot/carbon/src/Carbon/Lang/vai_Vaii.php	0.00		cached
ok	/site/core/vendor/nesbot/carbon/src/Carbon/Lang/ve.php	0.00		cached
ok	/site/core/vendor/nesbot/carbon/src/Carbon/Lang/ve_ZA.php	0.00		cached
ok	/site/core/vendor/nesbot/carbon/src/Carbon/Lang/vi.php	0.00		cached
ok	/site/core/vendor/nesbot/carbon/src/Carbon/Lang/vi_VN.php	0.00		cached
ok	/site/core/vendor/nesbot/carbon/src/Carbon/Lang/vo.php	0.00		cached
ok	/site/core/vendor/nesbot/carbon/src/Carbon/Lang/vun.php	0.00		cached
ok	/site/core/vendor/nesbot/carbon/src/Carbon/Lang/wa.php	0.00		cached
ok	/site/core/vendor/nesbot/carbon/src/Carbon/Lang/wa_BE.php	0.00		cached
ok	/site/core/vendor/nesbot/carbon/src/Carbon/Lang/wae.php	0.00		cached
ok	/site/core/vendor/nesbot/carbon/src/Carbon/Lang/wae_CH.php	0.00		cached
ok	/site/core/vendor/nesbot/carbon/src/Carbon/Lang/wal.php	0.00		cached
ok	/site/core/vendor/nesbot/carbon/src/Carbon/Lang/wal_ET.php	0.00		cached
ok	/site/core/vendor/nesbot/carbon/src/Carbon/Lang/wo.php	0.00		cached
ok	/site/core/vendor/nesbot/carbon/src/Carbon/Lang/wo_SN.php	0.00		cached
ok	/site/core/vendor/nesbot/carbon/src/Carbon/Lang/xh.php	0.00		cached
ok	/site/core/vendor/nesbot/carbon/src/Carbon/Lang/xh_ZA.php	0.00		cached
ok	/site/core/vendor/nesbot/carbon/src/Carbon/Lang/xog.php	0.00		cached
ok	/site/core/vendor/nesbot/carbon/src/Carbon/Lang/yav.php	0.00		cached
ok	/site/core/vendor/nesbot/carbon/src/Carbon/Lang/yi.php	0.00		cached
ok	/site/core/vendor/nesbot/carbon/src/Carbon/Lang/yi_US.php	0.00		cached
ok	/site/core/vendor/nesbot/carbon/src/Carbon/Lang/yo.php	0.00		cached
ok	/site/core/vendor/nesbot/carbon/src/Carbon/Lang/yo_BJ.php	0.00		cached
ok	/site/core/vendor/nesbot/carbon/src/Carbon/Lang/yo_NG.php	0.00		cached
ok	/site/core/vendor/nesbot/carbon/src/Carbon/Lang/yue.php	0.00		cached
ok	/site/core/vendor/nesbot/carbon/src/Carbon/Lang/yue_HK.php	0.00		cached
ok	/site/core/vendor/nesbot/carbon/src/Carbon/Lang/yue_Hans.php	0.00		cached
ok	/site/core/vendor/nesbot/carbon/src/Carbon/Lang/yue_Hant.php	0.00		cached
ok	/site/core/vendor/nesbot/carbon/src/Carbon/Lang/yuw.php	0.00		cached
ok	/site/core/vendor/nesbot/carbon/src/Carbon/Lang/yuw_PG.php	0.00		cached
ok	/site/core/vendor/nesbot/carbon/src/Carbon/Lang/zgh.php	0.00		cached
ok	/site/core/vendor/nesbot/carbon/src/Carbon/Lang/zh.php	0.00		cached
ok	/site/core/vendor/nesbot/carbon/src/Carbon/Lang/zh_CN.php	0.00		cached
ok	/site/core/vendor/nesbot/carbon/src/Carbon/Lang/zh_HK.php	0.00		cached
ok	/site/core/vendor/nesbot/carbon/src/Carbon/Lang/zh_Hans.php	0.00		cached
ok	/site/core/vendor/nesbot/carbon/src/Carbon/Lang/zh_Hans_HK.php	0.00		cached
ok	/site/core/vendor/nesbot/carbon/src/Carbon/Lang/zh_Hans_MO.php	0.00		cached
ok	/site/core/vendor/nesbot/carbon/src/Carbon/Lang/zh_Hans_SG.php	0.00		cached
ok	/site/core/vendor/nesbot/carbon/src/Carbon/Lang/zh_Hant.php	0.00		cached
ok	/site/core/vendor/nesbot/carbon/src/Carbon/Lang/zh_Hant_HK.php	0.00		cached
ok	/site/core/vendor/nesbot/carbon/src/Carbon/Lang/zh_Hant_MO.php	0.00		cached
ok	/site/core/vendor/nesbot/carbon/src/Carbon/Lang/zh_Hant_TW.php	0.00		cached
ok	/site/core/vendor/nesbot/carbon/src/Carbon/Lang/zh_MO.php	0.00		cached
ok	/site/core/vendor/nesbot/carbon/src/Carbon/Lang/zh_SG.php	0.00		cached
ok	/site/core/vendor/nesbot/carbon/src/Carbon/Lang/zh_TW.php	0.00		cached
ok	/site/core/vendor/nesbot/carbon/src/Carbon/Lang/zh_YUE.php	0.00		cached
ok	/site/core/vendor/nesbot/carbon/src/Carbon/Lang/zu.php	0.00		cached
ok	/site/core/vendor/nesbot/carbon/src/Carbon/Lang/zu_ZA.php	0.00		cached
ok	/site/core/vendor/nesbot/carbon/src/Carbon/Language.php	0.00		cached
ok	/site/core/vendor/nesbot/carbon/src/Carbon/Laravel/ServiceProvider.php	0.00		cached
ok	/site/core/vendor/nesbot/carbon/src/Carbon/List/languages.php	0.00		cached
ok	/site/core/vendor/nesbot/carbon/src/Carbon/List/regions.php	0.00		cached
ok	/site/core/vendor/nesbot/carbon/src/Carbon/MessageFormatter/MessageFormatterMapper.php	0.00		cached
ok	/site/core/vendor/nesbot/carbon/src/Carbon/Month.php	0.00		cached
ok	/site/core/vendor/nesbot/carbon/src/Carbon/OverflowMode.php	0.00		cached
ok	/site/core/vendor/nesbot/carbon/src/Carbon/PHPStan/MacroExtension.php	0.00		cached
ok	/site/core/vendor/nesbot/carbon/src/Carbon/PHPStan/MacroMethodReflection.php	0.00		cached
ok	/site/core/vendor/nesbot/carbon/src/Carbon/Traits/Boundaries.php	0.00		cached
ok	/site/core/vendor/nesbot/carbon/src/Carbon/Traits/Cast.php	0.00		cached
ok	/site/core/vendor/nesbot/carbon/src/Carbon/Traits/Comparison.php	0.00		cached
ok	/site/core/vendor/nesbot/carbon/src/Carbon/Traits/Converter.php	0.00		cached
ok	/site/core/vendor/nesbot/carbon/src/Carbon/Traits/Creator.php	0.00		cached
ok	/site/core/vendor/nesbot/carbon/src/Carbon/Traits/Date.php	0.00		cached
ok	/site/core/vendor/nesbot/carbon/src/Carbon/Traits/DeprecatedPeriodProperties.php	0.00		cached
ok	/site/core/vendor/nesbot/carbon/src/Carbon/Traits/Difference.php	0.00		cached
ok	/site/core/vendor/nesbot/carbon/src/Carbon/Traits/IntervalRounding.php	0.00		cached
ok	/site/core/vendor/nesbot/carbon/src/Carbon/Traits/IntervalStep.php	0.00		cached
ok	/site/core/vendor/nesbot/carbon/src/Carbon/Traits/LocalFactory.php	0.00		cached
ok	/site/core/vendor/nesbot/carbon/src/Carbon/Traits/Localization.php	0.00		cached
ok	/site/core/vendor/nesbot/carbon/src/Carbon/Traits/Macro.php	0.00		cached
ok	/site/core/vendor/nesbot/carbon/src/Carbon/Traits/MagicParameter.php	0.00		cached
ok	/site/core/vendor/nesbot/carbon/src/Carbon/Traits/Mixin.php	0.00		cached
ok	/site/core/vendor/nesbot/carbon/src/Carbon/Traits/Modifiers.php	0.00		cached
ok	/site/core/vendor/nesbot/carbon/src/Carbon/Traits/Mutability.php	0.00		cached
ok	/site/core/vendor/nesbot/carbon/src/Carbon/Traits/ObjectInitialisation.php	0.00		cached
ok	/site/core/vendor/nesbot/carbon/src/Carbon/Traits/Options.php	0.00		cached
ok	/site/core/vendor/nesbot/carbon/src/Carbon/Traits/Rounding.php	0.00		cached
ok	/site/core/vendor/nesbot/carbon/src/Carbon/Traits/Serialization.php	0.00		cached
ok	/site/core/vendor/nesbot/carbon/src/Carbon/Traits/StaticLocalization.php	0.00		cached
ok	/site/core/vendor/nesbot/carbon/src/Carbon/Traits/StaticOptions.php	0.00		cached
ok	/site/core/vendor/nesbot/carbon/src/Carbon/Traits/Test.php	0.00		cached
ok	/site/core/vendor/nesbot/carbon/src/Carbon/Traits/Timestamp.php	0.00		cached
ok	/site/core/vendor/nesbot/carbon/src/Carbon/Traits/ToStringFormat.php	0.00		cached
ok	/site/core/vendor/nesbot/carbon/src/Carbon/Traits/TogglableDetection.php	0.00		cached
ok	/site/core/vendor/nesbot/carbon/src/Carbon/Traits/Units.php	0.00		cached
ok	/site/core/vendor/nesbot/carbon/src/Carbon/Traits/Week.php	0.00		cached
ok	/site/core/vendor/nesbot/carbon/src/Carbon/Translator.php	0.00		cached
ok	/site/core/vendor/nesbot/carbon/src/Carbon/TranslatorImmutable.php	0.00		cached
ok	/site/core/vendor/nesbot/carbon/src/Carbon/TranslatorStrongTypeInterface.php	0.00		cached
ok	/site/core/vendor/nesbot/carbon/src/Carbon/Unit.php	0.00		cached
ok	/site/core/vendor/nesbot/carbon/src/Carbon/WeekDay.php	0.00		cached
ok	/site/core/vendor/nesbot/carbon/src/Carbon/WrapperClock.php	0.00		cached
ok	/site/core/vendor/nikic/php-parser/lib/PhpParser/Builder.php	0.00		cached
ok	/site/core/vendor/nikic/php-parser/lib/PhpParser/Builder/ClassConst.php	0.00		cached
ok	/site/core/vendor/nikic/php-parser/lib/PhpParser/Builder/Class_.php	0.00		cached
ok	/site/core/vendor/nikic/php-parser/lib/PhpParser/Builder/Declaration.php	0.00		cached
ok	/site/core/vendor/nikic/php-parser/lib/PhpParser/Builder/EnumCase.php	0.00		cached
ok	/site/core/vendor/nikic/php-parser/lib/PhpParser/Builder/Enum_.php	0.00		cached
ok	/site/core/vendor/nikic/php-parser/lib/PhpParser/Builder/FunctionLike.php	0.00		cached
ok	/site/core/vendor/nikic/php-parser/lib/PhpParser/Builder/Function_.php	0.00		cached
ok	/site/core/vendor/nikic/php-parser/lib/PhpParser/Builder/Interface_.php	0.00		cached
ok	/site/core/vendor/nikic/php-parser/lib/PhpParser/Builder/Method.php	0.00		cached
ok	/site/core/vendor/nikic/php-parser/lib/PhpParser/Builder/Namespace_.php	0.00		cached
ok	/site/core/vendor/nikic/php-parser/lib/PhpParser/Builder/Param.php	0.00		cached
ok	/site/core/vendor/nikic/php-parser/lib/PhpParser/Builder/Property.php	0.00		cached
ok	/site/core/vendor/nikic/php-parser/lib/PhpParser/Builder/TraitUse.php	0.00		cached
ok	/site/core/vendor/nikic/php-parser/lib/PhpParser/Builder/TraitUseAdaptation.php	0.00		cached
ok	/site/core/vendor/nikic/php-parser/lib/PhpParser/Builder/Trait_.php	0.00		cached
ok	/site/core/vendor/nikic/php-parser/lib/PhpParser/Builder/Use_.php	0.00		cached
ok	/site/core/vendor/nikic/php-parser/lib/PhpParser/BuilderFactory.php	0.00		cached
ok	/site/core/vendor/nikic/php-parser/lib/PhpParser/BuilderHelpers.php	0.00		cached
ok	/site/core/vendor/nikic/php-parser/lib/PhpParser/Comment.php	0.00		cached
ok	/site/core/vendor/nikic/php-parser/lib/PhpParser/Comment/Doc.php	0.00		cached
ok	/site/core/vendor/nikic/php-parser/lib/PhpParser/ConstExprEvaluationException.php	0.00		cached
ok	/site/core/vendor/nikic/php-parser/lib/PhpParser/ConstExprEvaluator.php	0.00		cached
ok	/site/core/vendor/nikic/php-parser/lib/PhpParser/Error.php	0.00		cached
ok	/site/core/vendor/nikic/php-parser/lib/PhpParser/ErrorHandler.php	0.00		cached
ok	/site/core/vendor/nikic/php-parser/lib/PhpParser/ErrorHandler/Collecting.php	0.00		cached
ok	/site/core/vendor/nikic/php-parser/lib/PhpParser/ErrorHandler/Throwing.php	0.00		cached
ok	/site/core/vendor/nikic/php-parser/lib/PhpParser/Internal/DiffElem.php	0.00		cached
ok	/site/core/vendor/nikic/php-parser/lib/PhpParser/Internal/Differ.php	0.00		cached
ok	/site/core/vendor/nikic/php-parser/lib/PhpParser/Internal/PrintableNewAnonClassNode.php	0.00		cached
fail	/site/core/vendor/nikic/php-parser/lib/PhpParser/Internal/TokenPolyfill.php	0.00	/tmp/manticore_137513.ll:23047:12: error: invalid redefinition of function 'manticore_PhpParser_Internal_TokenPolyfill____construct'	cached
ok	/site/core/vendor/nikic/php-parser/lib/PhpParser/Internal/TokenStream.php	0.00		cached
ok	/site/core/vendor/nikic/php-parser/lib/PhpParser/JsonDecoder.php	0.00		cached
ok	/site/core/vendor/nikic/php-parser/lib/PhpParser/Lexer.php	0.00		cached
ok	/site/core/vendor/nikic/php-parser/lib/PhpParser/Lexer/Emulative.php	0.00		cached
ok	/site/core/vendor/nikic/php-parser/lib/PhpParser/Lexer/TokenEmulator/AsymmetricVisibilityTokenEmulator.php	0.00		cached
ok	/site/core/vendor/nikic/php-parser/lib/PhpParser/Lexer/TokenEmulator/AttributeEmulator.php	0.00		cached
ok	/site/core/vendor/nikic/php-parser/lib/PhpParser/Lexer/TokenEmulator/EnumTokenEmulator.php	0.00		cached
ok	/site/core/vendor/nikic/php-parser/lib/PhpParser/Lexer/TokenEmulator/ExplicitOctalEmulator.php	0.00		cached
ok	/site/core/vendor/nikic/php-parser/lib/PhpParser/Lexer/TokenEmulator/FnTokenEmulator.php	0.00		cached
ok	/site/core/vendor/nikic/php-parser/lib/PhpParser/Lexer/TokenEmulator/KeywordEmulator.php	0.00		cached
ok	/site/core/vendor/nikic/php-parser/lib/PhpParser/Lexer/TokenEmulator/MatchTokenEmulator.php	0.00		cached
ok	/site/core/vendor/nikic/php-parser/lib/PhpParser/Lexer/TokenEmulator/NullsafeTokenEmulator.php	0.00		cached
ok	/site/core/vendor/nikic/php-parser/lib/PhpParser/Lexer/TokenEmulator/PipeOperatorEmulator.php	0.00		cached
ok	/site/core/vendor/nikic/php-parser/lib/PhpParser/Lexer/TokenEmulator/PropertyTokenEmulator.php	0.00		cached
ok	/site/core/vendor/nikic/php-parser/lib/PhpParser/Lexer/TokenEmulator/ReadonlyFunctionTokenEmulator.php	0.00		cached
ok	/site/core/vendor/nikic/php-parser/lib/PhpParser/Lexer/TokenEmulator/ReadonlyTokenEmulator.php	0.00		cached
ok	/site/core/vendor/nikic/php-parser/lib/PhpParser/Lexer/TokenEmulator/ReverseEmulator.php	0.00		cached
ok	/site/core/vendor/nikic/php-parser/lib/PhpParser/Lexer/TokenEmulator/TokenEmulator.php	0.00		cached
ok	/site/core/vendor/nikic/php-parser/lib/PhpParser/Lexer/TokenEmulator/VoidCastEmulator.php	0.00		cached
ok	/site/core/vendor/nikic/php-parser/lib/PhpParser/Modifiers.php	0.00		cached
ok	/site/core/vendor/nikic/php-parser/lib/PhpParser/NameContext.php	0.00		cached
ok	/site/core/vendor/nikic/php-parser/lib/PhpParser/Node.php	0.00		cached
ok	/site/core/vendor/nikic/php-parser/lib/PhpParser/Node/Arg.php	0.00		cached
ok	/site/core/vendor/nikic/php-parser/lib/PhpParser/Node/ArgPlaceholder.php	0.00		cached
ok	/site/core/vendor/nikic/php-parser/lib/PhpParser/Node/ArrayItem.php	0.00		cached
ok	/site/core/vendor/nikic/php-parser/lib/PhpParser/Node/Attribute.php	0.00		cached
ok	/site/core/vendor/nikic/php-parser/lib/PhpParser/Node/AttributeGroup.php	0.00		cached
ok	/site/core/vendor/nikic/php-parser/lib/PhpParser/Node/ClosureUse.php	0.00		cached
ok	/site/core/vendor/nikic/php-parser/lib/PhpParser/Node/ComplexType.php	0.00		cached
ok	/site/core/vendor/nikic/php-parser/lib/PhpParser/Node/Const_.php	0.00		cached
ok	/site/core/vendor/nikic/php-parser/lib/PhpParser/Node/DeclareItem.php	0.00		cached
ok	/site/core/vendor/nikic/php-parser/lib/PhpParser/Node/Expr.php	0.00		cached
ok	/site/core/vendor/nikic/php-parser/lib/PhpParser/Node/Expr/ArrayDimFetch.php	0.00		cached
ok	/site/core/vendor/nikic/php-parser/lib/PhpParser/Node/Expr/ArrayItem.php	0.00		cached
ok	/site/core/vendor/nikic/php-parser/lib/PhpParser/Node/Expr/Array_.php	0.00		cached
ok	/site/core/vendor/nikic/php-parser/lib/PhpParser/Node/Expr/ArrowFunction.php	0.00		cached
ok	/site/core/vendor/nikic/php-parser/lib/PhpParser/Node/Expr/Assign.php	0.00		cached
ok	/site/core/vendor/nikic/php-parser/lib/PhpParser/Node/Expr/AssignOp.php	0.00		cached
ok	/site/core/vendor/nikic/php-parser/lib/PhpParser/Node/Expr/AssignOp/BitwiseAnd.php	0.00		cached
ok	/site/core/vendor/nikic/php-parser/lib/PhpParser/Node/Expr/AssignOp/BitwiseOr.php	0.00		cached
ok	/site/core/vendor/nikic/php-parser/lib/PhpParser/Node/Expr/AssignOp/BitwiseXor.php	0.00		cached
ok	/site/core/vendor/nikic/php-parser/lib/PhpParser/Node/Expr/AssignOp/Coalesce.php	0.00		cached
ok	/site/core/vendor/nikic/php-parser/lib/PhpParser/Node/Expr/AssignOp/Concat.php	0.00		cached
ok	/site/core/vendor/nikic/php-parser/lib/PhpParser/Node/Expr/AssignOp/Div.php	0.00		cached
ok	/site/core/vendor/nikic/php-parser/lib/PhpParser/Node/Expr/AssignOp/Minus.php	0.00		cached
ok	/site/core/vendor/nikic/php-parser/lib/PhpParser/Node/Expr/AssignOp/Mod.php	0.00		cached
ok	/site/core/vendor/nikic/php-parser/lib/PhpParser/Node/Expr/AssignOp/Mul.php	0.00		cached
ok	/site/core/vendor/nikic/php-parser/lib/PhpParser/Node/Expr/AssignOp/Plus.php	0.00		cached
ok	/site/core/vendor/nikic/php-parser/lib/PhpParser/Node/Expr/AssignOp/Pow.php	0.00		cached
ok	/site/core/vendor/nikic/php-parser/lib/PhpParser/Node/Expr/AssignOp/ShiftLeft.php	0.00		cached
ok	/site/core/vendor/nikic/php-parser/lib/PhpParser/Node/Expr/AssignOp/ShiftRight.php	0.00		cached
ok	/site/core/vendor/nikic/php-parser/lib/PhpParser/Node/Expr/AssignRef.php	0.00		cached
ok	/site/core/vendor/nikic/php-parser/lib/PhpParser/Node/Expr/BinaryOp.php	0.00		cached
ok	/site/core/vendor/nikic/php-parser/lib/PhpParser/Node/Expr/BinaryOp/BitwiseAnd.php	0.00		cached
ok	/site/core/vendor/nikic/php-parser/lib/PhpParser/Node/Expr/BinaryOp/BitwiseOr.php	0.00		cached
ok	/site/core/vendor/nikic/php-parser/lib/PhpParser/Node/Expr/BinaryOp/BitwiseXor.php	0.00		cached
ok	/site/core/vendor/nikic/php-parser/lib/PhpParser/Node/Expr/BinaryOp/BooleanAnd.php	0.00		cached
ok	/site/core/vendor/nikic/php-parser/lib/PhpParser/Node/Expr/BinaryOp/BooleanOr.php	0.00		cached
ok	/site/core/vendor/nikic/php-parser/lib/PhpParser/Node/Expr/BinaryOp/Coalesce.php	0.00		cached
ok	/site/core/vendor/nikic/php-parser/lib/PhpParser/Node/Expr/BinaryOp/Concat.php	0.00		cached
ok	/site/core/vendor/nikic/php-parser/lib/PhpParser/Node/Expr/BinaryOp/Div.php	0.00		cached
ok	/site/core/vendor/nikic/php-parser/lib/PhpParser/Node/Expr/BinaryOp/Equal.php	0.00		cached
ok	/site/core/vendor/nikic/php-parser/lib/PhpParser/Node/Expr/BinaryOp/Greater.php	0.00		cached
ok	/site/core/vendor/nikic/php-parser/lib/PhpParser/Node/Expr/BinaryOp/GreaterOrEqual.php	0.00		cached
ok	/site/core/vendor/nikic/php-parser/lib/PhpParser/Node/Expr/BinaryOp/Identical.php	0.00		cached
ok	/site/core/vendor/nikic/php-parser/lib/PhpParser/Node/Expr/BinaryOp/LogicalAnd.php	0.00		cached
ok	/site/core/vendor/nikic/php-parser/lib/PhpParser/Node/Expr/BinaryOp/LogicalOr.php	0.00		cached
ok	/site/core/vendor/nikic/php-parser/lib/PhpParser/Node/Expr/BinaryOp/LogicalXor.php	0.00		cached
ok	/site/core/vendor/nikic/php-parser/lib/PhpParser/Node/Expr/BinaryOp/Minus.php	0.00		cached
ok	/site/core/vendor/nikic/php-parser/lib/PhpParser/Node/Expr/BinaryOp/Mod.php	0.00		cached
ok	/site/core/vendor/nikic/php-parser/lib/PhpParser/Node/Expr/BinaryOp/Mul.php	0.00		cached
ok	/site/core/vendor/nikic/php-parser/lib/PhpParser/Node/Expr/BinaryOp/NotEqual.php	0.00		cached
ok	/site/core/vendor/nikic/php-parser/lib/PhpParser/Node/Expr/BinaryOp/NotIdentical.php	0.00		cached
ok	/site/core/vendor/nikic/php-parser/lib/PhpParser/Node/Expr/BinaryOp/Pipe.php	0.00		cached
ok	/site/core/vendor/nikic/php-parser/lib/PhpParser/Node/Expr/BinaryOp/Plus.php	0.00		cached
ok	/site/core/vendor/nikic/php-parser/lib/PhpParser/Node/Expr/BinaryOp/Pow.php	0.00		cached
ok	/site/core/vendor/nikic/php-parser/lib/PhpParser/Node/Expr/BinaryOp/ShiftLeft.php	0.00		cached
ok	/site/core/vendor/nikic/php-parser/lib/PhpParser/Node/Expr/BinaryOp/ShiftRight.php	0.00		cached
ok	/site/core/vendor/nikic/php-parser/lib/PhpParser/Node/Expr/BinaryOp/Smaller.php	0.00		cached
ok	/site/core/vendor/nikic/php-parser/lib/PhpParser/Node/Expr/BinaryOp/SmallerOrEqual.php	0.00		cached
ok	/site/core/vendor/nikic/php-parser/lib/PhpParser/Node/Expr/BinaryOp/Spaceship.php	0.00		cached
ok	/site/core/vendor/nikic/php-parser/lib/PhpParser/Node/Expr/BitwiseNot.php	0.00		cached
ok	/site/core/vendor/nikic/php-parser/lib/PhpParser/Node/Expr/BooleanNot.php	0.00		cached
ok	/site/core/vendor/nikic/php-parser/lib/PhpParser/Node/Expr/CallLike.php	0.00		cached
ok	/site/core/vendor/nikic/php-parser/lib/PhpParser/Node/Expr/Cast.php	0.00		cached
ok	/site/core/vendor/nikic/php-parser/lib/PhpParser/Node/Expr/Cast/Array_.php	0.00		cached
ok	/site/core/vendor/nikic/php-parser/lib/PhpParser/Node/Expr/Cast/Bool_.php	0.00		cached
ok	/site/core/vendor/nikic/php-parser/lib/PhpParser/Node/Expr/Cast/Double.php	0.00		cached
ok	/site/core/vendor/nikic/php-parser/lib/PhpParser/Node/Expr/Cast/Int_.php	0.00		cached
ok	/site/core/vendor/nikic/php-parser/lib/PhpParser/Node/Expr/Cast/Object_.php	0.00		cached
ok	/site/core/vendor/nikic/php-parser/lib/PhpParser/Node/Expr/Cast/String_.php	0.00		cached
ok	/site/core/vendor/nikic/php-parser/lib/PhpParser/Node/Expr/Cast/Unset_.php	0.00		cached
ok	/site/core/vendor/nikic/php-parser/lib/PhpParser/Node/Expr/Cast/Void_.php	0.00		cached
ok	/site/core/vendor/nikic/php-parser/lib/PhpParser/Node/Expr/ClassConstFetch.php	0.00		cached
ok	/site/core/vendor/nikic/php-parser/lib/PhpParser/Node/Expr/Clone_.php	0.00		cached
ok	/site/core/vendor/nikic/php-parser/lib/PhpParser/Node/Expr/Closure.php	0.00		cached
ok	/site/core/vendor/nikic/php-parser/lib/PhpParser/Node/Expr/ClosureUse.php	0.00		cached
ok	/site/core/vendor/nikic/php-parser/lib/PhpParser/Node/Expr/ConstFetch.php	0.00		cached
ok	/site/core/vendor/nikic/php-parser/lib/PhpParser/Node/Expr/Empty_.php	0.00		cached
ok	/site/core/vendor/nikic/php-parser/lib/PhpParser/Node/Expr/Error.php	0.00		cached
ok	/site/core/vendor/nikic/php-parser/lib/PhpParser/Node/Expr/ErrorSuppress.php	0.00		cached
ok	/site/core/vendor/nikic/php-parser/lib/PhpParser/Node/Expr/Eval_.php	0.00		cached
ok	/site/core/vendor/nikic/php-parser/lib/PhpParser/Node/Expr/Exit_.php	0.00		cached
ok	/site/core/vendor/nikic/php-parser/lib/PhpParser/Node/Expr/FuncCall.php	0.00		cached
ok	/site/core/vendor/nikic/php-parser/lib/PhpParser/Node/Expr/Include_.php	0.00		cached
ok	/site/core/vendor/nikic/php-parser/lib/PhpParser/Node/Expr/Instanceof_.php	0.00		cached
ok	/site/core/vendor/nikic/php-parser/lib/PhpParser/Node/Expr/Isset_.php	0.00		cached
ok	/site/core/vendor/nikic/php-parser/lib/PhpParser/Node/Expr/List_.php	0.00		cached
ok	/site/core/vendor/nikic/php-parser/lib/PhpParser/Node/Expr/Match_.php	0.00		cached
ok	/site/core/vendor/nikic/php-parser/lib/PhpParser/Node/Expr/MethodCall.php	0.00		cached
ok	/site/core/vendor/nikic/php-parser/lib/PhpParser/Node/Expr/New_.php	0.00		cached
ok	/site/core/vendor/nikic/php-parser/lib/PhpParser/Node/Expr/NullsafeMethodCall.php	0.00		cached
ok	/site/core/vendor/nikic/php-parser/lib/PhpParser/Node/Expr/NullsafePropertyFetch.php	0.00		cached
ok	/site/core/vendor/nikic/php-parser/lib/PhpParser/Node/Expr/PostDec.php	0.00		cached
ok	/site/core/vendor/nikic/php-parser/lib/PhpParser/Node/Expr/PostInc.php	0.00		cached
ok	/site/core/vendor/nikic/php-parser/lib/PhpParser/Node/Expr/PreDec.php	0.00		cached
ok	/site/core/vendor/nikic/php-parser/lib/PhpParser/Node/Expr/PreInc.php	0.00		cached
ok	/site/core/vendor/nikic/php-parser/lib/PhpParser/Node/Expr/Print_.php	0.00		cached
ok	/site/core/vendor/nikic/php-parser/lib/PhpParser/Node/Expr/PropertyFetch.php	0.00		cached
ok	/site/core/vendor/nikic/php-parser/lib/PhpParser/Node/Expr/ShellExec.php	0.00		cached
ok	/site/core/vendor/nikic/php-parser/lib/PhpParser/Node/Expr/StaticCall.php	0.00		cached
ok	/site/core/vendor/nikic/php-parser/lib/PhpParser/Node/Expr/StaticPropertyFetch.php	0.00		cached
ok	/site/core/vendor/nikic/php-parser/lib/PhpParser/Node/Expr/Ternary.php	0.00		cached
ok	/site/core/vendor/nikic/php-parser/lib/PhpParser/Node/Expr/Throw_.php	0.00		cached
ok	/site/core/vendor/nikic/php-parser/lib/PhpParser/Node/Expr/UnaryMinus.php	0.00		cached
ok	/site/core/vendor/nikic/php-parser/lib/PhpParser/Node/Expr/UnaryPlus.php	0.00		cached
ok	/site/core/vendor/nikic/php-parser/lib/PhpParser/Node/Expr/Variable.php	0.00		cached
ok	/site/core/vendor/nikic/php-parser/lib/PhpParser/Node/Expr/YieldFrom.php	0.00		cached
ok	/site/core/vendor/nikic/php-parser/lib/PhpParser/Node/Expr/Yield_.php	0.00		cached
ok	/site/core/vendor/nikic/php-parser/lib/PhpParser/Node/FunctionLike.php	0.00		cached
ok	/site/core/vendor/nikic/php-parser/lib/PhpParser/Node/Identifier.php	0.00		cached
ok	/site/core/vendor/nikic/php-parser/lib/PhpParser/Node/InterpolatedStringPart.php	0.00		cached
ok	/site/core/vendor/nikic/php-parser/lib/PhpParser/Node/IntersectionType.php	0.00		cached
ok	/site/core/vendor/nikic/php-parser/lib/PhpParser/Node/MatchArm.php	0.00		cached
ok	/site/core/vendor/nikic/php-parser/lib/PhpParser/Node/Name.php	0.00		cached
ok	/site/core/vendor/nikic/php-parser/lib/PhpParser/Node/Name/FullyQualified.php	0.00		cached
ok	/site/core/vendor/nikic/php-parser/lib/PhpParser/Node/Name/Relative.php	0.00		cached
ok	/site/core/vendor/nikic/php-parser/lib/PhpParser/Node/NullableType.php	0.00		cached
ok	/site/core/vendor/nikic/php-parser/lib/PhpParser/Node/Param.php	0.00		cached
ok	/site/core/vendor/nikic/php-parser/lib/PhpParser/Node/PropertyHook.php	0.00		cached
ok	/site/core/vendor/nikic/php-parser/lib/PhpParser/Node/PropertyItem.php	0.00		cached
ok	/site/core/vendor/nikic/php-parser/lib/PhpParser/Node/Scalar.php	0.00		cached
ok	/site/core/vendor/nikic/php-parser/lib/PhpParser/Node/Scalar/DNumber.php	0.00		cached
ok	/site/core/vendor/nikic/php-parser/lib/PhpParser/Node/Scalar/Encapsed.php	0.00		cached
ok	/site/core/vendor/nikic/php-parser/lib/PhpParser/Node/Scalar/EncapsedStringPart.php	0.00		cached
ok	/site/core/vendor/nikic/php-parser/lib/PhpParser/Node/Scalar/Float_.php	0.00		cached
ok	/site/core/vendor/nikic/php-parser/lib/PhpParser/Node/Scalar/Int_.php	0.00		cached
ok	/site/core/vendor/nikic/php-parser/lib/PhpParser/Node/Scalar/InterpolatedString.php	0.00		cached
ok	/site/core/vendor/nikic/php-parser/lib/PhpParser/Node/Scalar/LNumber.php	0.00		cached
ok	/site/core/vendor/nikic/php-parser/lib/PhpParser/Node/Scalar/MagicConst.php	0.00		cached
ok	/site/core/vendor/nikic/php-parser/lib/PhpParser/Node/Scalar/MagicConst/Class_.php	0.00		cached
ok	/site/core/vendor/nikic/php-parser/lib/PhpParser/Node/Scalar/MagicConst/Dir.php	0.00		cached
ok	/site/core/vendor/nikic/php-parser/lib/PhpParser/Node/Scalar/MagicConst/File.php	0.00		cached
ok	/site/core/vendor/nikic/php-parser/lib/PhpParser/Node/Scalar/MagicConst/Function_.php	0.00		cached
ok	/site/core/vendor/nikic/php-parser/lib/PhpParser/Node/Scalar/MagicConst/Line.php	0.00		cached
ok	/site/core/vendor/nikic/php-parser/lib/PhpParser/Node/Scalar/MagicConst/Method.php	0.00		cached
ok	/site/core/vendor/nikic/php-parser/lib/PhpParser/Node/Scalar/MagicConst/Namespace_.php	0.00		cached
ok	/site/core/vendor/nikic/php-parser/lib/PhpParser/Node/Scalar/MagicConst/Property.php	0.00		cached
ok	/site/core/vendor/nikic/php-parser/lib/PhpParser/Node/Scalar/MagicConst/Trait_.php	0.00		cached
ok	/site/core/vendor/nikic/php-parser/lib/PhpParser/Node/Scalar/String_.php	0.00		cached
ok	/site/core/vendor/nikic/php-parser/lib/PhpParser/Node/StaticVar.php	0.00		cached
ok	/site/core/vendor/nikic/php-parser/lib/PhpParser/Node/Stmt.php	0.00		cached
ok	/site/core/vendor/nikic/php-parser/lib/PhpParser/Node/Stmt/Block.php	0.00		cached
ok	/site/core/vendor/nikic/php-parser/lib/PhpParser/Node/Stmt/Break_.php	0.00		cached
ok	/site/core/vendor/nikic/php-parser/lib/PhpParser/Node/Stmt/Case_.php	0.00		cached
ok	/site/core/vendor/nikic/php-parser/lib/PhpParser/Node/Stmt/Catch_.php	0.00		cached
ok	/site/core/vendor/nikic/php-parser/lib/PhpParser/Node/Stmt/ClassConst.php	0.00		cached
ok	/site/core/vendor/nikic/php-parser/lib/PhpParser/Node/Stmt/ClassLike.php	0.00		cached
ok	/site/core/vendor/nikic/php-parser/lib/PhpParser/Node/Stmt/ClassMethod.php	0.00		cached
ok	/site/core/vendor/nikic/php-parser/lib/PhpParser/Node/Stmt/Class_.php	0.00		cached
ok	/site/core/vendor/nikic/php-parser/lib/PhpParser/Node/Stmt/Const_.php	0.00		cached
ok	/site/core/vendor/nikic/php-parser/lib/PhpParser/Node/Stmt/Continue_.php	0.00		cached
ok	/site/core/vendor/nikic/php-parser/lib/PhpParser/Node/Stmt/DeclareDeclare.php	0.00		cached
ok	/site/core/vendor/nikic/php-parser/lib/PhpParser/Node/Stmt/Declare_.php	0.00		cached
ok	/site/core/vendor/nikic/php-parser/lib/PhpParser/Node/Stmt/Do_.php	0.00		cached
ok	/site/core/vendor/nikic/php-parser/lib/PhpParser/Node/Stmt/Echo_.php	0.00		cached
ok	/site/core/vendor/nikic/php-parser/lib/PhpParser/Node/Stmt/ElseIf_.php	0.00		cached
ok	/site/core/vendor/nikic/php-parser/lib/PhpParser/Node/Stmt/Else_.php	0.00		cached
ok	/site/core/vendor/nikic/php-parser/lib/PhpParser/Node/Stmt/EnumCase.php	0.00		cached
ok	/site/core/vendor/nikic/php-parser/lib/PhpParser/Node/Stmt/Enum_.php	0.00		cached
ok	/site/core/vendor/nikic/php-parser/lib/PhpParser/Node/Stmt/Expression.php	0.00		cached
ok	/site/core/vendor/nikic/php-parser/lib/PhpParser/Node/Stmt/Finally_.php	0.00		cached
ok	/site/core/vendor/nikic/php-parser/lib/PhpParser/Node/Stmt/For_.php	0.00		cached
ok	/site/core/vendor/nikic/php-parser/lib/PhpParser/Node/Stmt/Foreach_.php	0.00		cached
ok	/site/core/vendor/nikic/php-parser/lib/PhpParser/Node/Stmt/Function_.php	0.00		cached
ok	/site/core/vendor/nikic/php-parser/lib/PhpParser/Node/Stmt/Global_.php	0.00		cached
ok	/site/core/vendor/nikic/php-parser/lib/PhpParser/Node/Stmt/Goto_.php	0.00		cached
ok	/site/core/vendor/nikic/php-parser/lib/PhpParser/Node/Stmt/GroupUse.php	0.00		cached
ok	/site/core/vendor/nikic/php-parser/lib/PhpParser/Node/Stmt/HaltCompiler.php	0.00		cached
ok	/site/core/vendor/nikic/php-parser/lib/PhpParser/Node/Stmt/If_.php	0.00		cached
ok	/site/core/vendor/nikic/php-parser/lib/PhpParser/Node/Stmt/InlineHTML.php	0.00		cached
ok	/site/core/vendor/nikic/php-parser/lib/PhpParser/Node/Stmt/Interface_.php	0.00		cached
ok	/site/core/vendor/nikic/php-parser/lib/PhpParser/Node/Stmt/Label.php	0.00		cached
ok	/site/core/vendor/nikic/php-parser/lib/PhpParser/Node/Stmt/Namespace_.php	0.00		cached
ok	/site/core/vendor/nikic/php-parser/lib/PhpParser/Node/Stmt/Nop.php	0.00		cached
ok	/site/core/vendor/nikic/php-parser/lib/PhpParser/Node/Stmt/Property.php	0.00		cached
ok	/site/core/vendor/nikic/php-parser/lib/PhpParser/Node/Stmt/PropertyProperty.php	0.00		cached
ok	/site/core/vendor/nikic/php-parser/lib/PhpParser/Node/Stmt/Return_.php	0.00		cached
ok	/site/core/vendor/nikic/php-parser/lib/PhpParser/Node/Stmt/StaticVar.php	0.00		cached
ok	/site/core/vendor/nikic/php-parser/lib/PhpParser/Node/Stmt/Static_.php	0.00		cached
ok	/site/core/vendor/nikic/php-parser/lib/PhpParser/Node/Stmt/Switch_.php	0.00		cached
ok	/site/core/vendor/nikic/php-parser/lib/PhpParser/Node/Stmt/TraitUse.php	0.00		cached
ok	/site/core/vendor/nikic/php-parser/lib/PhpParser/Node/Stmt/TraitUseAdaptation.php	0.00		cached
ok	/site/core/vendor/nikic/php-parser/lib/PhpParser/Node/Stmt/TraitUseAdaptation/Alias.php	0.00		cached
ok	/site/core/vendor/nikic/php-parser/lib/PhpParser/Node/Stmt/TraitUseAdaptation/Precedence.php	0.00		cached
ok	/site/core/vendor/nikic/php-parser/lib/PhpParser/Node/Stmt/Trait_.php	0.00		cached
ok	/site/core/vendor/nikic/php-parser/lib/PhpParser/Node/Stmt/TryCatch.php	0.00		cached
ok	/site/core/vendor/nikic/php-parser/lib/PhpParser/Node/Stmt/Unset_.php	0.00		cached
ok	/site/core/vendor/nikic/php-parser/lib/PhpParser/Node/Stmt/UseUse.php	0.00		cached
ok	/site/core/vendor/nikic/php-parser/lib/PhpParser/Node/Stmt/Use_.php	0.00		cached
ok	/site/core/vendor/nikic/php-parser/lib/PhpParser/Node/Stmt/While_.php	0.00		cached
ok	/site/core/vendor/nikic/php-parser/lib/PhpParser/Node/UnionType.php	0.00		cached
ok	/site/core/vendor/nikic/php-parser/lib/PhpParser/Node/UseItem.php	0.00		cached
ok	/site/core/vendor/nikic/php-parser/lib/PhpParser/Node/VarLikeIdentifier.php	0.00		cached
ok	/site/core/vendor/nikic/php-parser/lib/PhpParser/Node/VariadicPlaceholder.php	0.00		cached
ok	/site/core/vendor/nikic/php-parser/lib/PhpParser/NodeAbstract.php	0.00		cached
ok	/site/core/vendor/nikic/php-parser/lib/PhpParser/NodeDumper.php	0.00		cached
ok	/site/core/vendor/nikic/php-parser/lib/PhpParser/NodeFinder.php	0.00		cached
ok	/site/core/vendor/nikic/php-parser/lib/PhpParser/NodeTraverser.php	0.00		cached
ok	/site/core/vendor/nikic/php-parser/lib/PhpParser/NodeTraverserInterface.php	0.00		cached
ok	/site/core/vendor/nikic/php-parser/lib/PhpParser/NodeVisitor.php	0.00		cached
ok	/site/core/vendor/nikic/php-parser/lib/PhpParser/NodeVisitor/CloningVisitor.php	0.00		cached
ok	/site/core/vendor/nikic/php-parser/lib/PhpParser/NodeVisitor/CommentAnnotatingVisitor.php	0.00		cached
ok	/site/core/vendor/nikic/php-parser/lib/PhpParser/NodeVisitor/FindingVisitor.php	0.00		cached
ok	/site/core/vendor/nikic/php-parser/lib/PhpParser/NodeVisitor/FirstFindingVisitor.php	0.00		cached
ok	/site/core/vendor/nikic/php-parser/lib/PhpParser/NodeVisitor/NameResolver.php	0.00		cached
ok	/site/core/vendor/nikic/php-parser/lib/PhpParser/NodeVisitor/NodeConnectingVisitor.php	0.00		cached
ok	/site/core/vendor/nikic/php-parser/lib/PhpParser/NodeVisitor/ParentConnectingVisitor.php	0.00		cached
ok	/site/core/vendor/nikic/php-parser/lib/PhpParser/NodeVisitorAbstract.php	0.00		cached
ok	/site/core/vendor/nikic/php-parser/lib/PhpParser/Parser.php	0.00		cached
fail	/site/core/vendor/nikic/php-parser/lib/PhpParser/Parser/Php7.php	0.00	compile failed: lazy body /site/core/vendor/nikic/php-parser/lib/PhpParser/Parser/Php7.php:1259 [{         $this->reduceCallbacks = [             0 => null,             1 => static function ($self, $stackPos) {       ]: unexpected token in expression: Semicolon at line 1266, column 191	cached
fail	/site/core/vendor/nikic/php-parser/lib/PhpParser/Parser/Php8.php	0.00	compile failed: lazy body /site/core/vendor/nikic/php-parser/lib/PhpParser/Parser/Php8.php:1276 [{         $this->reduceCallbacks = [             0 => null,             1 => static function ($self, $stackPos) {       ]: unexpected token in expression: Semicolon at line 1283, column 191	cached
ok	/site/core/vendor/nikic/php-parser/lib/PhpParser/ParserAbstract.php	0.00		cached
ok	/site/core/vendor/nikic/php-parser/lib/PhpParser/ParserFactory.php	0.00		cached
ok	/site/core/vendor/nikic/php-parser/lib/PhpParser/PhpVersion.php	0.00		cached
ok	/site/core/vendor/nikic/php-parser/lib/PhpParser/PrettyPrinter.php	0.00		cached
ok	/site/core/vendor/nikic/php-parser/lib/PhpParser/PrettyPrinter/Standard.php	0.00		cached
ok	/site/core/vendor/nikic/php-parser/lib/PhpParser/PrettyPrinterAbstract.php	0.00		cached
ok	/site/core/vendor/nikic/php-parser/lib/PhpParser/Token.php	0.00		cached
ok	/site/core/vendor/nikic/php-parser/lib/PhpParser/compatibility_tokens.php	0.00		cached
ok	/site/core/vendor/nunomaduro/collision/scripts/fix-pdo-constant.php	0.00		cached
ok	/site/core/vendor/nunomaduro/collision/src/Adapters/Laravel/CollisionServiceProvider.php	0.00		cached
ok	/site/core/vendor/nunomaduro/collision/src/Adapters/Laravel/Commands/TestCommand.php	0.00		cached
ok	/site/core/vendor/nunomaduro/collision/src/Adapters/Laravel/ExceptionHandler.php	0.00		cached
ok	/site/core/vendor/nunomaduro/collision/src/Adapters/Laravel/Exceptions/NotSupportedYetException.php	0.00		cached
ok	/site/core/vendor/nunomaduro/collision/src/Adapters/Laravel/Exceptions/RequirementsException.php	0.00		cached
ok	/site/core/vendor/nunomaduro/collision/src/Adapters/Laravel/IgnitionSolutionsRepository.php	0.00		cached
ok	/site/core/vendor/nunomaduro/collision/src/Adapters/Laravel/Inspector.php	0.00		cached
ok	/site/core/vendor/nunomaduro/collision/src/Adapters/Phpunit/Autoload.php	0.00		cached
ok	/site/core/vendor/nunomaduro/collision/src/Adapters/Phpunit/ConfigureIO.php	0.00		cached
ok	/site/core/vendor/nunomaduro/collision/src/Adapters/Phpunit/Printers/DefaultPrinter.php	0.00		cached
ok	/site/core/vendor/nunomaduro/collision/src/Adapters/Phpunit/Printers/ReportablePrinter.php	0.00		cached
ok	/site/core/vendor/nunomaduro/collision/src/Adapters/Phpunit/State.php	0.00		cached
ok	/site/core/vendor/nunomaduro/collision/src/Adapters/Phpunit/Style.php	0.00		cached
ok	/site/core/vendor/nunomaduro/collision/src/Adapters/Phpunit/Subscribers/EnsurePrinterIsRegisteredSubscriber.php	0.00		cached
ok	/site/core/vendor/nunomaduro/collision/src/Adapters/Phpunit/Subscribers/Subscriber.php	0.00		cached
ok	/site/core/vendor/nunomaduro/collision/src/Adapters/Phpunit/Support/ResultReflection.php	0.00		cached
ok	/site/core/vendor/nunomaduro/collision/src/Adapters/Phpunit/TestResult.php	0.00		cached
ok	/site/core/vendor/nunomaduro/collision/src/ArgumentFormatter.php	0.00		cached
ok	/site/core/vendor/nunomaduro/collision/src/ConsoleColor.php	0.00		cached
ok	/site/core/vendor/nunomaduro/collision/src/Contracts/Adapters/Phpunit/HasPrintableTestCaseName.php	0.00		cached
ok	/site/core/vendor/nunomaduro/collision/src/Contracts/RenderableOnCollisionEditor.php	0.00		cached
ok	/site/core/vendor/nunomaduro/collision/src/Contracts/RenderlessEditor.php	0.00		cached
ok	/site/core/vendor/nunomaduro/collision/src/Contracts/RenderlessTrace.php	0.00		cached
ok	/site/core/vendor/nunomaduro/collision/src/Contracts/SolutionsRepository.php	0.00		cached
ok	/site/core/vendor/nunomaduro/collision/src/Coverage.php	0.00		cached
ok	/site/core/vendor/nunomaduro/collision/src/Exceptions/InvalidStyleException.php	0.00		cached
ok	/site/core/vendor/nunomaduro/collision/src/Exceptions/ShouldNotHappen.php	0.00		cached
ok	/site/core/vendor/nunomaduro/collision/src/Exceptions/TestException.php	0.00		cached
ok	/site/core/vendor/nunomaduro/collision/src/Exceptions/TestOutcome.php	0.00		cached
ok	/site/core/vendor/nunomaduro/collision/src/Handler.php	0.00		cached
ok	/site/core/vendor/nunomaduro/collision/src/Highlighter.php	0.00		cached
ok	/site/core/vendor/nunomaduro/collision/src/Provider.php	0.00		cached
ok	/site/core/vendor/nunomaduro/collision/src/SolutionsRepositories/NullSolutionsRepository.php	0.00		cached
ok	/site/core/vendor/nunomaduro/collision/src/Writer.php	0.00		cached
ok	/site/core/vendor/nunomaduro/termwind/playground.php	0.00		cached
ok	/site/core/vendor/nunomaduro/termwind/src/Actions/StyleToMethod.php	0.00		cached
ok	/site/core/vendor/nunomaduro/termwind/src/Components/Anchor.php	0.00		cached
ok	/site/core/vendor/nunomaduro/termwind/src/Components/BreakLine.php	0.00		cached
ok	/site/core/vendor/nunomaduro/termwind/src/Components/Dd.php	0.00		cached
ok	/site/core/vendor/nunomaduro/termwind/src/Components/Div.php	0.00		cached
ok	/site/core/vendor/nunomaduro/termwind/src/Components/Dl.php	0.00		cached
ok	/site/core/vendor/nunomaduro/termwind/src/Components/Dt.php	0.00		cached
ok	/site/core/vendor/nunomaduro/termwind/src/Components/Element.php	0.00		cached
ok	/site/core/vendor/nunomaduro/termwind/src/Components/Hr.php	0.00		cached
ok	/site/core/vendor/nunomaduro/termwind/src/Components/Li.php	0.00		cached
ok	/site/core/vendor/nunomaduro/termwind/src/Components/Ol.php	0.00		cached
ok	/site/core/vendor/nunomaduro/termwind/src/Components/Paragraph.php	0.00		cached
ok	/site/core/vendor/nunomaduro/termwind/src/Components/Raw.php	0.00		cached
ok	/site/core/vendor/nunomaduro/termwind/src/Components/Span.php	0.00		cached
ok	/site/core/vendor/nunomaduro/termwind/src/Components/Ul.php	0.00		cached
ok	/site/core/vendor/nunomaduro/termwind/src/Enums/Color.php	0.00		cached
ok	/site/core/vendor/nunomaduro/termwind/src/Exceptions/ColorNotFound.php	0.00		cached
ok	/site/core/vendor/nunomaduro/termwind/src/Exceptions/InvalidChild.php	0.00		cached
ok	/site/core/vendor/nunomaduro/termwind/src/Exceptions/InvalidColor.php	0.00		cached
ok	/site/core/vendor/nunomaduro/termwind/src/Exceptions/InvalidStyle.php	0.00		cached
ok	/site/core/vendor/nunomaduro/termwind/src/Exceptions/StyleNotFound.php	0.00		cached
ok	/site/core/vendor/nunomaduro/termwind/src/Functions.php	0.00		cached
ok	/site/core/vendor/nunomaduro/termwind/src/Helpers/QuestionHelper.php	0.00		cached
ok	/site/core/vendor/nunomaduro/termwind/src/Html/CodeRenderer.php	0.00		cached
ok	/site/core/vendor/nunomaduro/termwind/src/Html/InheritStyles.php	0.00		cached
ok	/site/core/vendor/nunomaduro/termwind/src/Html/PreRenderer.php	0.00		cached
ok	/site/core/vendor/nunomaduro/termwind/src/Html/TableRenderer.php	0.00		cached
ok	/site/core/vendor/nunomaduro/termwind/src/HtmlRenderer.php	0.00		cached
ok	/site/core/vendor/nunomaduro/termwind/src/Laravel/TermwindServiceProvider.php	0.00		cached
ok	/site/core/vendor/nunomaduro/termwind/src/Question.php	0.00		cached
ok	/site/core/vendor/nunomaduro/termwind/src/Repositories/Styles.php	0.00		cached
ok	/site/core/vendor/nunomaduro/termwind/src/Terminal.php	0.00		cached
ok	/site/core/vendor/nunomaduro/termwind/src/Termwind.php	0.00		cached
fail	/site/core/vendor/nunomaduro/termwind/src/ValueObjects/Node.php	0.00	timeout: the monitored command dumped core	cached
ok	/site/core/vendor/nunomaduro/termwind/src/ValueObjects/Style.php	0.00		cached
ok	/site/core/vendor/nunomaduro/termwind/src/ValueObjects/Styles.php	0.00		cached
ok	/site/core/vendor/pestphp/pest-plugin-arch/src/Autoload.php	0.00		cached
ok	/site/core/vendor/pestphp/pest-plugin-arch/src/Blueprint.php	0.00		cached
ok	/site/core/vendor/pestphp/pest-plugin-arch/src/Collections/Dependencies.php	0.00		cached
ok	/site/core/vendor/pestphp/pest-plugin-arch/src/Concerns/Architectable.php	0.00		cached
ok	/site/core/vendor/pestphp/pest-plugin-arch/src/Contracts/ArchExpectation.php	0.00		cached
ok	/site/core/vendor/pestphp/pest-plugin-arch/src/Exceptions/ArchExpectationFailedException.php	0.00		cached
ok	/site/core/vendor/pestphp/pest-plugin-arch/src/Expectations/Targeted.php	0.00		cached
ok	/site/core/vendor/pestphp/pest-plugin-arch/src/Expectations/ToBeUsedIn.php	0.00		cached
ok	/site/core/vendor/pestphp/pest-plugin-arch/src/Expectations/ToBeUsedInNothing.php	0.00		cached
ok	/site/core/vendor/pestphp/pest-plugin-arch/src/Expectations/ToOnlyBeUsedIn.php	0.00		cached
ok	/site/core/vendor/pestphp/pest-plugin-arch/src/Expectations/ToOnlyUse.php	0.00		cached
ok	/site/core/vendor/pestphp/pest-plugin-arch/src/Expectations/ToUse.php	0.00		cached
ok	/site/core/vendor/pestphp/pest-plugin-arch/src/Expectations/ToUseNothing.php	0.00		cached
ok	/site/core/vendor/pestphp/pest-plugin-arch/src/Factories/LayerFactory.php	0.00		cached
ok	/site/core/vendor/pestphp/pest-plugin-arch/src/Factories/ObjectDescriptionFactory.php	0.00		cached
ok	/site/core/vendor/pestphp/pest-plugin-arch/src/GroupArchExpectation.php	0.00		cached
ok	/site/core/vendor/pestphp/pest-plugin-arch/src/Layer.php	0.00		cached
ok	/site/core/vendor/pestphp/pest-plugin-arch/src/Objects/FunctionDescription.php	0.00		cached
ok	/site/core/vendor/pestphp/pest-plugin-arch/src/Objects/ObjectDescription.php	0.00		cached
ok	/site/core/vendor/pestphp/pest-plugin-arch/src/Objects/ObjectDescriptionBase.php	0.00		cached
ok	/site/core/vendor/pestphp/pest-plugin-arch/src/Objects/VendorObjectDescription.php	0.00		cached
ok	/site/core/vendor/pestphp/pest-plugin-arch/src/Options/LayerOptions.php	0.00		cached
ok	/site/core/vendor/pestphp/pest-plugin-arch/src/Options/TestCaseOptions.php	0.00		cached
ok	/site/core/vendor/pestphp/pest-plugin-arch/src/PendingArchExpectation.php	0.00		cached
ok	/site/core/vendor/pestphp/pest-plugin-arch/src/Plugin.php	0.00		cached
ok	/site/core/vendor/pestphp/pest-plugin-arch/src/Repositories/ObjectsRepository.php	0.00		cached
ok	/site/core/vendor/pestphp/pest-plugin-arch/src/SingleArchExpectation.php	0.00		cached
ok	/site/core/vendor/pestphp/pest-plugin-arch/src/Support/AssertLocker.php	0.00		cached
ok	/site/core/vendor/pestphp/pest-plugin-arch/src/Support/Composer.php	0.00		cached
ok	/site/core/vendor/pestphp/pest-plugin-arch/src/Support/FileLineFinder.php	0.00		cached
ok	/site/core/vendor/pestphp/pest-plugin-arch/src/Support/PhpCoreExpressions.php	0.00		cached
ok	/site/core/vendor/pestphp/pest-plugin-arch/src/Support/ReflectionClassForFunction.php	0.00		cached
ok	/site/core/vendor/pestphp/pest-plugin-arch/src/Support/UserDefinedFunctions.php	0.00		cached
ok	/site/core/vendor/pestphp/pest-plugin-arch/src/ValueObjects/Dependency.php	0.00		cached
ok	/site/core/vendor/pestphp/pest-plugin-arch/src/ValueObjects/Targets.php	0.00		cached
ok	/site/core/vendor/pestphp/pest-plugin-arch/src/ValueObjects/Violation.php	0.00		cached
ok	/site/core/vendor/pestphp/pest-plugin-mutate/rector.php	0.00		cached
ok	/site/core/vendor/pestphp/pest-plugin-mutate/src/Boostrappers/BootPhpUnitSubscribers.php	0.00		cached
ok	/site/core/vendor/pestphp/pest-plugin-mutate/src/Boostrappers/BootSubscribers.php	0.00		cached
ok	/site/core/vendor/pestphp/pest-plugin-mutate/src/Cache/FileStore.php	0.00		cached
ok	/site/core/vendor/pestphp/pest-plugin-mutate/src/Cache/NullStore.php	0.00		cached
ok	/site/core/vendor/pestphp/pest-plugin-mutate/src/Contracts/Configuration.php	0.00		cached
ok	/site/core/vendor/pestphp/pest-plugin-mutate/src/Contracts/Event.php	0.00		cached
ok	/site/core/vendor/pestphp/pest-plugin-mutate/src/Contracts/MutationTestRunner.php	0.00		cached
ok	/site/core/vendor/pestphp/pest-plugin-mutate/src/Contracts/Mutator.php	0.00		cached
ok	/site/core/vendor/pestphp/pest-plugin-mutate/src/Contracts/MutatorSet.php	0.00		cached
ok	/site/core/vendor/pestphp/pest-plugin-mutate/src/Contracts/Printer.php	0.00		cached
ok	/site/core/vendor/pestphp/pest-plugin-mutate/src/Contracts/Subscriber.php	0.00		cached
ok	/site/core/vendor/pestphp/pest-plugin-mutate/src/Event/Emitter.php	0.00		cached
ok	/site/core/vendor/pestphp/pest-plugin-mutate/src/Event/Events/Test/HookMethod/BeforeFirstTestExecuted.php	0.00		cached
ok	/site/core/vendor/pestphp/pest-plugin-mutate/src/Event/Events/Test/HookMethod/BeforeFirstTestExecutedSubscriber.php	0.00		cached
ok	/site/core/vendor/pestphp/pest-plugin-mutate/src/Event/Events/Test/Outcome/Tested.php	0.00		cached
ok	/site/core/vendor/pestphp/pest-plugin-mutate/src/Event/Events/Test/Outcome/TestedSubscriber.php	0.00		cached
ok	/site/core/vendor/pestphp/pest-plugin-mutate/src/Event/Events/Test/Outcome/Timeout.php	0.00		cached
ok	/site/core/vendor/pestphp/pest-plugin-mutate/src/Event/Events/Test/Outcome/TimeoutSubscriber.php	0.00		cached
ok	/site/core/vendor/pestphp/pest-plugin-mutate/src/Event/Events/Test/Outcome/Uncovered.php	0.00		cached
ok	/site/core/vendor/pestphp/pest-plugin-mutate/src/Event/Events/Test/Outcome/UncoveredSubscriber.php	0.00		cached
ok	/site/core/vendor/pestphp/pest-plugin-mutate/src/Event/Events/Test/Outcome/Untested.php	0.00		cached
ok	/site/core/vendor/pestphp/pest-plugin-mutate/src/Event/Events/Test/Outcome/UntestedSubscriber.php	0.00		cached
ok	/site/core/vendor/pestphp/pest-plugin-mutate/src/Event/Events/TestSuite/FinishMutationGeneration.php	0.00		cached
ok	/site/core/vendor/pestphp/pest-plugin-mutate/src/Event/Events/TestSuite/FinishMutationGenerationSubscriber.php	0.00		cached
ok	/site/core/vendor/pestphp/pest-plugin-mutate/src/Event/Events/TestSuite/FinishMutationSuite.php	0.00		cached
ok	/site/core/vendor/pestphp/pest-plugin-mutate/src/Event/Events/TestSuite/FinishMutationSuiteSubscriber.php	0.00		cached
ok	/site/core/vendor/pestphp/pest-plugin-mutate/src/Event/Events/TestSuite/StartMutationGeneration.php	0.00		cached
ok	/site/core/vendor/pestphp/pest-plugin-mutate/src/Event/Events/TestSuite/StartMutationGenerationSubscriber.php	0.00		cached
ok	/site/core/vendor/pestphp/pest-plugin-mutate/src/Event/Events/TestSuite/StartMutationSuite.php	0.00		cached
ok	/site/core/vendor/pestphp/pest-plugin-mutate/src/Event/Events/TestSuite/StartMutationSuiteSubscriber.php	0.00		cached
ok	/site/core/vendor/pestphp/pest-plugin-mutate/src/Event/Facade.php	0.00		cached
ok	/site/core/vendor/pestphp/pest-plugin-mutate/src/Exceptions/InvalidMutatorException.php	0.00		cached
ok	/site/core/vendor/pestphp/pest-plugin-mutate/src/Exceptions/StreamWrapperException.php	0.00		cached
ok	/site/core/vendor/pestphp/pest-plugin-mutate/src/Factories/NodeTraverserFactory.php	0.00		cached
ok	/site/core/vendor/pestphp/pest-plugin-mutate/src/Mutation.php	0.00		cached
ok	/site/core/vendor/pestphp/pest-plugin-mutate/src/MutationSuite.php	0.00		cached
ok	/site/core/vendor/pestphp/pest-plugin-mutate/src/MutationTest.php	0.00		cached
ok	/site/core/vendor/pestphp/pest-plugin-mutate/src/MutationTestCollection.php	0.00		cached
ok	/site/core/vendor/pestphp/pest-plugin-mutate/src/Mutators.php	0.00		cached
fail	/site/core/vendor/pestphp/pest-plugin-mutate/src/Mutators/Abstract/AbstractFunctionCallUnwrapMutator.php	0.00	compile failed: Pest\Mutate\Mutators\Abstract\AbstractFunctionCallUnwrapMutator::can() has #[\Override] attribute, but no matching parent method exists at line 23	cached
fail	/site/core/vendor/pestphp/pest-plugin-mutate/src/Mutators/Abstract/AbstractFunctionReplaceMutator.php	0.00	compile failed: Pest\Mutate\Mutators\Abstract\AbstractFunctionReplaceMutator::can() has #[\Override] attribute, but no matching parent method exists at line 19	cached
ok	/site/core/vendor/pestphp/pest-plugin-mutate/src/Mutators/Abstract/AbstractMutator.php	0.00		cached
ok	/site/core/vendor/pestphp/pest-plugin-mutate/src/Mutators/Arithmetic/BitwiseAndToBitwiseOr.php	0.00		cached
ok	/site/core/vendor/pestphp/pest-plugin-mutate/src/Mutators/Arithmetic/BitwiseOrToBitwiseAnd.php	0.00		cached
ok	/site/core/vendor/pestphp/pest-plugin-mutate/src/Mutators/Arithmetic/BitwiseXorToBitwiseAnd.php	0.00		cached
ok	/site/core/vendor/pestphp/pest-plugin-mutate/src/Mutators/Arithmetic/DivisionToMultiplication.php	0.00		cached
ok	/site/core/vendor/pestphp/pest-plugin-mutate/src/Mutators/Arithmetic/MinusToPlus.php	0.00		cached
ok	/site/core/vendor/pestphp/pest-plugin-mutate/src/Mutators/Arithmetic/ModulusToMultiplication.php	0.00		cached
ok	/site/core/vendor/pestphp/pest-plugin-mutate/src/Mutators/Arithmetic/MultiplicationToDivision.php	0.00		cached
ok	/site/core/vendor/pestphp/pest-plugin-mutate/src/Mutators/Arithmetic/PlusToMinus.php	0.00		cached
ok	/site/core/vendor/pestphp/pest-plugin-mutate/src/Mutators/Arithmetic/PostDecrementToPostIncrement.php	0.00		cached
ok	/site/core/vendor/pestphp/pest-plugin-mutate/src/Mutators/Arithmetic/PostIncrementToPostDecrement.php	0.00		cached
ok	/site/core/vendor/pestphp/pest-plugin-mutate/src/Mutators/Arithmetic/PowerToMultiplication.php	0.00		cached
ok	/site/core/vendor/pestphp/pest-plugin-mutate/src/Mutators/Arithmetic/PreDecrementToPreIncrement.php	0.00		cached
ok	/site/core/vendor/pestphp/pest-plugin-mutate/src/Mutators/Arithmetic/PreIncrementToPreDecrement.php	0.00		cached
ok	/site/core/vendor/pestphp/pest-plugin-mutate/src/Mutators/Arithmetic/ShiftLeftToShiftRight.php	0.00		cached
ok	/site/core/vendor/pestphp/pest-plugin-mutate/src/Mutators/Arithmetic/ShiftRightToShiftLeft.php	0.00		cached
ok	/site/core/vendor/pestphp/pest-plugin-mutate/src/Mutators/Array/ArrayKeyFirstToArrayKeyLast.php	0.00		cached
ok	/site/core/vendor/pestphp/pest-plugin-mutate/src/Mutators/Array/ArrayKeyLastToArrayKeyFirst.php	0.00		cached
ok	/site/core/vendor/pestphp/pest-plugin-mutate/src/Mutators/Array/ArrayPopToArrayShift.php	0.00		cached
ok	/site/core/vendor/pestphp/pest-plugin-mutate/src/Mutators/Array/ArrayShiftToArrayPop.php	0.00		cached
ok	/site/core/vendor/pestphp/pest-plugin-mutate/src/Mutators/Array/UnwrapArrayChangeKeyCase.php	0.00		cached
ok	/site/core/vendor/pestphp/pest-plugin-mutate/src/Mutators/Array/UnwrapArrayChunk.php	0.00		cached
ok	/site/core/vendor/pestphp/pest-plugin-mutate/src/Mutators/Array/UnwrapArrayColumn.php	0.00		cached
ok	/site/core/vendor/pestphp/pest-plugin-mutate/src/Mutators/Array/UnwrapArrayCombine.php	0.00		cached
ok	/site/core/vendor/pestphp/pest-plugin-mutate/src/Mutators/Array/UnwrapArrayCountValues.php	0.00		cached
ok	/site/core/vendor/pestphp/pest-plugin-mutate/src/Mutators/Array/UnwrapArrayDiff.php	0.00		cached
ok	/site/core/vendor/pestphp/pest-plugin-mutate/src/Mutators/Array/UnwrapArrayDiffAssoc.php	0.00		cached
ok	/site/core/vendor/pestphp/pest-plugin-mutate/src/Mutators/Array/UnwrapArrayDiffKey.php	0.00		cached
ok	/site/core/vendor/pestphp/pest-plugin-mutate/src/Mutators/Array/UnwrapArrayDiffUassoc.php	0.00		cached
ok	/site/core/vendor/pestphp/pest-plugin-mutate/src/Mutators/Array/UnwrapArrayDiffUkey.php	0.00		cached
ok	/site/core/vendor/pestphp/pest-plugin-mutate/src/Mutators/Array/UnwrapArrayFilter.php	0.00		cached
ok	/site/core/vendor/pestphp/pest-plugin-mutate/src/Mutators/Array/UnwrapArrayFlip.php	0.00		cached
ok	/site/core/vendor/pestphp/pest-plugin-mutate/src/Mutators/Array/UnwrapArrayIntersect.php	0.00		cached
ok	/site/core/vendor/pestphp/pest-plugin-mutate/src/Mutators/Array/UnwrapArrayIntersectAssoc.php	0.00		cached
ok	/site/core/vendor/pestphp/pest-plugin-mutate/src/Mutators/Array/UnwrapArrayIntersectKey.php	0.00		cached
ok	/site/core/vendor/pestphp/pest-plugin-mutate/src/Mutators/Array/UnwrapArrayIntersectUassoc.php	0.00		cached
ok	/site/core/vendor/pestphp/pest-plugin-mutate/src/Mutators/Array/UnwrapArrayIntersectUkey.php	0.00		cached
ok	/site/core/vendor/pestphp/pest-plugin-mutate/src/Mutators/Array/UnwrapArrayKeys.php	0.00		cached
fail	/site/core/vendor/pestphp/pest-plugin-mutate/src/Mutators/Array/UnwrapArrayMap.php	0.00	compile failed: Pest\Mutate\Mutators\Array\UnwrapArrayMap::mutate() has #[\Override] attribute, but no matching parent method exists at line 28	cached
ok	/site/core/vendor/pestphp/pest-plugin-mutate/src/Mutators/Array/UnwrapArrayMerge.php	0.00		cached
ok	/site/core/vendor/pestphp/pest-plugin-mutate/src/Mutators/Array/UnwrapArrayMergeRecursive.php	0.00		cached
ok	/site/core/vendor/pestphp/pest-plugin-mutate/src/Mutators/Array/UnwrapArrayPad.php	0.00		cached
ok	/site/core/vendor/pestphp/pest-plugin-mutate/src/Mutators/Array/UnwrapArrayReduce.php	0.00		cached
ok	/site/core/vendor/pestphp/pest-plugin-mutate/src/Mutators/Array/UnwrapArrayReplace.php	0.00		cached
ok	/site/core/vendor/pestphp/pest-plugin-mutate/src/Mutators/Array/UnwrapArrayReplaceRecursive.php	0.00		cached
ok	/site/core/vendor/pestphp/pest-plugin-mutate/src/Mutators/Array/UnwrapArrayReverse.php	0.00		cached
ok	/site/core/vendor/pestphp/pest-plugin-mutate/src/Mutators/Array/UnwrapArraySlice.php	0.00		cached
ok	/site/core/vendor/pestphp/pest-plugin-mutate/src/Mutators/Array/UnwrapArraySplice.php	0.00		cached
ok	/site/core/vendor/pestphp/pest-plugin-mutate/src/Mutators/Array/UnwrapArrayUdiff.php	0.00		cached
ok	/site/core/vendor/pestphp/pest-plugin-mutate/src/Mutators/Array/UnwrapArrayUdiffAssoc.php	0.00		cached
ok	/site/core/vendor/pestphp/pest-plugin-mutate/src/Mutators/Array/UnwrapArrayUdiffUassoc.php	0.00		cached
ok	/site/core/vendor/pestphp/pest-plugin-mutate/src/Mutators/Array/UnwrapArrayUintersect.php	0.00		cached
ok	/site/core/vendor/pestphp/pest-plugin-mutate/src/Mutators/Array/UnwrapArrayUintersectAssoc.php	0.00		cached
ok	/site/core/vendor/pestphp/pest-plugin-mutate/src/Mutators/Array/UnwrapArrayUintersectUassoc.php	0.00		cached
ok	/site/core/vendor/pestphp/pest-plugin-mutate/src/Mutators/Array/UnwrapArrayUnique.php	0.00		cached
ok	/site/core/vendor/pestphp/pest-plugin-mutate/src/Mutators/Array/UnwrapArrayValues.php	0.00		cached
ok	/site/core/vendor/pestphp/pest-plugin-mutate/src/Mutators/Assignment/BitwiseAndToBitwiseOr.php	0.00		cached
ok	/site/core/vendor/pestphp/pest-plugin-mutate/src/Mutators/Assignment/BitwiseOrToBitwiseAnd.php	0.00		cached
ok	/site/core/vendor/pestphp/pest-plugin-mutate/src/Mutators/Assignment/BitwiseXorToBitwiseAnd.php	0.00		cached
ok	/site/core/vendor/pestphp/pest-plugin-mutate/src/Mutators/Assignment/CoalesceEqualToEqual.php	0.00		cached
ok	/site/core/vendor/pestphp/pest-plugin-mutate/src/Mutators/Assignment/ConcatEqualToEqual.php	0.00		cached
ok	/site/core/vendor/pestphp/pest-plugin-mutate/src/Mutators/Assignment/DivideEqualToMultiplyEqual.php	0.00		cached
ok	/site/core/vendor/pestphp/pest-plugin-mutate/src/Mutators/Assignment/MinusEqualToPlusEqual.php	0.00		cached
ok	/site/core/vendor/pestphp/pest-plugin-mutate/src/Mutators/Assignment/ModulusEqualToMultiplyEqual.php	0.00		cached
ok	/site/core/vendor/pestphp/pest-plugin-mutate/src/Mutators/Assignment/MultiplyEqualToDivideEqual.php	0.00		cached
ok	/site/core/vendor/pestphp/pest-plugin-mutate/src/Mutators/Assignment/PlusEqualToMinusEqual.php	0.00		cached
ok	/site/core/vendor/pestphp/pest-plugin-mutate/src/Mutators/Assignment/PowerEqualToMultiplyEqual.php	0.00		cached
ok	/site/core/vendor/pestphp/pest-plugin-mutate/src/Mutators/Assignment/ShiftLeftToShiftRight.php	0.00		cached
ok	/site/core/vendor/pestphp/pest-plugin-mutate/src/Mutators/Assignment/ShiftRightToShiftLeft.php	0.00		cached
ok	/site/core/vendor/pestphp/pest-plugin-mutate/src/Mutators/Casting/RemoveArrayCast.php	0.00		cached
ok	/site/core/vendor/pestphp/pest-plugin-mutate/src/Mutators/Casting/RemoveBooleanCast.php	0.00		cached
ok	/site/core/vendor/pestphp/pest-plugin-mutate/src/Mutators/Casting/RemoveDoubleCast.php	0.00		cached
ok	/site/core/vendor/pestphp/pest-plugin-mutate/src/Mutators/Casting/RemoveIntegerCast.php	0.00		cached
ok	/site/core/vendor/pestphp/pest-plugin-mutate/src/Mutators/Casting/RemoveObjectCast.php	0.00		cached
ok	/site/core/vendor/pestphp/pest-plugin-mutate/src/Mutators/Casting/RemoveStringCast.php	0.00		cached
ok	/site/core/vendor/pestphp/pest-plugin-mutate/src/Mutators/Concerns/HasName.php	0.00		cached
ok	/site/core/vendor/pestphp/pest-plugin-mutate/src/Mutators/ControlStructures/BreakToContinue.php	0.00		cached
ok	/site/core/vendor/pestphp/pest-plugin-mutate/src/Mutators/ControlStructures/ContinueToBreak.php	0.00		cached
ok	/site/core/vendor/pestphp/pest-plugin-mutate/src/Mutators/ControlStructures/DoWhileAlwaysFalse.php	0.00		cached
ok	/site/core/vendor/pestphp/pest-plugin-mutate/src/Mutators/ControlStructures/ElseIfNegated.php	0.00		cached
ok	/site/core/vendor/pestphp/pest-plugin-mutate/src/Mutators/ControlStructures/ForAlwaysFalse.php	0.00		cached
ok	/site/core/vendor/pestphp/pest-plugin-mutate/src/Mutators/ControlStructures/ForeachEmptyIterable.php	0.00		cached
ok	/site/core/vendor/pestphp/pest-plugin-mutate/src/Mutators/ControlStructures/IfNegated.php	0.00		cached
ok	/site/core/vendor/pestphp/pest-plugin-mutate/src/Mutators/ControlStructures/TernaryNegated.php	0.00		cached
ok	/site/core/vendor/pestphp/pest-plugin-mutate/src/Mutators/ControlStructures/WhileAlwaysFalse.php	0.00		cached
ok	/site/core/vendor/pestphp/pest-plugin-mutate/src/Mutators/Equality/EqualToIdentical.php	0.00		cached
ok	/site/core/vendor/pestphp/pest-plugin-mutate/src/Mutators/Equality/EqualToNotEqual.php	0.00		cached
ok	/site/core/vendor/pestphp/pest-plugin-mutate/src/Mutators/Equality/GreaterOrEqualToGreater.php	0.00		cached
ok	/site/core/vendor/pestphp/pest-plugin-mutate/src/Mutators/Equality/GreaterOrEqualToSmaller.php	0.00		cached
ok	/site/core/vendor/pestphp/pest-plugin-mutate/src/Mutators/Equality/GreaterToGreaterOrEqual.php	0.00		cached
ok	/site/core/vendor/pestphp/pest-plugin-mutate/src/Mutators/Equality/GreaterToSmallerOrEqual.php	0.00		cached
ok	/site/core/vendor/pestphp/pest-plugin-mutate/src/Mutators/Equality/IdenticalToEqual.php	0.00		cached
ok	/site/core/vendor/pestphp/pest-plugin-mutate/src/Mutators/Equality/IdenticalToNotIdentical.php	0.00		cached
ok	/site/core/vendor/pestphp/pest-plugin-mutate/src/Mutators/Equality/NotEqualToEqual.php	0.00		cached
ok	/site/core/vendor/pestphp/pest-plugin-mutate/src/Mutators/Equality/NotEqualToNotIdentical.php	0.00		cached
ok	/site/core/vendor/pestphp/pest-plugin-mutate/src/Mutators/Equality/NotIdenticalToIdentical.php	0.00		cached
ok	/site/core/vendor/pestphp/pest-plugin-mutate/src/Mutators/Equality/NotIdenticalToNotEqual.php	0.00		cached
ok	/site/core/vendor/pestphp/pest-plugin-mutate/src/Mutators/Equality/SmallerOrEqualToGreater.php	0.00		cached
ok	/site/core/vendor/pestphp/pest-plugin-mutate/src/Mutators/Equality/SmallerOrEqualToSmaller.php	0.00		cached
ok	/site/core/vendor/pestphp/pest-plugin-mutate/src/Mutators/Equality/SmallerToGreaterOrEqual.php	0.00		cached
ok	/site/core/vendor/pestphp/pest-plugin-mutate/src/Mutators/Equality/SmallerToSmallerOrEqual.php	0.00		cached
ok	/site/core/vendor/pestphp/pest-plugin-mutate/src/Mutators/Equality/SpaceshipSwitchSides.php	0.00		cached
fail	/site/core/vendor/pestphp/pest-plugin-mutate/src/Mutators/Laravel/Remove/LaravelRemoveStringableUpper.php	0.00	compile failed: Pest\Mutate\Mutators\Laravel\Remove\LaravelRemoveStringableUpper::can() has #[\Override] attribute, but no matching parent method exists at line 32	cached
fail	/site/core/vendor/pestphp/pest-plugin-mutate/src/Mutators/Laravel/Unwrap/LaravelUnwrapStrUpper.php	0.00	compile failed: Pest\Mutate\Mutators\Laravel\Unwrap\LaravelUnwrapStrUpper::can() has #[\Override] attribute, but no matching parent method exists at line 31	cached
ok	/site/core/vendor/pestphp/pest-plugin-mutate/src/Mutators/Logical/BooleanAndToBooleanOr.php	0.00		cached
ok	/site/core/vendor/pestphp/pest-plugin-mutate/src/Mutators/Logical/BooleanOrToBooleanAnd.php	0.00		cached
ok	/site/core/vendor/pestphp/pest-plugin-mutate/src/Mutators/Logical/CoalesceRemoveLeft.php	0.00		cached
fail	/site/core/vendor/pestphp/pest-plugin-mutate/src/Mutators/Logical/FalseToTrue.php	0.00	compile failed: Pest\Mutate\Mutators\Logical\FalseToTrue::can() has #[\Override] attribute, but no matching parent method exists at line 31	cached
ok	/site/core/vendor/pestphp/pest-plugin-mutate/src/Mutators/Logical/InstanceOfToFalse.php	0.00		cached
ok	/site/core/vendor/pestphp/pest-plugin-mutate/src/Mutators/Logical/InstanceOfToTrue.php	0.00		cached
ok	/site/core/vendor/pestphp/pest-plugin-mutate/src/Mutators/Logical/LogicalAndToLogicalOr.php	0.00		cached
ok	/site/core/vendor/pestphp/pest-plugin-mutate/src/Mutators/Logical/LogicalOrToLogicalAnd.php	0.00		cached
ok	/site/core/vendor/pestphp/pest-plugin-mutate/src/Mutators/Logical/LogicalXorToLogicalAnd.php	0.00		cached
ok	/site/core/vendor/pestphp/pest-plugin-mutate/src/Mutators/Logical/RemoveNot.php	0.00		cached
fail	/site/core/vendor/pestphp/pest-plugin-mutate/src/Mutators/Logical/TrueToFalse.php	0.00	compile failed: Pest\Mutate\Mutators\Logical\TrueToFalse::can() has #[\Override] attribute, but no matching parent method exists at line 34	cached
ok	/site/core/vendor/pestphp/pest-plugin-mutate/src/Mutators/Math/CeilToFloor.php	0.00		cached
ok	/site/core/vendor/pestphp/pest-plugin-mutate/src/Mutators/Math/CeilToRound.php	0.00		cached
ok	/site/core/vendor/pestphp/pest-plugin-mutate/src/Mutators/Math/FloorToCiel.php	0.00		cached
ok	/site/core/vendor/pestphp/pest-plugin-mutate/src/Mutators/Math/FloorToRound.php	0.00		cached
ok	/site/core/vendor/pestphp/pest-plugin-mutate/src/Mutators/Math/MaxToMin.php	0.00		cached
ok	/site/core/vendor/pestphp/pest-plugin-mutate/src/Mutators/Math/MinToMax.php	0.00		cached
ok	/site/core/vendor/pestphp/pest-plugin-mutate/src/Mutators/Math/RoundToCeil.php	0.00		cached
ok	/site/core/vendor/pestphp/pest-plugin-mutate/src/Mutators/Math/RoundToFloor.php	0.00		cached
ok	/site/core/vendor/pestphp/pest-plugin-mutate/src/Mutators/Number/DecrementFloat.php	0.00		cached
fail	/site/core/vendor/pestphp/pest-plugin-mutate/src/Mutators/Number/DecrementInteger.php	0.00	compile failed: Pest\Mutate\Mutators\Number\DecrementInteger::can() has #[\Override] attribute, but no matching parent method exists at line 34	cached
ok	/site/core/vendor/pestphp/pest-plugin-mutate/src/Mutators/Number/IncrementFloat.php	0.00		cached
fail	/site/core/vendor/pestphp/pest-plugin-mutate/src/Mutators/Number/IncrementInteger.php	0.00	compile failed: Pest\Mutate\Mutators\Number\IncrementInteger::can() has #[\Override] attribute, but no matching parent method exists at line 34	cached
ok	/site/core/vendor/pestphp/pest-plugin-mutate/src/Mutators/Removal/RemoveArrayItem.php	0.00		cached
fail	/site/core/vendor/pestphp/pest-plugin-mutate/src/Mutators/Removal/RemoveEarlyReturn.php	0.00	compile failed: Pest\Mutate\Mutators\Removal\RemoveEarlyReturn::can() has #[\Override] attribute, but no matching parent method exists at line 34	cached
fail	/site/core/vendor/pestphp/pest-plugin-mutate/src/Mutators/Removal/RemoveFunctionCall.php	0.00	compile failed: Pest\Mutate\Mutators\Removal\RemoveFunctionCall::can() has #[\Override] attribute, but no matching parent method exists at line 29	cached
fail	/site/core/vendor/pestphp/pest-plugin-mutate/src/Mutators/Removal/RemoveMethodCall.php	0.00	compile failed: Pest\Mutate\Mutators\Removal\RemoveMethodCall::can() has #[\Override] attribute, but no matching parent method exists at line 30	cached
ok	/site/core/vendor/pestphp/pest-plugin-mutate/src/Mutators/Removal/RemoveNullSafeOperator.php	0.00		cached
fail	/site/core/vendor/pestphp/pest-plugin-mutate/src/Mutators/Return/AlwaysReturnEmptyArray.php	0.00	compile failed: Pest\Mutate\Mutators\Return\AlwaysReturnEmptyArray::can() has #[\Override] attribute, but no matching parent method exists at line 35	cached
fail	/site/core/vendor/pestphp/pest-plugin-mutate/src/Mutators/Return/AlwaysReturnNull.php	0.00	compile failed: Pest\Mutate\Mutators\Return\AlwaysReturnNull::can() has #[\Override] attribute, but no matching parent method exists at line 36	cached
ok	/site/core/vendor/pestphp/pest-plugin-mutate/src/Mutators/Sets/ArithmeticSet.php	0.00		cached
ok	/site/core/vendor/pestphp/pest-plugin-mutate/src/Mutators/Sets/ArraySet.php	0.00		cached
ok	/site/core/vendor/pestphp/pest-plugin-mutate/src/Mutators/Sets/AssignmentSet.php	0.00		cached
ok	/site/core/vendor/pestphp/pest-plugin-mutate/src/Mutators/Sets/CastingSet.php	0.00		cached
ok	/site/core/vendor/pestphp/pest-plugin-mutate/src/Mutators/Sets/ControlStructuresSet.php	0.00		cached
ok	/site/core/vendor/pestphp/pest-plugin-mutate/src/Mutators/Sets/DefaultSet.php	0.00		cached
ok	/site/core/vendor/pestphp/pest-plugin-mutate/src/Mutators/Sets/EqualitySet.php	0.00		cached
ok	/site/core/vendor/pestphp/pest-plugin-mutate/src/Mutators/Sets/LaravelSet.php	0.00		cached
ok	/site/core/vendor/pestphp/pest-plugin-mutate/src/Mutators/Sets/LogicalSet.php	0.00		cached
ok	/site/core/vendor/pestphp/pest-plugin-mutate/src/Mutators/Sets/MathSet.php	0.00		cached
ok	/site/core/vendor/pestphp/pest-plugin-mutate/src/Mutators/Sets/NumberSet.php	0.00		cached
ok	/site/core/vendor/pestphp/pest-plugin-mutate/src/Mutators/Sets/RemovalSet.php	0.00		cached
ok	/site/core/vendor/pestphp/pest-plugin-mutate/src/Mutators/Sets/ReturnSet.php	0.00		cached
ok	/site/core/vendor/pestphp/pest-plugin-mutate/src/Mutators/Sets/StringSet.php	0.00		cached
ok	/site/core/vendor/pestphp/pest-plugin-mutate/src/Mutators/Sets/VisibilitySet.php	0.00		cached
ok	/site/core/vendor/pestphp/pest-plugin-mutate/src/Mutators/String/ConcatRemoveLeft.php	0.00		cached
ok	/site/core/vendor/pestphp/pest-plugin-mutate/src/Mutators/String/ConcatRemoveRight.php	0.00		cached
fail	/site/core/vendor/pestphp/pest-plugin-mutate/src/Mutators/String/ConcatSwitchSides.php	0.00	compile failed: Pest\Mutate\Mutators\String\ConcatSwitchSides::can() has #[\Override] attribute, but no matching parent method exists at line 31	cached
fail	/site/core/vendor/pestphp/pest-plugin-mutate/src/Mutators/String/EmptyStringToNotEmpty.php	0.00	compile failed: Pest\Mutate\Mutators\String\EmptyStringToNotEmpty::can() has #[\Override] attribute, but no matching parent method exists at line 28	cached
fail	/site/core/vendor/pestphp/pest-plugin-mutate/src/Mutators/String/NotEmptyStringToEmpty.php	0.00	compile failed: Pest\Mutate\Mutators\String\NotEmptyStringToEmpty::can() has #[\Override] attribute, but no matching parent method exists at line 30	cached
ok	/site/core/vendor/pestphp/pest-plugin-mutate/src/Mutators/String/StrEndsWithToStrStartsWith.php	0.00		cached
ok	/site/core/vendor/pestphp/pest-plugin-mutate/src/Mutators/String/StrStartsWithToStrEndsWith.php	0.00		cached
ok	/site/core/vendor/pestphp/pest-plugin-mutate/src/Mutators/String/UnwrapChop.php	0.00		cached
ok	/site/core/vendor/pestphp/pest-plugin-mutate/src/Mutators/String/UnwrapChunkSplit.php	0.00		cached
ok	/site/core/vendor/pestphp/pest-plugin-mutate/src/Mutators/String/UnwrapHtmlEntityDecode.php	0.00		cached
ok	/site/core/vendor/pestphp/pest-plugin-mutate/src/Mutators/String/UnwrapHtmlentities.php	0.00		cached
ok	/site/core/vendor/pestphp/pest-plugin-mutate/src/Mutators/String/UnwrapHtmlspecialchars.php	0.00		cached
ok	/site/core/vendor/pestphp/pest-plugin-mutate/src/Mutators/String/UnwrapHtmlspecialcharsDecode.php	0.00		cached
ok	/site/core/vendor/pestphp/pest-plugin-mutate/src/Mutators/String/UnwrapLcfirst.php	0.00		cached
ok	/site/core/vendor/pestphp/pest-plugin-mutate/src/Mutators/String/UnwrapLtrim.php	0.00		cached
ok	/site/core/vendor/pestphp/pest-plugin-mutate/src/Mutators/String/UnwrapMd5.php	0.00		cached
ok	/site/core/vendor/pestphp/pest-plugin-mutate/src/Mutators/String/UnwrapNl2br.php	0.00		cached
ok	/site/core/vendor/pestphp/pest-plugin-mutate/src/Mutators/String/UnwrapRtrim.php	0.00		cached
fail	/site/core/vendor/pestphp/pest-plugin-mutate/src/Mutators/String/UnwrapStrIreplace.php	0.00	compile failed: Pest\Mutate\Mutators\String\UnwrapStrIreplace::mutate() has #[\Override] attribute, but no matching parent method exists at line 28	cached
ok	/site/core/vendor/pestphp/pest-plugin-mutate/src/Mutators/String/UnwrapStrPad.php	0.00		cached
ok	/site/core/vendor/pestphp/pest-plugin-mutate/src/Mutators/String/UnwrapStrRepeat.php	0.00		cached
fail	/site/core/vendor/pestphp/pest-plugin-mutate/src/Mutators/String/UnwrapStrReplace.php	0.00	compile failed: Pest\Mutate\Mutators\String\UnwrapStrReplace::mutate() has #[\Override] attribute, but no matching parent method exists at line 28	cached
ok	/site/core/vendor/pestphp/pest-plugin-mutate/src/Mutators/String/UnwrapStrShuffle.php	0.00		cached
ok	/site/core/vendor/pestphp/pest-plugin-mutate/src/Mutators/String/UnwrapStripTags.php	0.00		cached
ok	/site/core/vendor/pestphp/pest-plugin-mutate/src/Mutators/String/UnwrapStrrev.php	0.00		cached
ok	/site/core/vendor/pestphp/pest-plugin-mutate/src/Mutators/String/UnwrapStrtolower.php	0.00		cached
ok	/site/core/vendor/pestphp/pest-plugin-mutate/src/Mutators/String/UnwrapStrtoupper.php	0.00		cached
ok	/site/core/vendor/pestphp/pest-plugin-mutate/src/Mutators/String/UnwrapSubstr.php	0.00		cached
ok	/site/core/vendor/pestphp/pest-plugin-mutate/src/Mutators/String/UnwrapTrim.php	0.00		cached
ok	/site/core/vendor/pestphp/pest-plugin-mutate/src/Mutators/String/UnwrapUcfirst.php	0.00		cached
ok	/site/core/vendor/pestphp/pest-plugin-mutate/src/Mutators/String/UnwrapUcwords.php	0.00		cached
ok	/site/core/vendor/pestphp/pest-plugin-mutate/src/Mutators/String/UnwrapWordwrap.php	0.00		cached
fail	/site/core/vendor/pestphp/pest-plugin-mutate/src/Mutators/Visibility/ConstantProtectedToPrivate.php	0.00	compile failed: Pest\Mutate\Mutators\Visibility\ConstantProtectedToPrivate::can() has #[\Override] attribute, but no matching parent method exists at line 30	cached
fail	/site/core/vendor/pestphp/pest-plugin-mutate/src/Mutators/Visibility/ConstantPublicToProtected.php	0.00	compile failed: Pest\Mutate\Mutators\Visibility\ConstantPublicToProtected::can() has #[\Override] attribute, but no matching parent method exists at line 30	cached
fail	/site/core/vendor/pestphp/pest-plugin-mutate/src/Mutators/Visibility/FunctionProtectedToPrivate.php	0.00	compile failed: Pest\Mutate\Mutators\Visibility\FunctionProtectedToPrivate::can() has #[\Override] attribute, but no matching parent method exists at line 32	cached
fail	/site/core/vendor/pestphp/pest-plugin-mutate/src/Mutators/Visibility/FunctionPublicToProtected.php	0.00	compile failed: Pest\Mutate\Mutators\Visibility\FunctionPublicToProtected::can() has #[\Override] attribute, but no matching parent method exists at line 32	cached
fail	/site/core/vendor/pestphp/pest-plugin-mutate/src/Mutators/Visibility/PropertyProtectedToPrivate.php	0.00	compile failed: Pest\Mutate\Mutators\Visibility\PropertyProtectedToPrivate::can() has #[\Override] attribute, but no matching parent method exists at line 30	cached
fail	/site/core/vendor/pestphp/pest-plugin-mutate/src/Mutators/Visibility/PropertyPublicToProtected.php	0.00	compile failed: Pest\Mutate\Mutators\Visibility\PropertyPublicToProtected::can() has #[\Override] attribute, but no matching parent method exists at line 30	cached
ok	/site/core/vendor/pestphp/pest-plugin-mutate/src/Options/BailOption.php	0.00		cached
ok	/site/core/vendor/pestphp/pest-plugin-mutate/src/Options/ClassOption.php	0.00		cached
ok	/site/core/vendor/pestphp/pest-plugin-mutate/src/Options/ClearCacheOption.php	0.00		cached
ok	/site/core/vendor/pestphp/pest-plugin-mutate/src/Options/CoveredOnlyOption.php	0.00		cached
ok	/site/core/vendor/pestphp/pest-plugin-mutate/src/Options/EverythingOption.php	0.00		cached
ok	/site/core/vendor/pestphp/pest-plugin-mutate/src/Options/ExceptOption.php	0.00		cached
ok	/site/core/vendor/pestphp/pest-plugin-mutate/src/Options/IgnoreMinScoreOnZeroMutationsOption.php	0.00		cached
ok	/site/core/vendor/pestphp/pest-plugin-mutate/src/Options/IgnoreOption.php	0.00		cached
ok	/site/core/vendor/pestphp/pest-plugin-mutate/src/Options/MinScoreOption.php	0.00		cached
ok	/site/core/vendor/pestphp/pest-plugin-mutate/src/Options/MutateOption.php	0.00		cached
ok	/site/core/vendor/pestphp/pest-plugin-mutate/src/Options/MutationIdOption.php	0.00		cached
ok	/site/core/vendor/pestphp/pest-plugin-mutate/src/Options/MutatorsOption.php	0.00		cached
ok	/site/core/vendor/pestphp/pest-plugin-mutate/src/Options/NoCacheOption.php	0.00		cached
ok	/site/core/vendor/pestphp/pest-plugin-mutate/src/Options/ParallelOption.php	0.00		cached
ok	/site/core/vendor/pestphp/pest-plugin-mutate/src/Options/PathOption.php	0.00		cached
ok	/site/core/vendor/pestphp/pest-plugin-mutate/src/Options/ProcessesOption.php	0.00		cached
ok	/site/core/vendor/pestphp/pest-plugin-mutate/src/Options/ProfileOption.php	0.00		cached
ok	/site/core/vendor/pestphp/pest-plugin-mutate/src/Options/RetryOption.php	0.00		cached
ok	/site/core/vendor/pestphp/pest-plugin-mutate/src/Options/StopOnUncoveredOption.php	0.00		cached
ok	/site/core/vendor/pestphp/pest-plugin-mutate/src/Options/StopOnUntestedOption.php	0.00		cached
ok	/site/core/vendor/pestphp/pest-plugin-mutate/src/Plugins/Mutate.php	0.00		cached
ok	/site/core/vendor/pestphp/pest-plugin-mutate/src/Repositories/ConfigurationRepository.php	0.00		cached
ok	/site/core/vendor/pestphp/pest-plugin-mutate/src/Repositories/MutationRepository.php	0.00		cached
ok	/site/core/vendor/pestphp/pest-plugin-mutate/src/Repositories/TelemetryRepository.php	0.00		cached
ok	/site/core/vendor/pestphp/pest-plugin-mutate/src/Subscribers/DisplayInitialTestRunMessage.php	0.00		cached
ok	/site/core/vendor/pestphp/pest-plugin-mutate/src/Subscribers/EnsureInitialTestRunWasSuccessful.php	0.00		cached
ok	/site/core/vendor/pestphp/pest-plugin-mutate/src/Subscribers/PrepareForInitialTestRun.php	0.00		cached
ok	/site/core/vendor/pestphp/pest-plugin-mutate/src/Subscribers/PrinterSubscriber.php	0.00		cached
ok	/site/core/vendor/pestphp/pest-plugin-mutate/src/Subscribers/StopOnUncoveredMutation.php	0.00		cached
ok	/site/core/vendor/pestphp/pest-plugin-mutate/src/Subscribers/StopOnUntestedMutation.php	0.00		cached
ok	/site/core/vendor/pestphp/pest-plugin-mutate/src/Subscribers/TrackMutationSuiteFinish.php	0.00		cached
ok	/site/core/vendor/pestphp/pest-plugin-mutate/src/Subscribers/TrackMutationSuiteStart.php	0.00		cached
ok	/site/core/vendor/pestphp/pest-plugin-mutate/src/Support/Configuration/AbstractConfiguration.php	0.00		cached
ok	/site/core/vendor/pestphp/pest-plugin-mutate/src/Support/Configuration/CliConfiguration.php	0.00		cached
ok	/site/core/vendor/pestphp/pest-plugin-mutate/src/Support/Configuration/Configuration.php	0.00		cached
ok	/site/core/vendor/pestphp/pest-plugin-mutate/src/Support/Configuration/GlobalConfiguration.php	0.00		cached
ok	/site/core/vendor/pestphp/pest-plugin-mutate/src/Support/Configuration/TestConfiguration.php	0.00		cached
ok	/site/core/vendor/pestphp/pest-plugin-mutate/src/Support/DocGenerator.php	0.00		cached
ok	/site/core/vendor/pestphp/pest-plugin-mutate/src/Support/FileFinder.php	0.00		cached
ok	/site/core/vendor/pestphp/pest-plugin-mutate/src/Support/MutationCache.php	0.00		cached
ok	/site/core/vendor/pestphp/pest-plugin-mutate/src/Support/MutationGenerator.php	0.00		cached
ok	/site/core/vendor/pestphp/pest-plugin-mutate/src/Support/MutationTestResult.php	0.00		cached
ok	/site/core/vendor/pestphp/pest-plugin-mutate/src/Support/MutatorMap.php	0.00		cached
ok	/site/core/vendor/pestphp/pest-plugin-mutate/src/Support/NodeVisitor.php	0.00		cached
ok	/site/core/vendor/pestphp/pest-plugin-mutate/src/Support/PhpParserFactory.php	0.00		cached
ok	/site/core/vendor/pestphp/pest-plugin-mutate/src/Support/Printers/DefaultPrinter.php	0.00		cached
ok	/site/core/vendor/pestphp/pest-plugin-mutate/src/Support/ResultCache.php	0.00		cached
ok	/site/core/vendor/pestphp/pest-plugin-mutate/src/Support/StreamWrapper.php	0.00		cached
ok	/site/core/vendor/pestphp/pest-plugin-mutate/src/Tester/MutationTestRunner.php	0.00		cached
ok	/site/core/vendor/pestphp/pest-plugin-mutate/src/Tester/MutationTestRunnerFake.php	0.00		cached
ok	/site/core/vendor/pestphp/pest-plugin-profanity/src/Analyser.php	0.00		cached
ok	/site/core/vendor/pestphp/pest-plugin-profanity/src/Config/profanities/ar.php	0.00		cached
ok	/site/core/vendor/pestphp/pest-plugin-profanity/src/Config/profanities/da.php	0.00		cached
ok	/site/core/vendor/pestphp/pest-plugin-profanity/src/Config/profanities/de.php	0.00		cached
ok	/site/core/vendor/pestphp/pest-plugin-profanity/src/Config/profanities/en.php	0.00		cached
ok	/site/core/vendor/pestphp/pest-plugin-profanity/src/Config/profanities/es.php	0.00		cached
ok	/site/core/vendor/pestphp/pest-plugin-profanity/src/Config/profanities/fr.php	0.00		cached
ok	/site/core/vendor/pestphp/pest-plugin-profanity/src/Config/profanities/it.php	0.00		cached
ok	/site/core/vendor/pestphp/pest-plugin-profanity/src/Config/profanities/ja.php	0.00		cached
ok	/site/core/vendor/pestphp/pest-plugin-profanity/src/Config/profanities/nl.php	0.00		cached
ok	/site/core/vendor/pestphp/pest-plugin-profanity/src/Config/profanities/pt_BR.php	0.00		cached
ok	/site/core/vendor/pestphp/pest-plugin-profanity/src/Config/profanities/ru.php	0.00		cached
ok	/site/core/vendor/pestphp/pest-plugin-profanity/src/Config/profanities/zh_CN.php	0.00		cached
ok	/site/core/vendor/pestphp/pest-plugin-profanity/src/Config/profanities/zh_TW.php	0.00		cached
ok	/site/core/vendor/pestphp/pest-plugin-profanity/src/Contracts/Logger.php	0.00		cached
ok	/site/core/vendor/pestphp/pest-plugin-profanity/src/Error.php	0.00		cached
ok	/site/core/vendor/pestphp/pest-plugin-profanity/src/Logging/JsonLogger.php	0.00		cached
ok	/site/core/vendor/pestphp/pest-plugin-profanity/src/Logging/NullLogger.php	0.00		cached
ok	/site/core/vendor/pestphp/pest-plugin-profanity/src/Output.php	0.00		cached
ok	/site/core/vendor/pestphp/pest-plugin-profanity/src/Plugin.php	0.00		cached
ok	/site/core/vendor/pestphp/pest-plugin-profanity/src/ProfanityAnalyser.php	0.00		cached
ok	/site/core/vendor/pestphp/pest-plugin-profanity/src/Result.php	0.00		cached
ok	/site/core/vendor/pestphp/pest-plugin-profanity/src/Support/ConfigurationSourceDetector.php	0.00		cached
ok	/site/core/vendor/pestphp/pest-plugin-profanity/src/Support/Russian.php	0.00		cached
ok	/site/core/vendor/pestphp/pest-plugin-profanity/src/Validator.php	0.00		cached
ok	/site/core/vendor/pestphp/pest-plugin/src/Commands/DumpCommand.php	0.00		cached
ok	/site/core/vendor/pestphp/pest-plugin/src/Loader.php	0.00		cached
ok	/site/core/vendor/pestphp/pest-plugin/src/Manager.php	0.00		cached
ok	/site/core/vendor/pestphp/pest-plugin/src/PestCommandProvider.php	0.00		cached
ok	/site/core/vendor/pestphp/pest/bin/worker.php	0.00		cached
ok	/site/core/vendor/pestphp/pest/overrides/Event/Value/ThrowableBuilder.php	0.00		cached
ok	/site/core/vendor/pestphp/pest/overrides/Logging/JUnit/JunitXmlLogger.php	0.00		cached
ok	/site/core/vendor/pestphp/pest/overrides/Runner/Filter/NameFilterIterator.php	0.00		cached
ok	/site/core/vendor/pestphp/pest/overrides/Runner/ResultCache/DefaultResultCache.php	0.00		cached
ok	/site/core/vendor/pestphp/pest/overrides/Runner/TestSuiteLoader.php	0.00		cached
ok	/site/core/vendor/pestphp/pest/overrides/Runner/TestSuiteSorter.php	0.00		cached
ok	/site/core/vendor/pestphp/pest/overrides/TextUI/Command/Commands/WarmCodeCoverageCacheCommand.php	0.00		cached
ok	/site/core/vendor/pestphp/pest/overrides/TextUI/Output/Default/ProgressPrinter/Subscriber/TestSkippedSubscriber.php	0.00		cached
ok	/site/core/vendor/pestphp/pest/overrides/TextUI/TestSuiteFilterProcessor.php	0.00		cached
fail	/site/core/vendor/pestphp/pest/resources/views/components/badge.php	0.00	/site/core/vendor/pestphp/pest/resources/views/components/badge.php: parse failed: expected ';' after echo at line 15, column 56	cached
ok	/site/core/vendor/pestphp/pest/resources/views/components/new-line.php	0.00		cached
fail	/site/core/vendor/pestphp/pest/resources/views/components/two-column-detail.php	0.00	/site/core/vendor/pestphp/pest/resources/views/components/two-column-detail.php: parse failed: expected ';' after echo at line 3, column 44	cached
ok	/site/core/vendor/pestphp/pest/resources/views/installers/plugin-browser.php	0.00		cached
fail	/site/core/vendor/pestphp/pest/resources/views/usage.php	0.00	/site/core/vendor/pestphp/pest/resources/views/usage.php: parse failed: expected ';' after echo at line 2, column 151	cached
fail	/site/core/vendor/pestphp/pest/resources/views/version.php	0.00	/site/core/vendor/pestphp/pest/resources/views/version.php: parse failed: expected ';' after echo at line 2, column 117	cached
ok	/site/core/vendor/pestphp/pest/src/ArchPresets/AbstractPreset.php	0.00		cached
ok	/site/core/vendor/pestphp/pest/src/ArchPresets/Custom.php	0.00		cached
ok	/site/core/vendor/pestphp/pest/src/ArchPresets/Laravel.php	0.00		cached
ok	/site/core/vendor/pestphp/pest/src/ArchPresets/Php.php	0.00		cached
ok	/site/core/vendor/pestphp/pest/src/ArchPresets/Relaxed.php	0.00		cached
ok	/site/core/vendor/pestphp/pest/src/ArchPresets/Security.php	0.00		cached
ok	/site/core/vendor/pestphp/pest/src/ArchPresets/Strict.php	0.00		cached
ok	/site/core/vendor/pestphp/pest/src/Bootstrappers/BootExcludeList.php	0.00		cached
ok	/site/core/vendor/pestphp/pest/src/Bootstrappers/BootFiles.php	0.00		cached
ok	/site/core/vendor/pestphp/pest/src/Bootstrappers/BootKernelDump.php	0.00		cached
ok	/site/core/vendor/pestphp/pest/src/Bootstrappers/BootOverrides.php	0.00		cached
ok	/site/core/vendor/pestphp/pest/src/Bootstrappers/BootSubscribers.php	0.00		cached
ok	/site/core/vendor/pestphp/pest/src/Bootstrappers/BootView.php	0.00		cached
ok	/site/core/vendor/pestphp/pest/src/Collision/Events.php	0.00		cached
ok	/site/core/vendor/pestphp/pest/src/Concerns/Expectable.php	0.00		cached
ok	/site/core/vendor/pestphp/pest/src/Concerns/Extendable.php	0.00		cached
ok	/site/core/vendor/pestphp/pest/src/Concerns/Logging/WritesToConsole.php	0.00		cached
ok	/site/core/vendor/pestphp/pest/src/Concerns/Pipeable.php	0.00		cached
ok	/site/core/vendor/pestphp/pest/src/Concerns/Retrievable.php	0.00		cached
ok	/site/core/vendor/pestphp/pest/src/Concerns/Testable.php	0.00		cached
ok	/site/core/vendor/pestphp/pest/src/Configuration.php	0.00		cached
ok	/site/core/vendor/pestphp/pest/src/Configuration/Presets.php	0.00		cached
ok	/site/core/vendor/pestphp/pest/src/Configuration/Printer.php	0.00		cached
ok	/site/core/vendor/pestphp/pest/src/Configuration/Project.php	0.00		cached
ok	/site/core/vendor/pestphp/pest/src/Console/Help.php	0.00		cached
ok	/site/core/vendor/pestphp/pest/src/Console/Thanks.php	0.00		cached
ok	/site/core/vendor/pestphp/pest/src/Contracts/ArchPreset.php	0.00		cached
ok	/site/core/vendor/pestphp/pest/src/Contracts/Bootstrapper.php	0.00		cached
ok	/site/core/vendor/pestphp/pest/src/Contracts/HasPrintableTestCaseName.php	0.00		cached
ok	/site/core/vendor/pestphp/pest/src/Contracts/Panicable.php	0.00		cached
ok	/site/core/vendor/pestphp/pest/src/Contracts/Plugins/AddsOutput.php	0.00		cached
ok	/site/core/vendor/pestphp/pest/src/Contracts/Plugins/Bootable.php	0.00		cached
ok	/site/core/vendor/pestphp/pest/src/Contracts/Plugins/HandlesArguments.php	0.00		cached
ok	/site/core/vendor/pestphp/pest/src/Contracts/Plugins/HandlesOriginalArguments.php	0.00		cached
ok	/site/core/vendor/pestphp/pest/src/Contracts/Plugins/Terminable.php	0.00		cached
ok	/site/core/vendor/pestphp/pest/src/Contracts/TestCaseFilter.php	0.00		cached
ok	/site/core/vendor/pestphp/pest/src/Contracts/TestCaseMethodFilter.php	0.00		cached
ok	/site/core/vendor/pestphp/pest/src/Evaluators/Attributes.php	0.00		cached
ok	/site/core/vendor/pestphp/pest/src/Exceptions/AfterAllAlreadyExist.php	0.00		cached
ok	/site/core/vendor/pestphp/pest/src/Exceptions/AfterAllWithinDescribe.php	0.00		cached
ok	/site/core/vendor/pestphp/pest/src/Exceptions/AfterBeforeTestFunction.php	0.00		cached
ok	/site/core/vendor/pestphp/pest/src/Exceptions/BeforeAllAlreadyExist.php	0.00		cached
ok	/site/core/vendor/pestphp/pest/src/Exceptions/BeforeAllWithinDescribe.php	0.00		cached
ok	/site/core/vendor/pestphp/pest/src/Exceptions/DatasetAlreadyExists.php	0.00		cached
ok	/site/core/vendor/pestphp/pest/src/Exceptions/DatasetArgumentsMismatch.php	0.00		cached
ok	/site/core/vendor/pestphp/pest/src/Exceptions/DatasetDoesNotExist.php	0.00		cached
ok	/site/core/vendor/pestphp/pest/src/Exceptions/DatasetMissing.php	0.00		cached
ok	/site/core/vendor/pestphp/pest/src/Exceptions/DatasetProviderError.php	0.00		cached
ok	/site/core/vendor/pestphp/pest/src/Exceptions/ExpectationNotFound.php	0.00		cached
ok	/site/core/vendor/pestphp/pest/src/Exceptions/FatalException.php	0.00		cached
ok	/site/core/vendor/pestphp/pest/src/Exceptions/FileOrFolderNotFound.php	0.00		cached
ok	/site/core/vendor/pestphp/pest/src/Exceptions/InvalidArgumentException.php	0.00		cached
ok	/site/core/vendor/pestphp/pest/src/Exceptions/InvalidExpectation.php	0.00		cached
ok	/site/core/vendor/pestphp/pest/src/Exceptions/InvalidExpectationValue.php	0.00		cached
ok	/site/core/vendor/pestphp/pest/src/Exceptions/InvalidOption.php	0.00		cached
ok	/site/core/vendor/pestphp/pest/src/Exceptions/InvalidPestCommand.php	0.00		cached
ok	/site/core/vendor/pestphp/pest/src/Exceptions/MissingDependency.php	0.00		cached
ok	/site/core/vendor/pestphp/pest/src/Exceptions/NoDirtyTestsFound.php	0.00		cached
ok	/site/core/vendor/pestphp/pest/src/Exceptions/ShouldNotHappen.php	0.00		cached
ok	/site/core/vendor/pestphp/pest/src/Exceptions/TestAlreadyExist.php	0.00		cached
ok	/site/core/vendor/pestphp/pest/src/Exceptions/TestCaseAlreadyInUse.php	0.00		cached
ok	/site/core/vendor/pestphp/pest/src/Exceptions/TestCaseClassOrTraitNotFound.php	0.00		cached
ok	/site/core/vendor/pestphp/pest/src/Exceptions/TestClosureMustNotBeStatic.php	0.00		cached
ok	/site/core/vendor/pestphp/pest/src/Exceptions/TestDescriptionMissing.php	0.00		cached
ok	/site/core/vendor/pestphp/pest/src/Expectation.php	0.00		cached
ok	/site/core/vendor/pestphp/pest/src/Expectations/EachExpectation.php	0.00		cached
ok	/site/core/vendor/pestphp/pest/src/Expectations/HigherOrderExpectation.php	0.00		cached
ok	/site/core/vendor/pestphp/pest/src/Expectations/OppositeExpectation.php	0.00		cached
ok	/site/core/vendor/pestphp/pest/src/Factories/Attribute.php	0.00		cached
ok	/site/core/vendor/pestphp/pest/src/Factories/Concerns/HigherOrderable.php	0.00		cached
ok	/site/core/vendor/pestphp/pest/src/Factories/Covers/CoversClass.php	0.00		cached
ok	/site/core/vendor/pestphp/pest/src/Factories/Covers/CoversFunction.php	0.00		cached
ok	/site/core/vendor/pestphp/pest/src/Factories/TestCaseFactory.php	0.00		cached
ok	/site/core/vendor/pestphp/pest/src/Factories/TestCaseMethodFactory.php	0.00		cached
ok	/site/core/vendor/pestphp/pest/src/Functions.php	0.00		cached
ok	/site/core/vendor/pestphp/pest/src/Installers/PluginBrowser.php	0.00		cached
ok	/site/core/vendor/pestphp/pest/src/Kernel.php	0.00		cached
ok	/site/core/vendor/pestphp/pest/src/KernelDump.php	0.00		cached
ok	/site/core/vendor/pestphp/pest/src/Logging/Converter.php	0.00		cached
ok	/site/core/vendor/pestphp/pest/src/Logging/TeamCity/ServiceMessage.php	0.00		cached
ok	/site/core/vendor/pestphp/pest/src/Logging/TeamCity/Subscriber/Subscriber.php	0.00		cached
ok	/site/core/vendor/pestphp/pest/src/Logging/TeamCity/Subscriber/TestConsideredRiskySubscriber.php	0.00		cached
ok	/site/core/vendor/pestphp/pest/src/Logging/TeamCity/Subscriber/TestErroredSubscriber.php	0.00		cached
ok	/site/core/vendor/pestphp/pest/src/Logging/TeamCity/Subscriber/TestExecutionFinishedSubscriber.php	0.00		cached
ok	/site/core/vendor/pestphp/pest/src/Logging/TeamCity/Subscriber/TestFailedSubscriber.php	0.00		cached
ok	/site/core/vendor/pestphp/pest/src/Logging/TeamCity/Subscriber/TestFinishedSubscriber.php	0.00		cached
ok	/site/core/vendor/pestphp/pest/src/Logging/TeamCity/Subscriber/TestPreparedSubscriber.php	0.00		cached
ok	/site/core/vendor/pestphp/pest/src/Logging/TeamCity/Subscriber/TestSkippedSubscriber.php	0.00		cached
ok	/site/core/vendor/pestphp/pest/src/Logging/TeamCity/Subscriber/TestSuiteFinishedSubscriber.php	0.00		cached
ok	/site/core/vendor/pestphp/pest/src/Logging/TeamCity/Subscriber/TestSuiteStartedSubscriber.php	0.00		cached
ok	/site/core/vendor/pestphp/pest/src/Logging/TeamCity/TeamCityLogger.php	0.00		cached
ok	/site/core/vendor/pestphp/pest/src/Matchers/Any.php	0.00		cached
ok	/site/core/vendor/pestphp/pest/src/Mixins/Expectation.php	0.00		cached
ok	/site/core/vendor/pestphp/pest/src/PHPStan/HigherOrderExpectationTypeExtension.php	0.00		cached
ok	/site/core/vendor/pestphp/pest/src/Panic.php	0.00		cached
ok	/site/core/vendor/pestphp/pest/src/PendingCalls/AfterEachCall.php	0.00		cached
ok	/site/core/vendor/pestphp/pest/src/PendingCalls/BeforeEachCall.php	0.00		cached
ok	/site/core/vendor/pestphp/pest/src/PendingCalls/Concerns/Describable.php	0.00		cached
ok	/site/core/vendor/pestphp/pest/src/PendingCalls/DescribeCall.php	0.00		cached
ok	/site/core/vendor/pestphp/pest/src/PendingCalls/TestCall.php	0.00		cached
ok	/site/core/vendor/pestphp/pest/src/PendingCalls/UsesCall.php	0.00		cached
ok	/site/core/vendor/pestphp/pest/src/Pest.php	0.00		cached
ok	/site/core/vendor/pestphp/pest/src/Plugin.php	0.00		cached
ok	/site/core/vendor/pestphp/pest/src/Plugins/Actions/CallsAddsOutput.php	0.00		cached
ok	/site/core/vendor/pestphp/pest/src/Plugins/Actions/CallsBoot.php	0.00		cached
ok	/site/core/vendor/pestphp/pest/src/Plugins/Actions/CallsHandleArguments.php	0.00		cached
ok	/site/core/vendor/pestphp/pest/src/Plugins/Actions/CallsHandleOriginalArguments.php	0.00		cached
ok	/site/core/vendor/pestphp/pest/src/Plugins/Actions/CallsTerminable.php	0.00		cached
ok	/site/core/vendor/pestphp/pest/src/Plugins/Bail.php	0.00		cached
ok	/site/core/vendor/pestphp/pest/src/Plugins/Cache.php	0.00		cached
ok	/site/core/vendor/pestphp/pest/src/Plugins/Concerns/HandleArguments.php	0.00		cached
ok	/site/core/vendor/pestphp/pest/src/Plugins/Configuration.php	0.00		cached
ok	/site/core/vendor/pestphp/pest/src/Plugins/Coverage.php	0.00		cached
ok	/site/core/vendor/pestphp/pest/src/Plugins/Environment.php	0.00		cached
ok	/site/core/vendor/pestphp/pest/src/Plugins/Help.php	0.00		cached
ok	/site/core/vendor/pestphp/pest/src/Plugins/Init.php	0.00		cached
ok	/site/core/vendor/pestphp/pest/src/Plugins/Memory.php	0.00		cached
ok	/site/core/vendor/pestphp/pest/src/Plugins/Only.php	0.00		cached
ok	/site/core/vendor/pestphp/pest/src/Plugins/Parallel.php	0.00		cached
ok	/site/core/vendor/pestphp/pest/src/Plugins/Parallel/Contracts/HandlersWorkerArguments.php	0.00		cached
ok	/site/core/vendor/pestphp/pest/src/Plugins/Parallel/Handlers/Laravel.php	0.00		cached
ok	/site/core/vendor/pestphp/pest/src/Plugins/Parallel/Handlers/Parallel.php	0.00		cached
ok	/site/core/vendor/pestphp/pest/src/Plugins/Parallel/Handlers/Pest.php	0.00		cached
fail	/site/core/vendor/pestphp/pest/src/Plugins/Parallel/Paratest/CleanConsoleOutput.php	0.00	compile failed: Pest\Plugins\Parallel\Paratest\CleanConsoleOutput::doWrite() has #[\Override] attribute, but no matching parent method exists at line 15	cached
fail	/site/core/vendor/pestphp/pest/src/Plugins/Parallel/Paratest/ResultPrinter.php	0.00	compile failed: lazy body /site/core/vendor/pestphp/pest/src/Plugins/Parallel/Paratest/ResultPrinter.php:61 [{         $this->printer = new readonly class($this->output) implements Printer         {             public function __]: expected ';' after expression at line 62, column 39	cached
ok	/site/core/vendor/pestphp/pest/src/Plugins/Parallel/Paratest/WrapperRunner.php	0.00		cached
ok	/site/core/vendor/pestphp/pest/src/Plugins/Parallel/Support/CompactPrinter.php	0.00		cached
ok	/site/core/vendor/pestphp/pest/src/Plugins/Printer.php	0.00		cached
ok	/site/core/vendor/pestphp/pest/src/Plugins/ProcessIsolation.php	0.00		cached
ok	/site/core/vendor/pestphp/pest/src/Plugins/Profile.php	0.00		cached
ok	/site/core/vendor/pestphp/pest/src/Plugins/Retry.php	0.00		cached
ok	/site/core/vendor/pestphp/pest/src/Plugins/Shard.php	0.00		cached
ok	/site/core/vendor/pestphp/pest/src/Plugins/Snapshot.php	0.00		cached
ok	/site/core/vendor/pestphp/pest/src/Plugins/Verbose.php	0.00		cached
ok	/site/core/vendor/pestphp/pest/src/Plugins/Version.php	0.00		cached
ok	/site/core/vendor/pestphp/pest/src/Preset.php	0.00		cached
ok	/site/core/vendor/pestphp/pest/src/Repositories/AfterAllRepository.php	0.00		cached
ok	/site/core/vendor/pestphp/pest/src/Repositories/AfterEachRepository.php	0.00		cached
ok	/site/core/vendor/pestphp/pest/src/Repositories/BeforeAllRepository.php	0.00		cached
ok	/site/core/vendor/pestphp/pest/src/Repositories/BeforeEachRepository.php	0.00		cached
ok	/site/core/vendor/pestphp/pest/src/Repositories/DatasetsRepository.php	0.00		cached
ok	/site/core/vendor/pestphp/pest/src/Repositories/SnapshotRepository.php	0.00		cached
ok	/site/core/vendor/pestphp/pest/src/Repositories/TestRepository.php	0.00		cached
ok	/site/core/vendor/pestphp/pest/src/Result.php	0.00		cached
ok	/site/core/vendor/pestphp/pest/src/Runner/Filter/EnsureTestCaseIsInitiatedFilter.php	0.00		cached
ok	/site/core/vendor/pestphp/pest/src/Subscribers/EnsureConfigurationIsAvailable.php	0.00		cached
ok	/site/core/vendor/pestphp/pest/src/Subscribers/EnsureIgnorableTestCasesAreIgnored.php	0.00		cached
ok	/site/core/vendor/pestphp/pest/src/Subscribers/EnsureKernelDumpIsFlushed.php	0.00		cached
ok	/site/core/vendor/pestphp/pest/src/Subscribers/EnsureShardTimingFinished.php	0.00		cached
ok	/site/core/vendor/pestphp/pest/src/Subscribers/EnsureShardTimingStarted.php	0.00		cached
ok	/site/core/vendor/pestphp/pest/src/Subscribers/EnsureShardTimingsAreCollected.php	0.00		cached
ok	/site/core/vendor/pestphp/pest/src/Subscribers/EnsureTeamCityEnabled.php	0.00		cached
ok	/site/core/vendor/pestphp/pest/src/Support/Arr.php	0.00		cached
ok	/site/core/vendor/pestphp/pest/src/Support/Backtrace.php	0.00		cached
ok	/site/core/vendor/pestphp/pest/src/Support/ChainableClosure.php	0.00		cached
ok	/site/core/vendor/pestphp/pest/src/Support/Closure.php	0.00		cached
ok	/site/core/vendor/pestphp/pest/src/Support/Container.php	0.00		cached
ok	/site/core/vendor/pestphp/pest/src/Support/Coverage.php	0.00		cached
ok	/site/core/vendor/pestphp/pest/src/Support/DatasetInfo.php	0.00		cached
ok	/site/core/vendor/pestphp/pest/src/Support/Description.php	0.00		cached
ok	/site/core/vendor/pestphp/pest/src/Support/ExceptionTrace.php	0.00		cached
ok	/site/core/vendor/pestphp/pest/src/Support/ExpectationPipeline.php	0.00		cached
ok	/site/core/vendor/pestphp/pest/src/Support/Exporter.php	0.00		cached
ok	/site/core/vendor/pestphp/pest/src/Support/HigherOrderCallables.php	0.00		cached
ok	/site/core/vendor/pestphp/pest/src/Support/HigherOrderMessage.php	0.00		cached
ok	/site/core/vendor/pestphp/pest/src/Support/HigherOrderMessageCollection.php	0.00		cached
ok	/site/core/vendor/pestphp/pest/src/Support/HigherOrderTapProxy.php	0.00		cached
ok	/site/core/vendor/pestphp/pest/src/Support/NullClosure.php	0.00		cached
ok	/site/core/vendor/pestphp/pest/src/Support/Reflection.php	0.00		cached
ok	/site/core/vendor/pestphp/pest/src/Support/Shell.php	0.00		cached
ok	/site/core/vendor/pestphp/pest/src/Support/StateGenerator.php	0.00		cached
ok	/site/core/vendor/pestphp/pest/src/Support/Str.php	0.00		cached
ok	/site/core/vendor/pestphp/pest/src/Support/View.php	0.00		cached
ok	/site/core/vendor/pestphp/pest/src/TestCaseFilters/GitDirtyTestCaseFilter.php	0.00		cached
ok	/site/core/vendor/pestphp/pest/src/TestCaseMethodFilters/AssigneeTestCaseFilter.php	0.00		cached
ok	/site/core/vendor/pestphp/pest/src/TestCaseMethodFilters/FlakyTestCaseFilter.php	0.00		cached
ok	/site/core/vendor/pestphp/pest/src/TestCaseMethodFilters/IssueTestCaseFilter.php	0.00		cached
ok	/site/core/vendor/pestphp/pest/src/TestCaseMethodFilters/NotesTestCaseFilter.php	0.00		cached
ok	/site/core/vendor/pestphp/pest/src/TestCaseMethodFilters/PrTestCaseFilter.php	0.00		cached
ok	/site/core/vendor/pestphp/pest/src/TestCaseMethodFilters/TodoTestCaseFilter.php	0.00		cached
ok	/site/core/vendor/pestphp/pest/src/TestCases/IgnorableTestCase.php	0.00		cached
ok	/site/core/vendor/pestphp/pest/src/TestSuite.php	0.00		cached
ok	/site/core/vendor/pestphp/pest/stubs/Browser.php	0.00		cached
ok	/site/core/vendor/pestphp/pest/stubs/Dataset.php	0.00		cached
ok	/site/core/vendor/pestphp/pest/stubs/Feature.php	0.00		cached
ok	/site/core/vendor/pestphp/pest/stubs/Unit.php	0.00		cached
ok	/site/core/vendor/pestphp/pest/tests-external/Features/Expect/toMatchSnapshot.php	0.00		cached
ok	/site/core/vendor/phar-io/manifest/.php-cs-fixer.dist.php	0.00		cached
ok	/site/core/vendor/phar-io/manifest/src/ManifestDocumentMapper.php	0.00		cached
ok	/site/core/vendor/phar-io/manifest/src/ManifestLoader.php	0.00		cached
ok	/site/core/vendor/phar-io/manifest/src/ManifestSerializer.php	0.00		cached
ok	/site/core/vendor/phar-io/manifest/src/exceptions/ElementCollectionException.php	0.00		cached
ok	/site/core/vendor/phar-io/manifest/src/exceptions/Exception.php	0.00		cached
ok	/site/core/vendor/phar-io/manifest/src/exceptions/InvalidApplicationNameException.php	0.00		cached
ok	/site/core/vendor/phar-io/manifest/src/exceptions/InvalidEmailException.php	0.00		cached
ok	/site/core/vendor/phar-io/manifest/src/exceptions/InvalidUrlException.php	0.00		cached
ok	/site/core/vendor/phar-io/manifest/src/exceptions/ManifestDocumentException.php	0.00		cached
ok	/site/core/vendor/phar-io/manifest/src/exceptions/ManifestDocumentLoadingException.php	0.00		cached
ok	/site/core/vendor/phar-io/manifest/src/exceptions/ManifestDocumentMapperException.php	0.00		cached
ok	/site/core/vendor/phar-io/manifest/src/exceptions/ManifestElementException.php	0.00		cached
ok	/site/core/vendor/phar-io/manifest/src/exceptions/ManifestLoaderException.php	0.00		cached
ok	/site/core/vendor/phar-io/manifest/src/exceptions/NoEmailAddressException.php	0.00		cached
ok	/site/core/vendor/phar-io/manifest/src/values/Application.php	0.00		cached
ok	/site/core/vendor/phar-io/manifest/src/values/ApplicationName.php	0.00		cached
ok	/site/core/vendor/phar-io/manifest/src/values/Author.php	0.00		cached
ok	/site/core/vendor/phar-io/manifest/src/values/AuthorCollection.php	0.00		cached
ok	/site/core/vendor/phar-io/manifest/src/values/AuthorCollectionIterator.php	0.00		cached
ok	/site/core/vendor/phar-io/manifest/src/values/BundledComponent.php	0.00		cached
ok	/site/core/vendor/phar-io/manifest/src/values/BundledComponentCollection.php	0.00		cached
ok	/site/core/vendor/phar-io/manifest/src/values/BundledComponentCollectionIterator.php	0.00		cached
ok	/site/core/vendor/phar-io/manifest/src/values/CopyrightInformation.php	0.00		cached
ok	/site/core/vendor/phar-io/manifest/src/values/Email.php	0.00		cached
ok	/site/core/vendor/phar-io/manifest/src/values/Extension.php	0.00		cached
ok	/site/core/vendor/phar-io/manifest/src/values/Library.php	0.00		cached
ok	/site/core/vendor/phar-io/manifest/src/values/License.php	0.00		cached
ok	/site/core/vendor/phar-io/manifest/src/values/Manifest.php	0.00		cached
ok	/site/core/vendor/phar-io/manifest/src/values/PhpExtensionRequirement.php	0.00		cached
ok	/site/core/vendor/phar-io/manifest/src/values/PhpVersionRequirement.php	0.00		cached
ok	/site/core/vendor/phar-io/manifest/src/values/Requirement.php	0.00		cached
ok	/site/core/vendor/phar-io/manifest/src/values/RequirementCollection.php	0.00		cached
ok	/site/core/vendor/phar-io/manifest/src/values/RequirementCollectionIterator.php	0.00		cached
ok	/site/core/vendor/phar-io/manifest/src/values/Type.php	0.00		cached
ok	/site/core/vendor/phar-io/manifest/src/values/Url.php	0.00		cached
ok	/site/core/vendor/phar-io/manifest/src/xml/AuthorElement.php	0.00		cached
ok	/site/core/vendor/phar-io/manifest/src/xml/AuthorElementCollection.php	0.00		cached
ok	/site/core/vendor/phar-io/manifest/src/xml/BundlesElement.php	0.00		cached
ok	/site/core/vendor/phar-io/manifest/src/xml/ComponentElement.php	0.00		cached
ok	/site/core/vendor/phar-io/manifest/src/xml/ComponentElementCollection.php	0.00		cached
ok	/site/core/vendor/phar-io/manifest/src/xml/ContainsElement.php	0.00		cached
ok	/site/core/vendor/phar-io/manifest/src/xml/CopyrightElement.php	0.00		cached
ok	/site/core/vendor/phar-io/manifest/src/xml/ElementCollection.php	0.00		cached
ok	/site/core/vendor/phar-io/manifest/src/xml/ExtElement.php	0.00		cached
ok	/site/core/vendor/phar-io/manifest/src/xml/ExtElementCollection.php	0.00		cached
ok	/site/core/vendor/phar-io/manifest/src/xml/ExtensionElement.php	0.00		cached
ok	/site/core/vendor/phar-io/manifest/src/xml/LicenseElement.php	0.00		cached
ok	/site/core/vendor/phar-io/manifest/src/xml/ManifestDocument.php	0.00		cached
ok	/site/core/vendor/phar-io/manifest/src/xml/ManifestElement.php	0.00		cached
ok	/site/core/vendor/phar-io/manifest/src/xml/PhpElement.php	0.00		cached
ok	/site/core/vendor/phar-io/manifest/src/xml/RequiresElement.php	0.00		cached
ok	/site/core/vendor/phar-io/manifest/tools/php-cs-fixer.d/PhpdocSingleLineVarFixer.php	0.00		cached
ok	/site/core/vendor/phar-io/version/src/BuildMetaData.php	0.00		cached
ok	/site/core/vendor/phar-io/version/src/PreReleaseSuffix.php	0.00		cached
ok	/site/core/vendor/phar-io/version/src/Version.php	0.00		cached
ok	/site/core/vendor/phar-io/version/src/VersionConstraintParser.php	0.00		cached
ok	/site/core/vendor/phar-io/version/src/VersionConstraintValue.php	0.00		cached
ok	/site/core/vendor/phar-io/version/src/VersionNumber.php	0.00		cached
ok	/site/core/vendor/phar-io/version/src/constraints/AbstractVersionConstraint.php	0.00		cached
ok	/site/core/vendor/phar-io/version/src/constraints/AndVersionConstraintGroup.php	0.00		cached
ok	/site/core/vendor/phar-io/version/src/constraints/AnyVersionConstraint.php	0.00		cached
ok	/site/core/vendor/phar-io/version/src/constraints/ExactVersionConstraint.php	0.00		cached
ok	/site/core/vendor/phar-io/version/src/constraints/GreaterThanOrEqualToVersionConstraint.php	0.00		cached
ok	/site/core/vendor/phar-io/version/src/constraints/OrVersionConstraintGroup.php	0.00		cached
ok	/site/core/vendor/phar-io/version/src/constraints/SpecificMajorAndMinorVersionConstraint.php	0.00		cached
ok	/site/core/vendor/phar-io/version/src/constraints/SpecificMajorVersionConstraint.php	0.00		cached
ok	/site/core/vendor/phar-io/version/src/constraints/VersionConstraint.php	0.00		cached
ok	/site/core/vendor/phar-io/version/src/exceptions/Exception.php	0.00		cached
ok	/site/core/vendor/phar-io/version/src/exceptions/InvalidPreReleaseSuffixException.php	0.00		cached
ok	/site/core/vendor/phar-io/version/src/exceptions/InvalidVersionException.php	0.00		cached
ok	/site/core/vendor/phar-io/version/src/exceptions/NoBuildMetaDataException.php	0.00		cached
ok	/site/core/vendor/phar-io/version/src/exceptions/NoPreReleaseSuffixException.php	0.00		cached
ok	/site/core/vendor/phar-io/version/src/exceptions/UnsupportedVersionConstraintException.php	0.00		cached
ok	/site/core/vendor/phpdocumentor/reflection-common/src/Element.php	0.00		cached
ok	/site/core/vendor/phpdocumentor/reflection-common/src/File.php	0.00		cached
ok	/site/core/vendor/phpdocumentor/reflection-common/src/Fqsen.php	0.00		cached
ok	/site/core/vendor/phpdocumentor/reflection-common/src/Location.php	0.00		cached
ok	/site/core/vendor/phpdocumentor/reflection-common/src/Project.php	0.00		cached
ok	/site/core/vendor/phpdocumentor/reflection-common/src/ProjectFactory.php	0.00		cached
ok	/site/core/vendor/phpdocumentor/reflection-docblock/src/DocBlock.php	0.00		cached
ok	/site/core/vendor/phpdocumentor/reflection-docblock/src/DocBlock/Description.php	0.00		cached
ok	/site/core/vendor/phpdocumentor/reflection-docblock/src/DocBlock/DescriptionFactory.php	0.00		cached
ok	/site/core/vendor/phpdocumentor/reflection-docblock/src/DocBlock/ExampleFinder.php	0.00		cached
ok	/site/core/vendor/phpdocumentor/reflection-docblock/src/DocBlock/Serializer.php	0.00		cached
ok	/site/core/vendor/phpdocumentor/reflection-docblock/src/DocBlock/StandardTagFactory.php	0.00		cached
ok	/site/core/vendor/phpdocumentor/reflection-docblock/src/DocBlock/Tag.php	0.00		cached
ok	/site/core/vendor/phpdocumentor/reflection-docblock/src/DocBlock/TagFactory.php	0.00		cached
ok	/site/core/vendor/phpdocumentor/reflection-docblock/src/DocBlock/Tags/Author.php	0.00		cached
ok	/site/core/vendor/phpdocumentor/reflection-docblock/src/DocBlock/Tags/BaseTag.php	0.00		cached
ok	/site/core/vendor/phpdocumentor/reflection-docblock/src/DocBlock/Tags/Covers.php	0.00		cached
ok	/site/core/vendor/phpdocumentor/reflection-docblock/src/DocBlock/Tags/Deprecated.php	0.00		cached
ok	/site/core/vendor/phpdocumentor/reflection-docblock/src/DocBlock/Tags/Example.php	0.00		cached
ok	/site/core/vendor/phpdocumentor/reflection-docblock/src/DocBlock/Tags/Extends_.php	0.00		cached
ok	/site/core/vendor/phpdocumentor/reflection-docblock/src/DocBlock/Tags/Factory/AbstractPHPStanFactory.php	0.00		cached
ok	/site/core/vendor/phpdocumentor/reflection-docblock/src/DocBlock/Tags/Factory/ExtendsFactory.php	0.00		cached
ok	/site/core/vendor/phpdocumentor/reflection-docblock/src/DocBlock/Tags/Factory/Factory.php	0.00		cached
ok	/site/core/vendor/phpdocumentor/reflection-docblock/src/DocBlock/Tags/Factory/ImplementsFactory.php	0.00		cached
ok	/site/core/vendor/phpdocumentor/reflection-docblock/src/DocBlock/Tags/Factory/MethodFactory.php	0.00		cached
ok	/site/core/vendor/phpdocumentor/reflection-docblock/src/DocBlock/Tags/Factory/MethodParameterFactory.php	0.00		cached
ok	/site/core/vendor/phpdocumentor/reflection-docblock/src/DocBlock/Tags/Factory/MixinFactory.php	0.00		cached
ok	/site/core/vendor/phpdocumentor/reflection-docblock/src/DocBlock/Tags/Factory/PHPStanFactory.php	0.00		cached
ok	/site/core/vendor/phpdocumentor/reflection-docblock/src/DocBlock/Tags/Factory/ParamFactory.php	0.00		cached
ok	/site/core/vendor/phpdocumentor/reflection-docblock/src/DocBlock/Tags/Factory/PropertyFactory.php	0.00		cached
ok	/site/core/vendor/phpdocumentor/reflection-docblock/src/DocBlock/Tags/Factory/PropertyReadFactory.php	0.00		cached
ok	/site/core/vendor/phpdocumentor/reflection-docblock/src/DocBlock/Tags/Factory/PropertyWriteFactory.php	0.00		cached
ok	/site/core/vendor/phpdocumentor/reflection-docblock/src/DocBlock/Tags/Factory/ReturnFactory.php	0.00		cached
ok	/site/core/vendor/phpdocumentor/reflection-docblock/src/DocBlock/Tags/Factory/TemplateCovariantFactory.php	0.00		cached
ok	/site/core/vendor/phpdocumentor/reflection-docblock/src/DocBlock/Tags/Factory/TemplateFactory.php	0.00		cached
ok	/site/core/vendor/phpdocumentor/reflection-docblock/src/DocBlock/Tags/Factory/ThrowsFactory.php	0.00		cached
ok	/site/core/vendor/phpdocumentor/reflection-docblock/src/DocBlock/Tags/Factory/VarFactory.php	0.00		cached
ok	/site/core/vendor/phpdocumentor/reflection-docblock/src/DocBlock/Tags/Formatter.php	0.00		cached
ok	/site/core/vendor/phpdocumentor/reflection-docblock/src/DocBlock/Tags/Formatter/AlignFormatter.php	0.00		cached
ok	/site/core/vendor/phpdocumentor/reflection-docblock/src/DocBlock/Tags/Formatter/PassthroughFormatter.php	0.00		cached
ok	/site/core/vendor/phpdocumentor/reflection-docblock/src/DocBlock/Tags/Generic.php	0.00		cached
ok	/site/core/vendor/phpdocumentor/reflection-docblock/src/DocBlock/Tags/Implements_.php	0.00		cached
ok	/site/core/vendor/phpdocumentor/reflection-docblock/src/DocBlock/Tags/InvalidTag.php	0.00		cached
ok	/site/core/vendor/phpdocumentor/reflection-docblock/src/DocBlock/Tags/Link.php	0.00		cached
ok	/site/core/vendor/phpdocumentor/reflection-docblock/src/DocBlock/Tags/Method.php	0.00		cached
ok	/site/core/vendor/phpdocumentor/reflection-docblock/src/DocBlock/Tags/MethodParameter.php	0.00		cached
ok	/site/core/vendor/phpdocumentor/reflection-docblock/src/DocBlock/Tags/Mixin.php	0.00		cached
ok	/site/core/vendor/phpdocumentor/reflection-docblock/src/DocBlock/Tags/Param.php	0.00		cached
ok	/site/core/vendor/phpdocumentor/reflection-docblock/src/DocBlock/Tags/Property.php	0.00		cached
ok	/site/core/vendor/phpdocumentor/reflection-docblock/src/DocBlock/Tags/PropertyRead.php	0.00		cached
ok	/site/core/vendor/phpdocumentor/reflection-docblock/src/DocBlock/Tags/PropertyWrite.php	0.00		cached
ok	/site/core/vendor/phpdocumentor/reflection-docblock/src/DocBlock/Tags/Reference/Fqsen.php	0.00		cached
ok	/site/core/vendor/phpdocumentor/reflection-docblock/src/DocBlock/Tags/Reference/Reference.php	0.00		cached
ok	/site/core/vendor/phpdocumentor/reflection-docblock/src/DocBlock/Tags/Reference/Url.php	0.00		cached
ok	/site/core/vendor/phpdocumentor/reflection-docblock/src/DocBlock/Tags/Return_.php	0.00		cached
ok	/site/core/vendor/phpdocumentor/reflection-docblock/src/DocBlock/Tags/See.php	0.00		cached
ok	/site/core/vendor/phpdocumentor/reflection-docblock/src/DocBlock/Tags/Since.php	0.00		cached
ok	/site/core/vendor/phpdocumentor/reflection-docblock/src/DocBlock/Tags/Source.php	0.00		cached
ok	/site/core/vendor/phpdocumentor/reflection-docblock/src/DocBlock/Tags/TagWithType.php	0.00		cached
ok	/site/core/vendor/phpdocumentor/reflection-docblock/src/DocBlock/Tags/Template.php	0.00		cached
ok	/site/core/vendor/phpdocumentor/reflection-docblock/src/DocBlock/Tags/TemplateCovariant.php	0.00		cached
ok	/site/core/vendor/phpdocumentor/reflection-docblock/src/DocBlock/Tags/TemplateExtends.php	0.00		cached
ok	/site/core/vendor/phpdocumentor/reflection-docblock/src/DocBlock/Tags/TemplateImplements.php	0.00		cached
ok	/site/core/vendor/phpdocumentor/reflection-docblock/src/DocBlock/Tags/Throws.php	0.00		cached
ok	/site/core/vendor/phpdocumentor/reflection-docblock/src/DocBlock/Tags/Uses.php	0.00		cached
ok	/site/core/vendor/phpdocumentor/reflection-docblock/src/DocBlock/Tags/Var_.php	0.00		cached
ok	/site/core/vendor/phpdocumentor/reflection-docblock/src/DocBlock/Tags/Version.php	0.00		cached
ok	/site/core/vendor/phpdocumentor/reflection-docblock/src/DocBlockFactory.php	0.00		cached
ok	/site/core/vendor/phpdocumentor/reflection-docblock/src/DocBlockFactoryInterface.php	0.00		cached
ok	/site/core/vendor/phpdocumentor/reflection-docblock/src/Exception/CannotCreateTag.php	0.00		cached
ok	/site/core/vendor/phpdocumentor/reflection-docblock/src/Exception/ParserException.php	0.00		cached
ok	/site/core/vendor/phpdocumentor/reflection-docblock/src/Exception/PcreException.php	0.00		cached
ok	/site/core/vendor/phpdocumentor/reflection-docblock/src/Exception/ReflectionDocblockException.php	0.00		cached
ok	/site/core/vendor/phpdocumentor/reflection-docblock/src/Utils.php	0.00		cached
ok	/site/core/vendor/phpdocumentor/type-resolver/src/FqsenResolver.php	0.00		cached
ok	/site/core/vendor/phpdocumentor/type-resolver/src/PseudoType.php	0.00		cached
ok	/site/core/vendor/phpdocumentor/type-resolver/src/PseudoTypes/ArrayKey.php	0.00		cached
ok	/site/core/vendor/phpdocumentor/type-resolver/src/PseudoTypes/ArrayShape.php	0.00		cached
ok	/site/core/vendor/phpdocumentor/type-resolver/src/PseudoTypes/ArrayShapeItem.php	0.00		cached
ok	/site/core/vendor/phpdocumentor/type-resolver/src/PseudoTypes/CallableArray.php	0.00		cached
ok	/site/core/vendor/phpdocumentor/type-resolver/src/PseudoTypes/CallableString.php	0.00		cached
ok	/site/core/vendor/phpdocumentor/type-resolver/src/PseudoTypes/ClassString.php	0.00		cached
ok	/site/core/vendor/phpdocumentor/type-resolver/src/PseudoTypes/ClosedResource.php	0.00		cached
ok	/site/core/vendor/phpdocumentor/type-resolver/src/PseudoTypes/Conditional.php	0.00		cached
ok	/site/core/vendor/phpdocumentor/type-resolver/src/PseudoTypes/ConditionalForParameter.php	0.00		cached
ok	/site/core/vendor/phpdocumentor/type-resolver/src/PseudoTypes/ConstExpression.php	0.00		cached
ok	/site/core/vendor/phpdocumentor/type-resolver/src/PseudoTypes/EnumString.php	0.00		cached
ok	/site/core/vendor/phpdocumentor/type-resolver/src/PseudoTypes/False_.php	0.00		cached
ok	/site/core/vendor/phpdocumentor/type-resolver/src/PseudoTypes/FloatValue.php	0.00		cached
ok	/site/core/vendor/phpdocumentor/type-resolver/src/PseudoTypes/Generic.php	0.00		cached
ok	/site/core/vendor/phpdocumentor/type-resolver/src/PseudoTypes/HtmlEscapedString.php	0.00		cached
ok	/site/core/vendor/phpdocumentor/type-resolver/src/PseudoTypes/IntMask.php	0.00		cached
ok	/site/core/vendor/phpdocumentor/type-resolver/src/PseudoTypes/IntMaskOf.php	0.00		cached
ok	/site/core/vendor/phpdocumentor/type-resolver/src/PseudoTypes/IntegerRange.php	0.00		cached
ok	/site/core/vendor/phpdocumentor/type-resolver/src/PseudoTypes/IntegerValue.php	0.00		cached
ok	/site/core/vendor/phpdocumentor/type-resolver/src/PseudoTypes/InterfaceString.php	0.00		cached
ok	/site/core/vendor/phpdocumentor/type-resolver/src/PseudoTypes/KeyOf.php	0.00		cached
ok	/site/core/vendor/phpdocumentor/type-resolver/src/PseudoTypes/ListShape.php	0.00		cached
ok	/site/core/vendor/phpdocumentor/type-resolver/src/PseudoTypes/ListShapeItem.php	0.00		cached
ok	/site/core/vendor/phpdocumentor/type-resolver/src/PseudoTypes/List_.php	0.00		cached
ok	/site/core/vendor/phpdocumentor/type-resolver/src/PseudoTypes/LiteralString.php	0.00		cached
ok	/site/core/vendor/phpdocumentor/type-resolver/src/PseudoTypes/LowercaseString.php	0.00		cached
ok	/site/core/vendor/phpdocumentor/type-resolver/src/PseudoTypes/NegativeInteger.php	0.00		cached
ok	/site/core/vendor/phpdocumentor/type-resolver/src/PseudoTypes/NeverReturn.php	0.00		cached
ok	/site/core/vendor/phpdocumentor/type-resolver/src/PseudoTypes/NeverReturns.php	0.00		cached
ok	/site/core/vendor/phpdocumentor/type-resolver/src/PseudoTypes/NoReturn.php	0.00		cached
ok	/site/core/vendor/phpdocumentor/type-resolver/src/PseudoTypes/NonEmptyArray.php	0.00		cached
ok	/site/core/vendor/phpdocumentor/type-resolver/src/PseudoTypes/NonEmptyList.php	0.00		cached
ok	/site/core/vendor/phpdocumentor/type-resolver/src/PseudoTypes/NonEmptyLowercaseString.php	0.00		cached
ok	/site/core/vendor/phpdocumentor/type-resolver/src/PseudoTypes/NonEmptyString.php	0.00		cached
ok	/site/core/vendor/phpdocumentor/type-resolver/src/PseudoTypes/NonFalsyString.php	0.00		cached
ok	/site/core/vendor/phpdocumentor/type-resolver/src/PseudoTypes/NonNegativeInteger.php	0.00		cached
ok	/site/core/vendor/phpdocumentor/type-resolver/src/PseudoTypes/NonPositiveInteger.php	0.00		cached
ok	/site/core/vendor/phpdocumentor/type-resolver/src/PseudoTypes/NonZeroInteger.php	0.00		cached
ok	/site/core/vendor/phpdocumentor/type-resolver/src/PseudoTypes/NumericString.php	0.00		cached
ok	/site/core/vendor/phpdocumentor/type-resolver/src/PseudoTypes/Numeric_.php	0.00		cached
ok	/site/core/vendor/phpdocumentor/type-resolver/src/PseudoTypes/ObjectShape.php	0.00		cached
ok	/site/core/vendor/phpdocumentor/type-resolver/src/PseudoTypes/ObjectShapeItem.php	0.00		cached
ok	/site/core/vendor/phpdocumentor/type-resolver/src/PseudoTypes/OffsetAccess.php	0.00		cached
ok	/site/core/vendor/phpdocumentor/type-resolver/src/PseudoTypes/OpenResource.php	0.00		cached
ok	/site/core/vendor/phpdocumentor/type-resolver/src/PseudoTypes/PositiveInteger.php	0.00		cached
ok	/site/core/vendor/phpdocumentor/type-resolver/src/PseudoTypes/PrivatePropertiesOf.php	0.00		cached
ok	/site/core/vendor/phpdocumentor/type-resolver/src/PseudoTypes/PropertiesOf.php	0.00		cached
ok	/site/core/vendor/phpdocumentor/type-resolver/src/PseudoTypes/ProtectedPropertiesOf.php	0.00		cached
ok	/site/core/vendor/phpdocumentor/type-resolver/src/PseudoTypes/PublicPropertiesOf.php	0.00		cached
ok	/site/core/vendor/phpdocumentor/type-resolver/src/PseudoTypes/Scalar.php	0.00		cached
ok	/site/core/vendor/phpdocumentor/type-resolver/src/PseudoTypes/ShapeItem.php	0.00		cached
ok	/site/core/vendor/phpdocumentor/type-resolver/src/PseudoTypes/StringValue.php	0.00		cached
ok	/site/core/vendor/phpdocumentor/type-resolver/src/PseudoTypes/TraitString.php	0.00		cached
ok	/site/core/vendor/phpdocumentor/type-resolver/src/PseudoTypes/True_.php	0.00		cached
ok	/site/core/vendor/phpdocumentor/type-resolver/src/PseudoTypes/TruthyString.php	0.00		cached
ok	/site/core/vendor/phpdocumentor/type-resolver/src/PseudoTypes/ValueOf.php	0.00		cached
ok	/site/core/vendor/phpdocumentor/type-resolver/src/Type.php	0.00		cached
ok	/site/core/vendor/phpdocumentor/type-resolver/src/TypeResolver.php	0.00		cached
ok	/site/core/vendor/phpdocumentor/type-resolver/src/Types/AbstractList.php	0.00		cached
ok	/site/core/vendor/phpdocumentor/type-resolver/src/Types/AggregatedType.php	0.00		cached
ok	/site/core/vendor/phpdocumentor/type-resolver/src/Types/Array_.php	0.00		cached
ok	/site/core/vendor/phpdocumentor/type-resolver/src/Types/Boolean.php	0.00		cached
ok	/site/core/vendor/phpdocumentor/type-resolver/src/Types/CallableParameter.php	0.00		cached
ok	/site/core/vendor/phpdocumentor/type-resolver/src/Types/Callable_.php	0.00		cached
ok	/site/core/vendor/phpdocumentor/type-resolver/src/Types/Compound.php	0.00		cached
ok	/site/core/vendor/phpdocumentor/type-resolver/src/Types/Context.php	0.00		cached
ok	/site/core/vendor/phpdocumentor/type-resolver/src/Types/ContextFactory.php	0.00		cached
ok	/site/core/vendor/phpdocumentor/type-resolver/src/Types/Expression.php	0.00		cached
ok	/site/core/vendor/phpdocumentor/type-resolver/src/Types/Float_.php	0.00		cached
ok	/site/core/vendor/phpdocumentor/type-resolver/src/Types/Integer.php	0.00		cached
ok	/site/core/vendor/phpdocumentor/type-resolver/src/Types/Intersection.php	0.00		cached
ok	/site/core/vendor/phpdocumentor/type-resolver/src/Types/Iterable_.php	0.00		cached
ok	/site/core/vendor/phpdocumentor/type-resolver/src/Types/Mixed_.php	0.00		cached
ok	/site/core/vendor/phpdocumentor/type-resolver/src/Types/Never_.php	0.00		cached
ok	/site/core/vendor/phpdocumentor/type-resolver/src/Types/Null_.php	0.00		cached
ok	/site/core/vendor/phpdocumentor/type-resolver/src/Types/Nullable.php	0.00		cached
ok	/site/core/vendor/phpdocumentor/type-resolver/src/Types/Object_.php	0.00		cached
ok	/site/core/vendor/phpdocumentor/type-resolver/src/Types/Parent_.php	0.00		cached
ok	/site/core/vendor/phpdocumentor/type-resolver/src/Types/Resource_.php	0.00		cached
ok	/site/core/vendor/phpdocumentor/type-resolver/src/Types/Self_.php	0.00		cached
ok	/site/core/vendor/phpdocumentor/type-resolver/src/Types/Static_.php	0.00		cached
ok	/site/core/vendor/phpdocumentor/type-resolver/src/Types/String_.php	0.00		cached
ok	/site/core/vendor/phpdocumentor/type-resolver/src/Types/This.php	0.00		cached
ok	/site/core/vendor/phpdocumentor/type-resolver/src/Types/Void_.php	0.00		cached
ok	/site/core/vendor/phpmailer/phpmailer/get_oauth_token.php	0.00		cached
ok	/site/core/vendor/phpmailer/phpmailer/language/phpmailer.lang-af.php	0.00		cached
ok	/site/core/vendor/phpmailer/phpmailer/language/phpmailer.lang-ar.php	0.00		cached
ok	/site/core/vendor/phpmailer/phpmailer/language/phpmailer.lang-as.php	0.00		cached
ok	/site/core/vendor/phpmailer/phpmailer/language/phpmailer.lang-az.php	0.00		cached
ok	/site/core/vendor/phpmailer/phpmailer/language/phpmailer.lang-ba.php	0.00		cached
ok	/site/core/vendor/phpmailer/phpmailer/language/phpmailer.lang-be.php	0.00		cached
ok	/site/core/vendor/phpmailer/phpmailer/language/phpmailer.lang-bg.php	0.00		cached
ok	/site/core/vendor/phpmailer/phpmailer/language/phpmailer.lang-bn.php	0.00		cached
ok	/site/core/vendor/phpmailer/phpmailer/language/phpmailer.lang-ca.php	0.00		cached
ok	/site/core/vendor/phpmailer/phpmailer/language/phpmailer.lang-cs.php	0.00		cached
ok	/site/core/vendor/phpmailer/phpmailer/language/phpmailer.lang-da.php	0.00		cached
ok	/site/core/vendor/phpmailer/phpmailer/language/phpmailer.lang-de.php	0.00		cached
ok	/site/core/vendor/phpmailer/phpmailer/language/phpmailer.lang-el.php	0.00		cached
ok	/site/core/vendor/phpmailer/phpmailer/language/phpmailer.lang-eo.php	0.00		cached
ok	/site/core/vendor/phpmailer/phpmailer/language/phpmailer.lang-es.php	0.00		cached
ok	/site/core/vendor/phpmailer/phpmailer/language/phpmailer.lang-et.php	0.00		cached
ok	/site/core/vendor/phpmailer/phpmailer/language/phpmailer.lang-fa.php	0.00		cached
ok	/site/core/vendor/phpmailer/phpmailer/language/phpmailer.lang-fi.php	0.00		cached
ok	/site/core/vendor/phpmailer/phpmailer/language/phpmailer.lang-fo.php	0.00		cached
ok	/site/core/vendor/phpmailer/phpmailer/language/phpmailer.lang-fr.php	0.00		cached
ok	/site/core/vendor/phpmailer/phpmailer/language/phpmailer.lang-gl.php	0.00		cached
ok	/site/core/vendor/phpmailer/phpmailer/language/phpmailer.lang-he.php	0.00		cached
ok	/site/core/vendor/phpmailer/phpmailer/language/phpmailer.lang-hi.php	0.00		cached
ok	/site/core/vendor/phpmailer/phpmailer/language/phpmailer.lang-hr.php	0.00		cached
ok	/site/core/vendor/phpmailer/phpmailer/language/phpmailer.lang-hu.php	0.00		cached
ok	/site/core/vendor/phpmailer/phpmailer/language/phpmailer.lang-hy.php	0.00		cached
ok	/site/core/vendor/phpmailer/phpmailer/language/phpmailer.lang-id.php	0.00		cached
ok	/site/core/vendor/phpmailer/phpmailer/language/phpmailer.lang-it.php	0.00		cached
ok	/site/core/vendor/phpmailer/phpmailer/language/phpmailer.lang-ja.php	0.00		cached
ok	/site/core/vendor/phpmailer/phpmailer/language/phpmailer.lang-ka.php	0.00		cached
ok	/site/core/vendor/phpmailer/phpmailer/language/phpmailer.lang-ko.php	0.00		cached
ok	/site/core/vendor/phpmailer/phpmailer/language/phpmailer.lang-ku.php	0.00		cached
ok	/site/core/vendor/phpmailer/phpmailer/language/phpmailer.lang-lt.php	0.00		cached
ok	/site/core/vendor/phpmailer/phpmailer/language/phpmailer.lang-lv.php	0.00		cached
ok	/site/core/vendor/phpmailer/phpmailer/language/phpmailer.lang-mg.php	0.00		cached
ok	/site/core/vendor/phpmailer/phpmailer/language/phpmailer.lang-mn.php	0.00		cached
ok	/site/core/vendor/phpmailer/phpmailer/language/phpmailer.lang-ms.php	0.00		cached
ok	/site/core/vendor/phpmailer/phpmailer/language/phpmailer.lang-nb.php	0.00		cached
ok	/site/core/vendor/phpmailer/phpmailer/language/phpmailer.lang-nl.php	0.00		cached
ok	/site/core/vendor/phpmailer/phpmailer/language/phpmailer.lang-pl.php	0.00		cached
ok	/site/core/vendor/phpmailer/phpmailer/language/phpmailer.lang-pt.php	0.00		cached
ok	/site/core/vendor/phpmailer/phpmailer/language/phpmailer.lang-pt_br.php	0.00		cached
ok	/site/core/vendor/phpmailer/phpmailer/language/phpmailer.lang-ro.php	0.00		cached
ok	/site/core/vendor/phpmailer/phpmailer/language/phpmailer.lang-ru.php	0.00		cached
ok	/site/core/vendor/phpmailer/phpmailer/language/phpmailer.lang-si.php	0.00		cached
ok	/site/core/vendor/phpmailer/phpmailer/language/phpmailer.lang-sk.php	0.00		cached
ok	/site/core/vendor/phpmailer/phpmailer/language/phpmailer.lang-sl.php	0.00		cached
ok	/site/core/vendor/phpmailer/phpmailer/language/phpmailer.lang-sr.php	0.00		cached
ok	/site/core/vendor/phpmailer/phpmailer/language/phpmailer.lang-sr_latn.php	0.00		cached
ok	/site/core/vendor/phpmailer/phpmailer/language/phpmailer.lang-sv.php	0.00		cached
ok	/site/core/vendor/phpmailer/phpmailer/language/phpmailer.lang-tl.php	0.00		cached
ok	/site/core/vendor/phpmailer/phpmailer/language/phpmailer.lang-tr.php	0.00		cached
ok	/site/core/vendor/phpmailer/phpmailer/language/phpmailer.lang-uk.php	0.00		cached
ok	/site/core/vendor/phpmailer/phpmailer/language/phpmailer.lang-ur.php	0.00		cached
ok	/site/core/vendor/phpmailer/phpmailer/language/phpmailer.lang-vi.php	0.00		cached
ok	/site/core/vendor/phpmailer/phpmailer/language/phpmailer.lang-zh.php	0.00		cached
ok	/site/core/vendor/phpmailer/phpmailer/language/phpmailer.lang-zh_cn.php	0.00		cached
ok	/site/core/vendor/phpmailer/phpmailer/src/DSNConfigurator.php	0.00		cached
ok	/site/core/vendor/phpmailer/phpmailer/src/Exception.php	0.00		cached
ok	/site/core/vendor/phpmailer/phpmailer/src/OAuth.php	0.00		cached
ok	/site/core/vendor/phpmailer/phpmailer/src/OAuthTokenProvider.php	0.00		cached
ok	/site/core/vendor/phpmailer/phpmailer/src/PHPMailer.php	0.00		cached
ok	/site/core/vendor/phpmailer/phpmailer/src/POP3.php	0.00		cached
fail	/site/core/vendor/phpmailer/phpmailer/src/SMTP.php	0.00	compile failed: MIR.verify: dangling local $start read in PHPMailer\PHPMailer\SMTP__iterateLines but never defined	cached
ok	/site/core/vendor/phpoption/phpoption/src/PhpOption/LazyOption.php	0.00		cached
ok	/site/core/vendor/phpoption/phpoption/src/PhpOption/None.php	0.00		cached
ok	/site/core/vendor/phpoption/phpoption/src/PhpOption/Option.php	0.00		cached
ok	/site/core/vendor/phpoption/phpoption/src/PhpOption/Some.php	0.00		cached
ok	/site/core/vendor/phpstan/phpdoc-parser/src/Ast/AbstractNodeVisitor.php	0.00		cached
ok	/site/core/vendor/phpstan/phpdoc-parser/src/Ast/Attribute.php	0.00		cached
ok	/site/core/vendor/phpstan/phpdoc-parser/src/Ast/Comment.php	0.00		cached
ok	/site/core/vendor/phpstan/phpdoc-parser/src/Ast/ConstExpr/ConstExprArrayItemNode.php	0.00		cached
ok	/site/core/vendor/phpstan/phpdoc-parser/src/Ast/ConstExpr/ConstExprArrayNode.php	0.00		cached
ok	/site/core/vendor/phpstan/phpdoc-parser/src/Ast/ConstExpr/ConstExprFalseNode.php	0.00		cached
ok	/site/core/vendor/phpstan/phpdoc-parser/src/Ast/ConstExpr/ConstExprFloatNode.php	0.00		cached
ok	/site/core/vendor/phpstan/phpdoc-parser/src/Ast/ConstExpr/ConstExprIntegerNode.php	0.00		cached
ok	/site/core/vendor/phpstan/phpdoc-parser/src/Ast/ConstExpr/ConstExprNode.php	0.00		cached
ok	/site/core/vendor/phpstan/phpdoc-parser/src/Ast/ConstExpr/ConstExprNullNode.php	0.00		cached
ok	/site/core/vendor/phpstan/phpdoc-parser/src/Ast/ConstExpr/ConstExprStringNode.php	0.00		cached
ok	/site/core/vendor/phpstan/phpdoc-parser/src/Ast/ConstExpr/ConstExprTrueNode.php	0.00		cached
ok	/site/core/vendor/phpstan/phpdoc-parser/src/Ast/ConstExpr/ConstFetchNode.php	0.00		cached
ok	/site/core/vendor/phpstan/phpdoc-parser/src/Ast/ConstExpr/DoctrineConstExprStringNode.php	0.00		cached
ok	/site/core/vendor/phpstan/phpdoc-parser/src/Ast/Node.php	0.00		cached
ok	/site/core/vendor/phpstan/phpdoc-parser/src/Ast/NodeAttributes.php	0.00		cached
ok	/site/core/vendor/phpstan/phpdoc-parser/src/Ast/NodeTraverser.php	0.00		cached
ok	/site/core/vendor/phpstan/phpdoc-parser/src/Ast/NodeVisitor.php	0.00		cached
ok	/site/core/vendor/phpstan/phpdoc-parser/src/Ast/NodeVisitor/CloningVisitor.php	0.00		cached
ok	/site/core/vendor/phpstan/phpdoc-parser/src/Ast/PhpDoc/AssertTagMethodValueNode.php	0.00		cached
ok	/site/core/vendor/phpstan/phpdoc-parser/src/Ast/PhpDoc/AssertTagPropertyValueNode.php	0.00		cached
ok	/site/core/vendor/phpstan/phpdoc-parser/src/Ast/PhpDoc/AssertTagValueNode.php	0.00		cached
ok	/site/core/vendor/phpstan/phpdoc-parser/src/Ast/PhpDoc/DeprecatedTagValueNode.php	0.00		cached
ok	/site/core/vendor/phpstan/phpdoc-parser/src/Ast/PhpDoc/Doctrine/DoctrineAnnotation.php	0.00		cached
ok	/site/core/vendor/phpstan/phpdoc-parser/src/Ast/PhpDoc/Doctrine/DoctrineArgument.php	0.00		cached
ok	/site/core/vendor/phpstan/phpdoc-parser/src/Ast/PhpDoc/Doctrine/DoctrineArray.php	0.00		cached
ok	/site/core/vendor/phpstan/phpdoc-parser/src/Ast/PhpDoc/Doctrine/DoctrineArrayItem.php	0.00		cached
ok	/site/core/vendor/phpstan/phpdoc-parser/src/Ast/PhpDoc/Doctrine/DoctrineTagValueNode.php	0.00		cached
ok	/site/core/vendor/phpstan/phpdoc-parser/src/Ast/PhpDoc/ExtendsTagValueNode.php	0.00		cached
ok	/site/core/vendor/phpstan/phpdoc-parser/src/Ast/PhpDoc/GenericTagValueNode.php	0.00		cached
ok	/site/core/vendor/phpstan/phpdoc-parser/src/Ast/PhpDoc/ImplementsTagValueNode.php	0.00		cached
ok	/site/core/vendor/phpstan/phpdoc-parser/src/Ast/PhpDoc/InvalidTagValueNode.php	0.00		cached
ok	/site/core/vendor/phpstan/phpdoc-parser/src/Ast/PhpDoc/MethodTagValueNode.php	0.00		cached
ok	/site/core/vendor/phpstan/phpdoc-parser/src/Ast/PhpDoc/MethodTagValueParameterNode.php	0.00		cached
ok	/site/core/vendor/phpstan/phpdoc-parser/src/Ast/PhpDoc/MixinTagValueNode.php	0.00		cached
ok	/site/core/vendor/phpstan/phpdoc-parser/src/Ast/PhpDoc/ParamClosureThisTagValueNode.php	0.00		cached
ok	/site/core/vendor/phpstan/phpdoc-parser/src/Ast/PhpDoc/ParamImmediatelyInvokedCallableTagValueNode.php	0.00		cached
ok	/site/core/vendor/phpstan/phpdoc-parser/src/Ast/PhpDoc/ParamLaterInvokedCallableTagValueNode.php	0.00		cached
ok	/site/core/vendor/phpstan/phpdoc-parser/src/Ast/PhpDoc/ParamOutTagValueNode.php	0.00		cached
ok	/site/core/vendor/phpstan/phpdoc-parser/src/Ast/PhpDoc/ParamTagValueNode.php	0.00		cached
ok	/site/core/vendor/phpstan/phpdoc-parser/src/Ast/PhpDoc/PhpDocChildNode.php	0.00		cached
ok	/site/core/vendor/phpstan/phpdoc-parser/src/Ast/PhpDoc/PhpDocNode.php	0.00		cached
ok	/site/core/vendor/phpstan/phpdoc-parser/src/Ast/PhpDoc/PhpDocTagNode.php	0.00		cached
ok	/site/core/vendor/phpstan/phpdoc-parser/src/Ast/PhpDoc/PhpDocTagValueNode.php	0.00		cached
ok	/site/core/vendor/phpstan/phpdoc-parser/src/Ast/PhpDoc/PhpDocTextNode.php	0.00		cached
ok	/site/core/vendor/phpstan/phpdoc-parser/src/Ast/PhpDoc/PropertyTagValueNode.php	0.00		cached
ok	/site/core/vendor/phpstan/phpdoc-parser/src/Ast/PhpDoc/PureUnlessCallableIsImpureTagValueNode.php	0.00		cached
ok	/site/core/vendor/phpstan/phpdoc-parser/src/Ast/PhpDoc/PureUnlessParameterIsPassedTagValueNode.php	0.00		cached
ok	/site/core/vendor/phpstan/phpdoc-parser/src/Ast/PhpDoc/RequireExtendsTagValueNode.php	0.00		cached
ok	/site/core/vendor/phpstan/phpdoc-parser/src/Ast/PhpDoc/RequireImplementsTagValueNode.php	0.00		cached
ok	/site/core/vendor/phpstan/phpdoc-parser/src/Ast/PhpDoc/ReturnTagValueNode.php	0.00		cached
ok	/site/core/vendor/phpstan/phpdoc-parser/src/Ast/PhpDoc/SealedTagValueNode.php	0.00		cached
ok	/site/core/vendor/phpstan/phpdoc-parser/src/Ast/PhpDoc/SelfOutTagValueNode.php	0.00		cached
ok	/site/core/vendor/phpstan/phpdoc-parser/src/Ast/PhpDoc/TemplateTagValueNode.php	0.00		cached
ok	/site/core/vendor/phpstan/phpdoc-parser/src/Ast/PhpDoc/ThrowsTagValueNode.php	0.00		cached
ok	/site/core/vendor/phpstan/phpdoc-parser/src/Ast/PhpDoc/TypeAliasImportTagValueNode.php	0.00		cached
ok	/site/core/vendor/phpstan/phpdoc-parser/src/Ast/PhpDoc/TypeAliasTagValueNode.php	0.00		cached
ok	/site/core/vendor/phpstan/phpdoc-parser/src/Ast/PhpDoc/TypelessParamTagValueNode.php	0.00		cached
ok	/site/core/vendor/phpstan/phpdoc-parser/src/Ast/PhpDoc/UsesTagValueNode.php	0.00		cached
ok	/site/core/vendor/phpstan/phpdoc-parser/src/Ast/PhpDoc/VarTagValueNode.php	0.00		cached
ok	/site/core/vendor/phpstan/phpdoc-parser/src/Ast/Type/ArrayShapeItemNode.php	0.00		cached
ok	/site/core/vendor/phpstan/phpdoc-parser/src/Ast/Type/ArrayShapeNode.php	0.00		cached
ok	/site/core/vendor/phpstan/phpdoc-parser/src/Ast/Type/ArrayShapeUnsealedTypeNode.php	0.00		cached
ok	/site/core/vendor/phpstan/phpdoc-parser/src/Ast/Type/ArrayTypeNode.php	0.00		cached
ok	/site/core/vendor/phpstan/phpdoc-parser/src/Ast/Type/CallableTypeNode.php	0.00		cached
ok	/site/core/vendor/phpstan/phpdoc-parser/src/Ast/Type/CallableTypeParameterNode.php	0.00		cached
ok	/site/core/vendor/phpstan/phpdoc-parser/src/Ast/Type/ConditionalTypeForParameterNode.php	0.00		cached
ok	/site/core/vendor/phpstan/phpdoc-parser/src/Ast/Type/ConditionalTypeNode.php	0.00		cached
ok	/site/core/vendor/phpstan/phpdoc-parser/src/Ast/Type/ConstTypeNode.php	0.00		cached
ok	/site/core/vendor/phpstan/phpdoc-parser/src/Ast/Type/GenericTypeNode.php	0.00		cached
ok	/site/core/vendor/phpstan/phpdoc-parser/src/Ast/Type/IdentifierTypeNode.php	0.00		cached
ok	/site/core/vendor/phpstan/phpdoc-parser/src/Ast/Type/IntersectionTypeNode.php	0.00		cached
ok	/site/core/vendor/phpstan/phpdoc-parser/src/Ast/Type/InvalidTypeNode.php	0.00		cached
ok	/site/core/vendor/phpstan/phpdoc-parser/src/Ast/Type/NullableTypeNode.php	0.00		cached
ok	/site/core/vendor/phpstan/phpdoc-parser/src/Ast/Type/ObjectShapeItemNode.php	0.00		cached
ok	/site/core/vendor/phpstan/phpdoc-parser/src/Ast/Type/ObjectShapeNode.php	0.00		cached
ok	/site/core/vendor/phpstan/phpdoc-parser/src/Ast/Type/OffsetAccessTypeNode.php	0.00		cached
ok	/site/core/vendor/phpstan/phpdoc-parser/src/Ast/Type/ThisTypeNode.php	0.00		cached
ok	/site/core/vendor/phpstan/phpdoc-parser/src/Ast/Type/TypeNode.php	0.00		cached
ok	/site/core/vendor/phpstan/phpdoc-parser/src/Ast/Type/UnionTypeNode.php	0.00		cached
ok	/site/core/vendor/phpstan/phpdoc-parser/src/Lexer/Lexer.php	0.00		cached
ok	/site/core/vendor/phpstan/phpdoc-parser/src/Parser/ConstExprParser.php	0.00		cached
ok	/site/core/vendor/phpstan/phpdoc-parser/src/Parser/ParserException.php	0.00		cached
ok	/site/core/vendor/phpstan/phpdoc-parser/src/Parser/PhpDocParser.php	0.00		cached
ok	/site/core/vendor/phpstan/phpdoc-parser/src/Parser/StringUnescaper.php	0.00		cached
ok	/site/core/vendor/phpstan/phpdoc-parser/src/Parser/TokenIterator.php	0.00		cached
ok	/site/core/vendor/phpstan/phpdoc-parser/src/Parser/TypeParser.php	0.00		cached
ok	/site/core/vendor/phpstan/phpdoc-parser/src/ParserConfig.php	0.00		cached
ok	/site/core/vendor/phpstan/phpdoc-parser/src/Printer/DiffElem.php	0.00		cached
ok	/site/core/vendor/phpstan/phpdoc-parser/src/Printer/Differ.php	0.00		cached
ok	/site/core/vendor/phpstan/phpdoc-parser/src/Printer/Printer.php	0.00		cached
ok	/site/core/vendor/phpunit/php-code-coverage/src/CodeCoverage.php	0.00		cached
ok	/site/core/vendor/phpunit/php-code-coverage/src/Data/ProcessedBranchCoverageData.php	0.00		cached
ok	/site/core/vendor/phpunit/php-code-coverage/src/Data/ProcessedClassType.php	0.00		cached
ok	/site/core/vendor/phpunit/php-code-coverage/src/Data/ProcessedCodeCoverageData.php	0.00		cached
ok	/site/core/vendor/phpunit/php-code-coverage/src/Data/ProcessedFunctionCoverageData.php	0.00		cached
ok	/site/core/vendor/phpunit/php-code-coverage/src/Data/ProcessedFunctionType.php	0.00		cached
ok	/site/core/vendor/phpunit/php-code-coverage/src/Data/ProcessedMethodType.php	0.00		cached
ok	/site/core/vendor/phpunit/php-code-coverage/src/Data/ProcessedPathCoverageData.php	0.00		cached
ok	/site/core/vendor/phpunit/php-code-coverage/src/Data/ProcessedTraitType.php	0.00		cached
ok	/site/core/vendor/phpunit/php-code-coverage/src/Data/RawCodeCoverageData.php	0.00		cached
ok	/site/core/vendor/phpunit/php-code-coverage/src/Driver/Driver.php	0.00		cached
ok	/site/core/vendor/phpunit/php-code-coverage/src/Driver/PcovDriver.php	0.00		cached
ok	/site/core/vendor/phpunit/php-code-coverage/src/Driver/Selector.php	0.00		cached
ok	/site/core/vendor/phpunit/php-code-coverage/src/Driver/XdebugDriver.php	0.00		cached
ok	/site/core/vendor/phpunit/php-code-coverage/src/Exception/BranchAndPathCoverageNotSupportedException.php	0.00		cached
ok	/site/core/vendor/phpunit/php-code-coverage/src/Exception/DirectoryCouldNotBeCreatedException.php	0.00		cached
ok	/site/core/vendor/phpunit/php-code-coverage/src/Exception/Exception.php	0.00		cached
ok	/site/core/vendor/phpunit/php-code-coverage/src/Exception/FileCouldNotBeWrittenException.php	0.00		cached
ok	/site/core/vendor/phpunit/php-code-coverage/src/Exception/InvalidArgumentException.php	0.00		cached
ok	/site/core/vendor/phpunit/php-code-coverage/src/Exception/InvalidCodeCoverageTargetException.php	0.00		cached
ok	/site/core/vendor/phpunit/php-code-coverage/src/Exception/NoCodeCoverageDriverAvailableException.php	0.00		cached
ok	/site/core/vendor/phpunit/php-code-coverage/src/Exception/NoCodeCoverageDriverWithPathCoverageSupportAvailableException.php	0.00		cached
ok	/site/core/vendor/phpunit/php-code-coverage/src/Exception/ParserException.php	0.00		cached
ok	/site/core/vendor/phpunit/php-code-coverage/src/Exception/PathExistsButIsNotDirectoryException.php	0.00		cached
ok	/site/core/vendor/phpunit/php-code-coverage/src/Exception/PcovNotAvailableException.php	0.00		cached
ok	/site/core/vendor/phpunit/php-code-coverage/src/Exception/ReflectionException.php	0.00		cached
ok	/site/core/vendor/phpunit/php-code-coverage/src/Exception/ReportAlreadyFinalizedException.php	0.00		cached
ok	/site/core/vendor/phpunit/php-code-coverage/src/Exception/StaticAnalysisCacheNotConfiguredException.php	0.00		cached
ok	/site/core/vendor/phpunit/php-code-coverage/src/Exception/TestIdMissingException.php	0.00		cached
ok	/site/core/vendor/phpunit/php-code-coverage/src/Exception/UnintentionallyCoveredCodeException.php	0.00		cached
ok	/site/core/vendor/phpunit/php-code-coverage/src/Exception/WriteOperationFailedException.php	0.00		cached
ok	/site/core/vendor/phpunit/php-code-coverage/src/Exception/XdebugNotAvailableException.php	0.00		cached
ok	/site/core/vendor/phpunit/php-code-coverage/src/Exception/XdebugNotEnabledException.php	0.00		cached
ok	/site/core/vendor/phpunit/php-code-coverage/src/Exception/XdebugVersionNotSupportedException.php	0.00		cached
ok	/site/core/vendor/phpunit/php-code-coverage/src/Exception/XmlException.php	0.00		cached
ok	/site/core/vendor/phpunit/php-code-coverage/src/Filter.php	0.00		cached
ok	/site/core/vendor/phpunit/php-code-coverage/src/Node/AbstractNode.php	0.00		cached
ok	/site/core/vendor/phpunit/php-code-coverage/src/Node/Builder.php	0.00		cached
ok	/site/core/vendor/phpunit/php-code-coverage/src/Node/CrapIndex.php	0.00		cached
ok	/site/core/vendor/phpunit/php-code-coverage/src/Node/Directory.php	0.00		cached
fail	/site/core/vendor/phpunit/php-code-coverage/src/Node/File.php	0.00	compile failed (emit): unsupported: a storable reference to an element of a obj-elemented array — the element channel is raw, and a reference box is a cell channel. Every other reader of this array would see a denormal. See docs/design/reference-cells.md. (:2681)	cached
ok	/site/core/vendor/phpunit/php-code-coverage/src/Node/Iterator.php	0.00		cached
ok	/site/core/vendor/phpunit/php-code-coverage/src/Report/Clover.php	0.00		cached
ok	/site/core/vendor/phpunit/php-code-coverage/src/Report/Cobertura.php	0.00		cached
ok	/site/core/vendor/phpunit/php-code-coverage/src/Report/Crap4j.php	0.00		cached
ok	/site/core/vendor/phpunit/php-code-coverage/src/Report/Html/Colors.php	0.00		cached
ok	/site/core/vendor/phpunit/php-code-coverage/src/Report/Html/CustomCssFile.php	0.00		cached
ok	/site/core/vendor/phpunit/php-code-coverage/src/Report/Html/Facade.php	0.00		cached
ok	/site/core/vendor/phpunit/php-code-coverage/src/Report/Html/Renderer.php	0.00		cached
ok	/site/core/vendor/phpunit/php-code-coverage/src/Report/Html/Renderer/Dashboard.php	0.00		cached
ok	/site/core/vendor/phpunit/php-code-coverage/src/Report/Html/Renderer/Directory.php	0.00		cached
ok	/site/core/vendor/phpunit/php-code-coverage/src/Report/Html/Renderer/File.php	0.00		cached
ok	/site/core/vendor/phpunit/php-code-coverage/src/Report/OpenClover.php	0.00		cached
ok	/site/core/vendor/phpunit/php-code-coverage/src/Report/PHP.php	0.00		cached
ok	/site/core/vendor/phpunit/php-code-coverage/src/Report/Text.php	0.00		cached
ok	/site/core/vendor/phpunit/php-code-coverage/src/Report/Thresholds.php	0.00		cached
ok	/site/core/vendor/phpunit/php-code-coverage/src/Report/Xml/BuildInformation.php	0.00		cached
ok	/site/core/vendor/phpunit/php-code-coverage/src/Report/Xml/Coverage.php	0.00		cached
ok	/site/core/vendor/phpunit/php-code-coverage/src/Report/Xml/Directory.php	0.00		cached
ok	/site/core/vendor/phpunit/php-code-coverage/src/Report/Xml/Facade.php	0.00		cached
ok	/site/core/vendor/phpunit/php-code-coverage/src/Report/Xml/File.php	0.00		cached
ok	/site/core/vendor/phpunit/php-code-coverage/src/Report/Xml/Method.php	0.00		cached
ok	/site/core/vendor/phpunit/php-code-coverage/src/Report/Xml/Node.php	0.00		cached
ok	/site/core/vendor/phpunit/php-code-coverage/src/Report/Xml/Project.php	0.00		cached
ok	/site/core/vendor/phpunit/php-code-coverage/src/Report/Xml/Report.php	0.00		cached
ok	/site/core/vendor/phpunit/php-code-coverage/src/Report/Xml/Source.php	0.00		cached
ok	/site/core/vendor/phpunit/php-code-coverage/src/Report/Xml/Tests.php	0.00		cached
ok	/site/core/vendor/phpunit/php-code-coverage/src/Report/Xml/Totals.php	0.00		cached
ok	/site/core/vendor/phpunit/php-code-coverage/src/Report/Xml/Unit.php	0.00		cached
ok	/site/core/vendor/phpunit/php-code-coverage/src/StaticAnalysis/CacheWarmer.php	0.00		cached
ok	/site/core/vendor/phpunit/php-code-coverage/src/StaticAnalysis/CachingSourceAnalyser.php	0.00		cached
ok	/site/core/vendor/phpunit/php-code-coverage/src/StaticAnalysis/FileAnalyser.php	0.00		cached
ok	/site/core/vendor/phpunit/php-code-coverage/src/StaticAnalysis/ParsingSourceAnalyser.php	0.00		cached
ok	/site/core/vendor/phpunit/php-code-coverage/src/StaticAnalysis/SourceAnalyser.php	0.00		cached
ok	/site/core/vendor/phpunit/php-code-coverage/src/StaticAnalysis/Value/AnalysisResult.php	0.00		cached
ok	/site/core/vendor/phpunit/php-code-coverage/src/StaticAnalysis/Value/Class_.php	0.00		cached
ok	/site/core/vendor/phpunit/php-code-coverage/src/StaticAnalysis/Value/Function_.php	0.00		cached
ok	/site/core/vendor/phpunit/php-code-coverage/src/StaticAnalysis/Value/Interface_.php	0.00		cached
ok	/site/core/vendor/phpunit/php-code-coverage/src/StaticAnalysis/Value/LinesOfCode.php	0.00		cached
ok	/site/core/vendor/phpunit/php-code-coverage/src/StaticAnalysis/Value/Method.php	0.00		cached
ok	/site/core/vendor/phpunit/php-code-coverage/src/StaticAnalysis/Value/Trait_.php	0.00		cached
ok	/site/core/vendor/phpunit/php-code-coverage/src/StaticAnalysis/Value/Visibility.php	0.00		cached
ok	/site/core/vendor/phpunit/php-code-coverage/src/StaticAnalysis/Visitor/AttributeParentConnectingVisitor.php	0.00		cached
ok	/site/core/vendor/phpunit/php-code-coverage/src/StaticAnalysis/Visitor/CodeUnitFindingVisitor.php	0.00		cached
ok	/site/core/vendor/phpunit/php-code-coverage/src/StaticAnalysis/Visitor/ExecutableLinesFindingVisitor.php	0.00		cached
ok	/site/core/vendor/phpunit/php-code-coverage/src/StaticAnalysis/Visitor/IgnoredLinesFindingVisitor.php	0.00		cached
ok	/site/core/vendor/phpunit/php-code-coverage/src/Target/Class_.php	0.00		cached
ok	/site/core/vendor/phpunit/php-code-coverage/src/Target/ClassesThatExtendClass.php	0.00		cached
ok	/site/core/vendor/phpunit/php-code-coverage/src/Target/ClassesThatImplementInterface.php	0.00		cached
ok	/site/core/vendor/phpunit/php-code-coverage/src/Target/Function_.php	0.00		cached
ok	/site/core/vendor/phpunit/php-code-coverage/src/Target/MapBuilder.php	0.00		cached
ok	/site/core/vendor/phpunit/php-code-coverage/src/Target/Mapper.php	0.00		cached
ok	/site/core/vendor/phpunit/php-code-coverage/src/Target/Method.php	0.00		cached
ok	/site/core/vendor/phpunit/php-code-coverage/src/Target/Namespace_.php	0.00		cached
ok	/site/core/vendor/phpunit/php-code-coverage/src/Target/Target.php	0.00		cached
ok	/site/core/vendor/phpunit/php-code-coverage/src/Target/TargetCollection.php	0.00		cached
ok	/site/core/vendor/phpunit/php-code-coverage/src/Target/TargetCollectionIterator.php	0.00		cached
ok	/site/core/vendor/phpunit/php-code-coverage/src/Target/TargetCollectionValidator.php	0.00		cached
ok	/site/core/vendor/phpunit/php-code-coverage/src/Target/Trait_.php	0.00		cached
ok	/site/core/vendor/phpunit/php-code-coverage/src/Target/ValidationFailure.php	0.00		cached
ok	/site/core/vendor/phpunit/php-code-coverage/src/Target/ValidationResult.php	0.00		cached
ok	/site/core/vendor/phpunit/php-code-coverage/src/Target/ValidationSuccess.php	0.00		cached
ok	/site/core/vendor/phpunit/php-code-coverage/src/TestSize/Known.php	0.00		cached
ok	/site/core/vendor/phpunit/php-code-coverage/src/TestSize/Large.php	0.00		cached
ok	/site/core/vendor/phpunit/php-code-coverage/src/TestSize/Medium.php	0.00		cached
ok	/site/core/vendor/phpunit/php-code-coverage/src/TestSize/Small.php	0.00		cached
ok	/site/core/vendor/phpunit/php-code-coverage/src/TestSize/TestSize.php	0.00		cached
ok	/site/core/vendor/phpunit/php-code-coverage/src/TestSize/Unknown.php	0.00		cached
ok	/site/core/vendor/phpunit/php-code-coverage/src/TestStatus/Failure.php	0.00		cached
ok	/site/core/vendor/phpunit/php-code-coverage/src/TestStatus/Known.php	0.00		cached
ok	/site/core/vendor/phpunit/php-code-coverage/src/TestStatus/Success.php	0.00		cached
ok	/site/core/vendor/phpunit/php-code-coverage/src/TestStatus/TestStatus.php	0.00		cached
ok	/site/core/vendor/phpunit/php-code-coverage/src/TestStatus/Unknown.php	0.00		cached
ok	/site/core/vendor/phpunit/php-code-coverage/src/Util/Filesystem.php	0.00		cached
ok	/site/core/vendor/phpunit/php-code-coverage/src/Util/Percentage.php	0.00		cached
ok	/site/core/vendor/phpunit/php-code-coverage/src/Util/Xml.php	0.00		cached
ok	/site/core/vendor/phpunit/php-code-coverage/src/Version.php	0.00		cached
ok	/site/core/vendor/phpunit/php-file-iterator/src/ExcludeIterator.php	0.00		cached
ok	/site/core/vendor/phpunit/php-file-iterator/src/Facade.php	0.00		cached
ok	/site/core/vendor/phpunit/php-file-iterator/src/Factory.php	0.00		cached
ok	/site/core/vendor/phpunit/php-file-iterator/src/Iterator.php	0.00		cached
ok	/site/core/vendor/phpunit/php-invoker/src/Invoker.php	0.00		cached
ok	/site/core/vendor/phpunit/php-invoker/src/exceptions/Exception.php	0.00		cached
ok	/site/core/vendor/phpunit/php-invoker/src/exceptions/ProcessControlExtensionNotLoadedException.php	0.00		cached
ok	/site/core/vendor/phpunit/php-invoker/src/exceptions/TimeoutException.php	0.00		cached
ok	/site/core/vendor/phpunit/php-text-template/src/Template.php	0.00		cached
ok	/site/core/vendor/phpunit/php-text-template/src/exceptions/Exception.php	0.00		cached
ok	/site/core/vendor/phpunit/php-text-template/src/exceptions/InvalidArgumentException.php	0.00		cached
ok	/site/core/vendor/phpunit/php-text-template/src/exceptions/RuntimeException.php	0.00		cached
ok	/site/core/vendor/phpunit/php-timer/src/Duration.php	0.00		cached
ok	/site/core/vendor/phpunit/php-timer/src/ResourceUsageFormatter.php	0.00		cached
ok	/site/core/vendor/phpunit/php-timer/src/Timer.php	0.00		cached
ok	/site/core/vendor/phpunit/php-timer/src/exceptions/Exception.php	0.00		cached
ok	/site/core/vendor/phpunit/php-timer/src/exceptions/NoActiveTimerException.php	0.00		cached
ok	/site/core/vendor/phpunit/php-timer/src/exceptions/TimeSinceStartOfRequestNotAvailableException.php	0.00		cached
ok	/site/core/vendor/phpunit/phpunit/src/Event/Dispatcher/CollectingDispatcher.php	0.00		cached
ok	/site/core/vendor/phpunit/phpunit/src/Event/Dispatcher/DeferringDispatcher.php	0.00		cached
ok	/site/core/vendor/phpunit/phpunit/src/Event/Dispatcher/DirectDispatcher.php	0.00		cached
ok	/site/core/vendor/phpunit/phpunit/src/Event/Dispatcher/Dispatcher.php	0.00		cached
ok	/site/core/vendor/phpunit/phpunit/src/Event/Dispatcher/SubscribableDispatcher.php	0.00		cached
ok	/site/core/vendor/phpunit/phpunit/src/Event/Emitter/DispatchingEmitter.php	0.00		cached
ok	/site/core/vendor/phpunit/phpunit/src/Event/Emitter/Emitter.php	0.00		cached
ok	/site/core/vendor/phpunit/phpunit/src/Event/Events/Application/Finished.php	0.00		cached
ok	/site/core/vendor/phpunit/phpunit/src/Event/Events/Application/FinishedSubscriber.php	0.00		cached
ok	/site/core/vendor/phpunit/phpunit/src/Event/Events/Application/Started.php	0.00		cached
ok	/site/core/vendor/phpunit/phpunit/src/Event/Events/Application/StartedSubscriber.php	0.00		cached
ok	/site/core/vendor/phpunit/phpunit/src/Event/Events/Event.php	0.00		cached
ok	/site/core/vendor/phpunit/phpunit/src/Event/Events/EventCollection.php	0.00		cached
ok	/site/core/vendor/phpunit/phpunit/src/Event/Events/EventCollectionIterator.php	0.00		cached
ok	/site/core/vendor/phpunit/phpunit/src/Event/Events/Test/AdditionalInformationProvided.php	0.00		cached
ok	/site/core/vendor/phpunit/phpunit/src/Event/Events/Test/AdditionalInformationProvidedSubscriber.php	0.00		cached
ok	/site/core/vendor/phpunit/phpunit/src/Event/Events/Test/ComparatorRegistered.php	0.00		cached
ok	/site/core/vendor/phpunit/phpunit/src/Event/Events/Test/ComparatorRegisteredSubscriber.php	0.00		cached
ok	/site/core/vendor/phpunit/phpunit/src/Event/Events/Test/CustomTestMethodInvocationUsed.php	0.00		cached
ok	/site/core/vendor/phpunit/phpunit/src/Event/Events/Test/CustomTestMethodInvocationUsedSubscriber.php	0.00		cached
ok	/site/core/vendor/phpunit/phpunit/src/Event/Events/Test/HookMethod/AfterLastTestMethodCalled.php	0.00		cached
ok	/site/core/vendor/phpunit/phpunit/src/Event/Events/Test/HookMethod/AfterLastTestMethodCalledSubscriber.php	0.00		cached
ok	/site/core/vendor/phpunit/phpunit/src/Event/Events/Test/HookMethod/AfterLastTestMethodErrored.php	0.00		cached
ok	/site/core/vendor/phpunit/phpunit/src/Event/Events/Test/HookMethod/AfterLastTestMethodErroredSubscriber.php	0.00		cached
ok	/site/core/vendor/phpunit/phpunit/src/Event/Events/Test/HookMethod/AfterLastTestMethodFailed.php	0.00		cached
ok	/site/core/vendor/phpunit/phpunit/src/Event/Events/Test/HookMethod/AfterLastTestMethodFailedSubscriber.php	0.00		cached
ok	/site/core/vendor/phpunit/phpunit/src/Event/Events/Test/HookMethod/AfterLastTestMethodFinished.php	0.00		cached
ok	/site/core/vendor/phpunit/phpunit/src/Event/Events/Test/HookMethod/AfterLastTestMethodFinishedSubscriber.php	0.00		cached
ok	/site/core/vendor/phpunit/phpunit/src/Event/Events/Test/HookMethod/AfterTestMethodCalled.php	0.00		cached
ok	/site/core/vendor/phpunit/phpunit/src/Event/Events/Test/HookMethod/AfterTestMethodCalledSubscriber.php	0.00		cached
ok	/site/core/vendor/phpunit/phpunit/src/Event/Events/Test/HookMethod/AfterTestMethodErrored.php	0.00		cached
ok	/site/core/vendor/phpunit/phpunit/src/Event/Events/Test/HookMethod/AfterTestMethodErroredSubscriber.php	0.00		cached
ok	/site/core/vendor/phpunit/phpunit/src/Event/Events/Test/HookMethod/AfterTestMethodFailed.php	0.00		cached
ok	/site/core/vendor/phpunit/phpunit/src/Event/Events/Test/HookMethod/AfterTestMethodFailedSubscriber.php	0.00		cached
ok	/site/core/vendor/phpunit/phpunit/src/Event/Events/Test/HookMethod/AfterTestMethodFinished.php	0.00		cached
ok	/site/core/vendor/phpunit/phpunit/src/Event/Events/Test/HookMethod/AfterTestMethodFinishedSubscriber.php	0.00		cached
ok	/site/core/vendor/phpunit/phpunit/src/Event/Events/Test/HookMethod/BeforeFirstTestMethodCalled.php	0.00		cached
ok	/site/core/vendor/phpunit/phpunit/src/Event/Events/Test/HookMethod/BeforeFirstTestMethodCalledSubscriber.php	0.00		cached
ok	/site/core/vendor/phpunit/phpunit/src/Event/Events/Test/HookMethod/BeforeFirstTestMethodErrored.php	0.00		cached
ok	/site/core/vendor/phpunit/phpunit/src/Event/Events/Test/HookMethod/BeforeFirstTestMethodErroredSubscriber.php	0.00		cached
ok	/site/core/vendor/phpunit/phpunit/src/Event/Events/Test/HookMethod/BeforeFirstTestMethodFailed.php	0.00		cached
ok	/site/core/vendor/phpunit/phpunit/src/Event/Events/Test/HookMethod/BeforeFirstTestMethodFailedSubscriber.php	0.00		cached
ok	/site/core/vendor/phpunit/phpunit/src/Event/Events/Test/HookMethod/BeforeFirstTestMethodFinished.php	0.00		cached
ok	/site/core/vendor/phpunit/phpunit/src/Event/Events/Test/HookMethod/BeforeFirstTestMethodFinishedSubscriber.php	0.00		cached
ok	/site/core/vendor/phpunit/phpunit/src/Event/Events/Test/HookMethod/BeforeTestMethodCalled.php	0.00		cached
ok	/site/core/vendor/phpunit/phpunit/src/Event/Events/Test/HookMethod/BeforeTestMethodCalledSubscriber.php	0.00		cached
ok	/site/core/vendor/phpunit/phpunit/src/Event/Events/Test/HookMethod/BeforeTestMethodErrored.php	0.00		cached
ok	/site/core/vendor/phpunit/phpunit/src/Event/Events/Test/HookMethod/BeforeTestMethodErroredSubscriber.php	0.00		cached
ok	/site/core/vendor/phpunit/phpunit/src/Event/Events/Test/HookMethod/BeforeTestMethodFailed.php	0.00		cached
ok	/site/core/vendor/phpunit/phpunit/src/Event/Events/Test/HookMethod/BeforeTestMethodFailedSubscriber.php	0.00		cached
ok	/site/core/vendor/phpunit/phpunit/src/Event/Events/Test/HookMethod/BeforeTestMethodFinished.php	0.00		cached
ok	/site/core/vendor/phpunit/phpunit/src/Event/Events/Test/HookMethod/BeforeTestMethodFinishedSubscriber.php	0.00		cached
ok	/site/core/vendor/phpunit/phpunit/src/Event/Events/Test/HookMethod/PostConditionCalled.php	0.00		cached
ok	/site/core/vendor/phpunit/phpunit/src/Event/Events/Test/HookMethod/PostConditionCalledSubscriber.php	0.00		cached
ok	/site/core/vendor/phpunit/phpunit/src/Event/Events/Test/HookMethod/PostConditionErrored.php	0.00		cached
ok	/site/core/vendor/phpunit/phpunit/src/Event/Events/Test/HookMethod/PostConditionErroredSubscriber.php	0.00		cached
ok	/site/core/vendor/phpunit/phpunit/src/Event/Events/Test/HookMethod/PostConditionFailed.php	0.00		cached
ok	/site/core/vendor/phpunit/phpunit/src/Event/Events/Test/HookMethod/PostConditionFailedSubscriber.php	0.00		cached
ok	/site/core/vendor/phpunit/phpunit/src/Event/Events/Test/HookMethod/PostConditionFinished.php	0.00		cached
ok	/site/core/vendor/phpunit/phpunit/src/Event/Events/Test/HookMethod/PostConditionFinishedSubscriber.php	0.00		cached
ok	/site/core/vendor/phpunit/phpunit/src/Event/Events/Test/HookMethod/PreConditionCalled.php	0.00		cached
ok	/site/core/vendor/phpunit/phpunit/src/Event/Events/Test/HookMethod/PreConditionCalledSubscriber.php	0.00		cached
ok	/site/core/vendor/phpunit/phpunit/src/Event/Events/Test/HookMethod/PreConditionErrored.php	0.00		cached
ok	/site/core/vendor/phpunit/phpunit/src/Event/Events/Test/HookMethod/PreConditionErroredSubscriber.php	0.00		cached
ok	/site/core/vendor/phpunit/phpunit/src/Event/Events/Test/HookMethod/PreConditionFailed.php	0.00		cached
ok	/site/core/vendor/phpunit/phpunit/src/Event/Events/Test/HookMethod/PreConditionFailedSubscriber.php	0.00		cached
ok	/site/core/vendor/phpunit/phpunit/src/Event/Events/Test/HookMethod/PreConditionFinished.php	0.00		cached
ok	/site/core/vendor/phpunit/phpunit/src/Event/Events/Test/HookMethod/PreConditionFinishedSubscriber.php	0.00		cached
ok	/site/core/vendor/phpunit/phpunit/src/Event/Events/Test/Issue/ConsideredRisky.php	0.00		cached
ok	/site/core/vendor/phpunit/phpunit/src/Event/Events/Test/Issue/ConsideredRiskySubscriber.php	0.00		cached
ok	/site/core/vendor/phpunit/phpunit/src/Event/Events/Test/Issue/DeprecationTriggered.php	0.00		cached
ok	/site/core/vendor/phpunit/phpunit/src/Event/Events/Test/Issue/DeprecationTriggeredSubscriber.php	0.00		cached
ok	/site/core/vendor/phpunit/phpunit/src/Event/Events/Test/Issue/ErrorTriggered.php	0.00		cached
ok	/site/core/vendor/phpunit/phpunit/src/Event/Events/Test/Issue/ErrorTriggeredSubscriber.php	0.00		cached
ok	/site/core/vendor/phpunit/phpunit/src/Event/Events/Test/Issue/NoticeTriggered.php	0.00		cached
ok	/site/core/vendor/phpunit/phpunit/src/Event/Events/Test/Issue/NoticeTriggeredSubscriber.php	0.00		cached
ok	/site/core/vendor/phpunit/phpunit/src/Event/Events/Test/Issue/PhpDeprecationTriggered.php	0.00		cached
ok	/site/core/vendor/phpunit/phpunit/src/Event/Events/Test/Issue/PhpDeprecationTriggeredSubscriber.php	0.00		cached
ok	/site/core/vendor/phpunit/phpunit/src/Event/Events/Test/Issue/PhpNoticeTriggered.php	0.00		cached
ok	/site/core/vendor/phpunit/phpunit/src/Event/Events/Test/Issue/PhpNoticeTriggeredSubscriber.php	0.00		cached
ok	/site/core/vendor/phpunit/phpunit/src/Event/Events/Test/Issue/PhpWarningTriggered.php	0.00		cached
ok	/site/core/vendor/phpunit/phpunit/src/Event/Events/Test/Issue/PhpWarningTriggeredSubscriber.php	0.00		cached
ok	/site/core/vendor/phpunit/phpunit/src/Event/Events/Test/Issue/PhpunitDeprecationTriggered.php	0.00		cached
ok	/site/core/vendor/phpunit/phpunit/src/Event/Events/Test/Issue/PhpunitDeprecationTriggeredSubscriber.php	0.00		cached
ok	/site/core/vendor/phpunit/phpunit/src/Event/Events/Test/Issue/PhpunitErrorTriggered.php	0.00		cached
ok	/site/core/vendor/phpunit/phpunit/src/Event/Events/Test/Issue/PhpunitErrorTriggeredSubscriber.php	0.00		cached
ok	/site/core/vendor/phpunit/phpunit/src/Event/Events/Test/Issue/PhpunitNoticeTriggered.php	0.00		cached
ok	/site/core/vendor/phpunit/phpunit/src/Event/Events/Test/Issue/PhpunitNoticeTriggeredSubscriber.php	0.00		cached
ok	/site/core/vendor/phpunit/phpunit/src/Event/Events/Test/Issue/PhpunitWarningTriggered.php	0.00		cached
ok	/site/core/vendor/phpunit/phpunit/src/Event/Events/Test/Issue/PhpunitWarningTriggeredSubscriber.php	0.00		cached
ok	/site/core/vendor/phpunit/phpunit/src/Event/Events/Test/Issue/WarningTriggered.php	0.00		cached
ok	/site/core/vendor/phpunit/phpunit/src/Event/Events/Test/Issue/WarningTriggeredSubscriber.php	0.00		cached
ok	/site/core/vendor/phpunit/phpunit/src/Event/Events/Test/Lifecycle/DataProviderMethodCalled.php	0.00		cached
ok	/site/core/vendor/phpunit/phpunit/src/Event/Events/Test/Lifecycle/DataProviderMethodCalledSubscriber.php	0.00		cached
ok	/site/core/vendor/phpunit/phpunit/src/Event/Events/Test/Lifecycle/DataProviderMethodFinished.php	0.00		cached
ok	/site/core/vendor/phpunit/phpunit/src/Event/Events/Test/Lifecycle/DataProviderMethodFinishedSubscriber.php	0.00		cached
ok	/site/core/vendor/phpunit/phpunit/src/Event/Events/Test/Lifecycle/Finished.php	0.00		cached
ok	/site/core/vendor/phpunit/phpunit/src/Event/Events/Test/Lifecycle/FinishedSubscriber.php	0.00		cached
ok	/site/core/vendor/phpunit/phpunit/src/Event/Events/Test/Lifecycle/PreparationErrored.php	0.00		cached
ok	/site/core/vendor/phpunit/phpunit/src/Event/Events/Test/Lifecycle/PreparationErroredSubscriber.php	0.00		cached
ok	/site/core/vendor/phpunit/phpunit/src/Event/Events/Test/Lifecycle/PreparationFailed.php	0.00		cached
ok	/site/core/vendor/phpunit/phpunit/src/Event/Events/Test/Lifecycle/PreparationFailedSubscriber.php	0.00		cached
ok	/site/core/vendor/phpunit/phpunit/src/Event/Events/Test/Lifecycle/PreparationStarted.php	0.00		cached
ok	/site/core/vendor/phpunit/phpunit/src/Event/Events/Test/Lifecycle/PreparationStartedSubscriber.php	0.00		cached
ok	/site/core/vendor/phpunit/phpunit/src/Event/Events/Test/Lifecycle/Prepared.php	0.00		cached
ok	/site/core/vendor/phpunit/phpunit/src/Event/Events/Test/Lifecycle/PreparedSubscriber.php	0.00		cached
ok	/site/core/vendor/phpunit/phpunit/src/Event/Events/Test/Outcome/Errored.php	0.00		cached
ok	/site/core/vendor/phpunit/phpunit/src/Event/Events/Test/Outcome/ErroredSubscriber.php	0.00		cached
ok	/site/core/vendor/phpunit/phpunit/src/Event/Events/Test/Outcome/Failed.php	0.00		cached
ok	/site/core/vendor/phpunit/phpunit/src/Event/Events/Test/Outcome/FailedSubscriber.php	0.00		cached
ok	/site/core/vendor/phpunit/phpunit/src/Event/Events/Test/Outcome/MarkedIncomplete.php	0.00		cached
ok	/site/core/vendor/phpunit/phpunit/src/Event/Events/Test/Outcome/MarkedIncompleteSubscriber.php	0.00		cached
ok	/site/core/vendor/phpunit/phpunit/src/Event/Events/Test/Outcome/Passed.php	0.00		cached
ok	/site/core/vendor/phpunit/phpunit/src/Event/Events/Test/Outcome/PassedSubscriber.php	0.00		cached
ok	/site/core/vendor/phpunit/phpunit/src/Event/Events/Test/Outcome/Skipped.php	0.00		cached
ok	/site/core/vendor/phpunit/phpunit/src/Event/Events/Test/Outcome/SkippedSubscriber.php	0.00		cached
ok	/site/core/vendor/phpunit/phpunit/src/Event/Events/Test/PrintedUnexpectedOutput.php	0.00		cached
ok	/site/core/vendor/phpunit/phpunit/src/Event/Events/Test/PrintedUnexpectedOutputSubscriber.php	0.00		cached
ok	/site/core/vendor/phpunit/phpunit/src/Event/Events/Test/TestDouble/MockObjectCreated.php	0.00		cached
ok	/site/core/vendor/phpunit/phpunit/src/Event/Events/Test/TestDouble/MockObjectCreatedSubscriber.php	0.00		cached
ok	/site/core/vendor/phpunit/phpunit/src/Event/Events/Test/TestDouble/MockObjectForIntersectionOfInterfacesCreated.php	0.00		cached
ok	/site/core/vendor/phpunit/phpunit/src/Event/Events/Test/TestDouble/MockObjectForIntersectionOfInterfacesCreatedSubscriber.php	0.00		cached
ok	/site/core/vendor/phpunit/phpunit/src/Event/Events/Test/TestDouble/PartialMockObjectCreated.php	0.00		cached
ok	/site/core/vendor/phpunit/phpunit/src/Event/Events/Test/TestDouble/PartialMockObjectCreatedSubscriber.php	0.00		cached
ok	/site/core/vendor/phpunit/phpunit/src/Event/Events/Test/TestDouble/TestStubCreated.php	0.00		cached
ok	/site/core/vendor/phpunit/phpunit/src/Event/Events/Test/TestDouble/TestStubCreatedSubscriber.php	0.00		cached
ok	/site/core/vendor/phpunit/phpunit/src/Event/Events/Test/TestDouble/TestStubForIntersectionOfInterfacesCreated.php	0.00		cached
ok	/site/core/vendor/phpunit/phpunit/src/Event/Events/Test/TestDouble/TestStubForIntersectionOfInterfacesCreatedSubscriber.php	0.00		cached
ok	/site/core/vendor/phpunit/phpunit/src/Event/Events/TestRunner/BootstrapFinished.php	0.00		cached
ok	/site/core/vendor/phpunit/phpunit/src/Event/Events/TestRunner/BootstrapFinishedSubscriber.php	0.00		cached
ok	/site/core/vendor/phpunit/phpunit/src/Event/Events/TestRunner/ChildProcessErrored.php	0.00		cached
ok	/site/core/vendor/phpunit/phpunit/src/Event/Events/TestRunner/ChildProcessErroredSubscriber.php	0.00		cached
ok	/site/core/vendor/phpunit/phpunit/src/Event/Events/TestRunner/ChildProcessFinished.php	0.00		cached
ok	/site/core/vendor/phpunit/phpunit/src/Event/Events/TestRunner/ChildProcessFinishedSubscriber.php	0.00		cached
ok	/site/core/vendor/phpunit/phpunit/src/Event/Events/TestRunner/ChildProcessStarted.php	0.00		cached
ok	/site/core/vendor/phpunit/phpunit/src/Event/Events/TestRunner/ChildProcessStartedSubscriber.php	0.00		cached
ok	/site/core/vendor/phpunit/phpunit/src/Event/Events/TestRunner/Configured.php	0.00		cached
ok	/site/core/vendor/phpunit/phpunit/src/Event/Events/TestRunner/ConfiguredSubscriber.php	0.00		cached
ok	/site/core/vendor/phpunit/phpunit/src/Event/Events/TestRunner/DeprecationTriggered.php	0.00		cached
ok	/site/core/vendor/phpunit/phpunit/src/Event/Events/TestRunner/DeprecationTriggeredSubscriber.php	0.00		cached
ok	/site/core/vendor/phpunit/phpunit/src/Event/Events/TestRunner/EventFacadeSealed.php	0.00		cached
ok	/site/core/vendor/phpunit/phpunit/src/Event/Events/TestRunner/EventFacadeSealedSubscriber.php	0.00		cached
ok	/site/core/vendor/phpunit/phpunit/src/Event/Events/TestRunner/ExecutionAborted.php	0.00		cached
ok	/site/core/vendor/phpunit/phpunit/src/Event/Events/TestRunner/ExecutionAbortedSubscriber.php	0.00		cached
ok	/site/core/vendor/phpunit/phpunit/src/Event/Events/TestRunner/ExecutionFinished.php	0.00		cached
ok	/site/core/vendor/phpunit/phpunit/src/Event/Events/TestRunner/ExecutionFinishedSubscriber.php	0.00		cached
ok	/site/core/vendor/phpunit/phpunit/src/Event/Events/TestRunner/ExecutionStarted.php	0.00		cached
ok	/site/core/vendor/phpunit/phpunit/src/Event/Events/TestRunner/ExecutionStartedSubscriber.php	0.00		cached
ok	/site/core/vendor/phpunit/phpunit/src/Event/Events/TestRunner/ExtensionBootstrapped.php	0.00		cached
ok	/site/core/vendor/phpunit/phpunit/src/Event/Events/TestRunner/ExtensionBootstrappedSubscriber.php	0.00		cached
ok	/site/core/vendor/phpunit/phpunit/src/Event/Events/TestRunner/ExtensionLoadedFromPhar.php	0.00		cached
ok	/site/core/vendor/phpunit/phpunit/src/Event/Events/TestRunner/ExtensionLoadedFromPharSubscriber.php	0.00		cached
ok	/site/core/vendor/phpunit/phpunit/src/Event/Events/TestRunner/Finished.php	0.00		cached
ok	/site/core/vendor/phpunit/phpunit/src/Event/Events/TestRunner/FinishedSubscriber.php	0.00		cached
ok	/site/core/vendor/phpunit/phpunit/src/Event/Events/TestRunner/GarbageCollectionDisabled.php	0.00		cached
ok	/site/core/vendor/phpunit/phpunit/src/Event/Events/TestRunner/GarbageCollectionDisabledSubscriber.php	0.00		cached
ok	/site/core/vendor/phpunit/phpunit/src/Event/Events/TestRunner/GarbageCollectionEnabled.php	0.00		cached
ok	/site/core/vendor/phpunit/phpunit/src/Event/Events/TestRunner/GarbageCollectionEnabledSubscriber.php	0.00		cached
ok	/site/core/vendor/phpunit/phpunit/src/Event/Events/TestRunner/GarbageCollectionTriggered.php	0.00		cached
ok	/site/core/vendor/phpunit/phpunit/src/Event/Events/TestRunner/GarbageCollectionTriggeredSubscriber.php	0.00		cached
ok	/site/core/vendor/phpunit/phpunit/src/Event/Events/TestRunner/NoticeTriggered.php	0.00		cached
ok	/site/core/vendor/phpunit/phpunit/src/Event/Events/TestRunner/NoticeTriggeredSubscriber.php	0.00		cached
ok	/site/core/vendor/phpunit/phpunit/src/Event/Events/TestRunner/Started.php	0.00		cached
ok	/site/core/vendor/phpunit/phpunit/src/Event/Events/TestRunner/StartedSubscriber.php	0.00		cached
ok	/site/core/vendor/phpunit/phpunit/src/Event/Events/TestRunner/StaticAnalysisForCodeCoverageFinished.php	0.00		cached
ok	/site/core/vendor/phpunit/phpunit/src/Event/Events/TestRunner/StaticAnalysisForCodeCoverageFinishedSubscriber.php	0.00		cached
ok	/site/core/vendor/phpunit/phpunit/src/Event/Events/TestRunner/StaticAnalysisForCodeCoverageStarted.php	0.00		cached
ok	/site/core/vendor/phpunit/phpunit/src/Event/Events/TestRunner/StaticAnalysisForCodeCoverageStartedSubscriber.php	0.00		cached
ok	/site/core/vendor/phpunit/phpunit/src/Event/Events/TestRunner/WarningTriggered.php	0.00		cached
ok	/site/core/vendor/phpunit/phpunit/src/Event/Events/TestRunner/WarningTriggeredSubscriber.php	0.00		cached
ok	/site/core/vendor/phpunit/phpunit/src/Event/Events/TestSuite/Filtered.php	0.00		cached
ok	/site/core/vendor/phpunit/phpunit/src/Event/Events/TestSuite/FilteredSubscriber.php	0.00		cached
ok	/site/core/vendor/phpunit/phpunit/src/Event/Events/TestSuite/Finished.php	0.00		cached
ok	/site/core/vendor/phpunit/phpunit/src/Event/Events/TestSuite/FinishedSubscriber.php	0.00		cached
ok	/site/core/vendor/phpunit/phpunit/src/Event/Events/TestSuite/Loaded.php	0.00		cached
ok	/site/core/vendor/phpunit/phpunit/src/Event/Events/TestSuite/LoadedSubscriber.php	0.00		cached
ok	/site/core/vendor/phpunit/phpunit/src/Event/Events/TestSuite/Skipped.php	0.00		cached
ok	/site/core/vendor/phpunit/phpunit/src/Event/Events/TestSuite/SkippedSubscriber.php	0.00		cached
ok	/site/core/vendor/phpunit/phpunit/src/Event/Events/TestSuite/Sorted.php	0.00		cached
ok	/site/core/vendor/phpunit/phpunit/src/Event/Events/TestSuite/SortedSubscriber.php	0.00		cached
ok	/site/core/vendor/phpunit/phpunit/src/Event/Events/TestSuite/Started.php	0.00		cached
ok	/site/core/vendor/phpunit/phpunit/src/Event/Events/TestSuite/StartedSubscriber.php	0.00		cached
ok	/site/core/vendor/phpunit/phpunit/src/Event/Exception/EventAlreadyAssignedException.php	0.00		cached
ok	/site/core/vendor/phpunit/phpunit/src/Event/Exception/EventFacadeIsSealedException.php	0.00		cached
ok	/site/core/vendor/phpunit/phpunit/src/Event/Exception/Exception.php	0.00		cached
ok	/site/core/vendor/phpunit/phpunit/src/Event/Exception/InvalidArgumentException.php	0.00		cached
ok	/site/core/vendor/phpunit/phpunit/src/Event/Exception/InvalidEventException.php	0.00		cached
ok	/site/core/vendor/phpunit/phpunit/src/Event/Exception/InvalidSubscriberException.php	0.00		cached
ok	/site/core/vendor/phpunit/phpunit/src/Event/Exception/MapError.php	0.00		cached
ok	/site/core/vendor/phpunit/phpunit/src/Event/Exception/NoComparisonFailureException.php	0.00		cached
ok	/site/core/vendor/phpunit/phpunit/src/Event/Exception/NoDataSetFromDataProviderException.php	0.00		cached
ok	/site/core/vendor/phpunit/phpunit/src/Event/Exception/NoPreviousThrowableException.php	0.00		cached
ok	/site/core/vendor/phpunit/phpunit/src/Event/Exception/NoTestCaseObjectOnCallStackException.php	0.00		cached
ok	/site/core/vendor/phpunit/phpunit/src/Event/Exception/RuntimeException.php	0.00		cached
ok	/site/core/vendor/phpunit/phpunit/src/Event/Exception/SubscriberTypeAlreadyRegisteredException.php	0.00		cached
ok	/site/core/vendor/phpunit/phpunit/src/Event/Exception/UnknownEventException.php	0.00		cached
ok	/site/core/vendor/phpunit/phpunit/src/Event/Exception/UnknownEventTypeException.php	0.00		cached
ok	/site/core/vendor/phpunit/phpunit/src/Event/Exception/UnknownSubscriberException.php	0.00		cached
ok	/site/core/vendor/phpunit/phpunit/src/Event/Exception/UnknownSubscriberTypeException.php	0.00		cached
ok	/site/core/vendor/phpunit/phpunit/src/Event/Facade.php	0.00		cached
ok	/site/core/vendor/phpunit/phpunit/src/Event/Subscriber.php	0.00		cached
ok	/site/core/vendor/phpunit/phpunit/src/Event/Tracer.php	0.00		cached
ok	/site/core/vendor/phpunit/phpunit/src/Event/TypeMap.php	0.00		cached
ok	/site/core/vendor/phpunit/phpunit/src/Event/Value/ClassMethod.php	0.00		cached
ok	/site/core/vendor/phpunit/phpunit/src/Event/Value/ComparisonFailure.php	0.00		cached
ok	/site/core/vendor/phpunit/phpunit/src/Event/Value/ComparisonFailureBuilder.php	0.00		cached
ok	/site/core/vendor/phpunit/phpunit/src/Event/Value/Runtime/OperatingSystem.php	0.00		cached
ok	/site/core/vendor/phpunit/phpunit/src/Event/Value/Runtime/PHP.php	0.00		cached
ok	/site/core/vendor/phpunit/phpunit/src/Event/Value/Runtime/PHPUnit.php	0.00		cached
ok	/site/core/vendor/phpunit/phpunit/src/Event/Value/Runtime/Runtime.php	0.00		cached
ok	/site/core/vendor/phpunit/phpunit/src/Event/Value/Telemetry/Duration.php	0.00		cached
ok	/site/core/vendor/phpunit/phpunit/src/Event/Value/Telemetry/GarbageCollectorStatus.php	0.00		cached
ok	/site/core/vendor/phpunit/phpunit/src/Event/Value/Telemetry/GarbageCollectorStatusProvider.php	0.00		cached
ok	/site/core/vendor/phpunit/phpunit/src/Event/Value/Telemetry/HRTime.php	0.00		cached
ok	/site/core/vendor/phpunit/phpunit/src/Event/Value/Telemetry/Info.php	0.00		cached
ok	/site/core/vendor/phpunit/phpunit/src/Event/Value/Telemetry/MemoryMeter.php	0.00		cached
ok	/site/core/vendor/phpunit/phpunit/src/Event/Value/Telemetry/MemoryUsage.php	0.00		cached
ok	/site/core/vendor/phpunit/phpunit/src/Event/Value/Telemetry/Snapshot.php	0.00		cached
ok	/site/core/vendor/phpunit/phpunit/src/Event/Value/Telemetry/StopWatch.php	0.00		cached
ok	/site/core/vendor/phpunit/phpunit/src/Event/Value/Telemetry/System.php	0.00		cached
ok	/site/core/vendor/phpunit/phpunit/src/Event/Value/Telemetry/SystemGarbageCollectorStatusProvider.php	0.00		cached
ok	/site/core/vendor/phpunit/phpunit/src/Event/Value/Telemetry/SystemMemoryMeter.php	0.00		cached
ok	/site/core/vendor/phpunit/phpunit/src/Event/Value/Telemetry/SystemStopWatch.php	0.00		cached
ok	/site/core/vendor/phpunit/phpunit/src/Event/Value/Telemetry/SystemStopWatchWithOffset.php	0.00		cached
ok	/site/core/vendor/phpunit/phpunit/src/Event/Value/Test/Issue/Code.php	0.00		cached
ok	/site/core/vendor/phpunit/phpunit/src/Event/Value/Test/Issue/IssueTrigger.php	0.00		cached
ok	/site/core/vendor/phpunit/phpunit/src/Event/Value/Test/Phpt.php	0.00		cached
ok	/site/core/vendor/phpunit/phpunit/src/Event/Value/Test/Test.php	0.00		cached
ok	/site/core/vendor/phpunit/phpunit/src/Event/Value/Test/TestCollection.php	0.00		cached
ok	/site/core/vendor/phpunit/phpunit/src/Event/Value/Test/TestCollectionIterator.php	0.00		cached
ok	/site/core/vendor/phpunit/phpunit/src/Event/Value/Test/TestData/DataFromDataProvider.php	0.00		cached
ok	/site/core/vendor/phpunit/phpunit/src/Event/Value/Test/TestData/DataFromTestDependency.php	0.00		cached
ok	/site/core/vendor/phpunit/phpunit/src/Event/Value/Test/TestData/TestData.php	0.00		cached
ok	/site/core/vendor/phpunit/phpunit/src/Event/Value/Test/TestData/TestDataCollection.php	0.00		cached
ok	/site/core/vendor/phpunit/phpunit/src/Event/Value/Test/TestData/TestDataCollectionIterator.php	0.00		cached
ok	/site/core/vendor/phpunit/phpunit/src/Event/Value/Test/TestDox.php	0.00		cached
ok	/site/core/vendor/phpunit/phpunit/src/Event/Value/Test/TestDoxBuilder.php	0.00		cached
ok	/site/core/vendor/phpunit/phpunit/src/Event/Value/Test/TestMethod.php	0.00		cached
ok	/site/core/vendor/phpunit/phpunit/src/Event/Value/Test/TestMethodBuilder.php	0.00		cached
ok	/site/core/vendor/phpunit/phpunit/src/Event/Value/TestSuite/TestSuite.php	0.00		cached
ok	/site/core/vendor/phpunit/phpunit/src/Event/Value/TestSuite/TestSuiteBuilder.php	0.00		cached
ok	/site/core/vendor/phpunit/phpunit/src/Event/Value/TestSuite/TestSuiteForTestClass.php	0.00		cached
ok	/site/core/vendor/phpunit/phpunit/src/Event/Value/TestSuite/TestSuiteForTestMethodWithDataProvider.php	0.00		cached
ok	/site/core/vendor/phpunit/phpunit/src/Event/Value/TestSuite/TestSuiteWithName.php	0.00		cached
ok	/site/core/vendor/phpunit/phpunit/src/Event/Value/Throwable.php	0.00		cached
ok	/site/core/vendor/phpunit/phpunit/src/Event/Value/ThrowableBuilder.php	0.00		cached
ok	/site/core/vendor/phpunit/phpunit/src/Exception.php	0.00		cached
ok	/site/core/vendor/phpunit/phpunit/src/Framework/Assert.php	0.00		cached
fail	/site/core/vendor/phpunit/phpunit/src/Framework/Assert/Functions.php	0.00	/site/core/vendor/phpunit/phpunit/src/Framework/Assert/Functions.php: parse failed: expected function name at line 3396, column 14	cached
ok	/site/core/vendor/phpunit/phpunit/src/Framework/Attributes/After.php	0.00		cached
ok	/site/core/vendor/phpunit/phpunit/src/Framework/Attributes/AfterClass.php	0.00		cached
ok	/site/core/vendor/phpunit/phpunit/src/Framework/Attributes/AllowMockObjectsWithoutExpectations.php	0.00		cached
ok	/site/core/vendor/phpunit/phpunit/src/Framework/Attributes/BackupGlobals.php	0.00		cached
ok	/site/core/vendor/phpunit/phpunit/src/Framework/Attributes/BackupStaticProperties.php	0.00		cached
ok	/site/core/vendor/phpunit/phpunit/src/Framework/Attributes/Before.php	0.00		cached
ok	/site/core/vendor/phpunit/phpunit/src/Framework/Attributes/BeforeClass.php	0.00		cached
ok	/site/core/vendor/phpunit/phpunit/src/Framework/Attributes/CoversClass.php	0.00		cached
ok	/site/core/vendor/phpunit/phpunit/src/Framework/Attributes/CoversClassesThatExtendClass.php	0.00		cached
ok	/site/core/vendor/phpunit/phpunit/src/Framework/Attributes/CoversClassesThatImplementInterface.php	0.00		cached
ok	/site/core/vendor/phpunit/phpunit/src/Framework/Attributes/CoversFunction.php	0.00		cached
ok	/site/core/vendor/phpunit/phpunit/src/Framework/Attributes/CoversMethod.php	0.00		cached
ok	/site/core/vendor/phpunit/phpunit/src/Framework/Attributes/CoversNamespace.php	0.00		cached
ok	/site/core/vendor/phpunit/phpunit/src/Framework/Attributes/CoversNothing.php	0.00		cached
ok	/site/core/vendor/phpunit/phpunit/src/Framework/Attributes/CoversTrait.php	0.00		cached
ok	/site/core/vendor/phpunit/phpunit/src/Framework/Attributes/DataProvider.php	0.00		cached
ok	/site/core/vendor/phpunit/phpunit/src/Framework/Attributes/DataProviderExternal.php	0.00		cached
ok	/site/core/vendor/phpunit/phpunit/src/Framework/Attributes/Depends.php	0.00		cached
ok	/site/core/vendor/phpunit/phpunit/src/Framework/Attributes/DependsExternal.php	0.00		cached
ok	/site/core/vendor/phpunit/phpunit/src/Framework/Attributes/DependsExternalUsingDeepClone.php	0.00		cached
ok	/site/core/vendor/phpunit/phpunit/src/Framework/Attributes/DependsExternalUsingShallowClone.php	0.00		cached
ok	/site/core/vendor/phpunit/phpunit/src/Framework/Attributes/DependsOnClass.php	0.00		cached
ok	/site/core/vendor/phpunit/phpunit/src/Framework/Attributes/DependsOnClassUsingDeepClone.php	0.00		cached
ok	/site/core/vendor/phpunit/phpunit/src/Framework/Attributes/DependsOnClassUsingShallowClone.php	0.00		cached
ok	/site/core/vendor/phpunit/phpunit/src/Framework/Attributes/DependsUsingDeepClone.php	0.00		cached
ok	/site/core/vendor/phpunit/phpunit/src/Framework/Attributes/DependsUsingShallowClone.php	0.00		cached
ok	/site/core/vendor/phpunit/phpunit/src/Framework/Attributes/DisableReturnValueGenerationForTestDoubles.php	0.00		cached
ok	/site/core/vendor/phpunit/phpunit/src/Framework/Attributes/DoesNotPerformAssertions.php	0.00		cached
ok	/site/core/vendor/phpunit/phpunit/src/Framework/Attributes/ExcludeGlobalVariableFromBackup.php	0.00		cached
ok	/site/core/vendor/phpunit/phpunit/src/Framework/Attributes/ExcludeStaticPropertyFromBackup.php	0.00		cached
ok	/site/core/vendor/phpunit/phpunit/src/Framework/Attributes/Group.php	0.00		cached
ok	/site/core/vendor/phpunit/phpunit/src/Framework/Attributes/IgnoreDeprecations.php	0.00		cached
ok	/site/core/vendor/phpunit/phpunit/src/Framework/Attributes/IgnorePhpunitDeprecations.php	0.00		cached
ok	/site/core/vendor/phpunit/phpunit/src/Framework/Attributes/IgnorePhpunitWarnings.php	0.00		cached
ok	/site/core/vendor/phpunit/phpunit/src/Framework/Attributes/Large.php	0.00		cached
ok	/site/core/vendor/phpunit/phpunit/src/Framework/Attributes/Medium.php	0.00		cached
ok	/site/core/vendor/phpunit/phpunit/src/Framework/Attributes/PostCondition.php	0.00		cached
ok	/site/core/vendor/phpunit/phpunit/src/Framework/Attributes/PreCondition.php	0.00		cached
ok	/site/core/vendor/phpunit/phpunit/src/Framework/Attributes/PreserveGlobalState.php	0.00		cached
ok	/site/core/vendor/phpunit/phpunit/src/Framework/Attributes/RequiresEnvironmentVariable.php	0.00		cached
ok	/site/core/vendor/phpunit/phpunit/src/Framework/Attributes/RequiresFunction.php	0.00		cached
ok	/site/core/vendor/phpunit/phpunit/src/Framework/Attributes/RequiresMethod.php	0.00		cached
ok	/site/core/vendor/phpunit/phpunit/src/Framework/Attributes/RequiresOperatingSystem.php	0.00		cached
ok	/site/core/vendor/phpunit/phpunit/src/Framework/Attributes/RequiresOperatingSystemFamily.php	0.00		cached
ok	/site/core/vendor/phpunit/phpunit/src/Framework/Attributes/RequiresPhp.php	0.00		cached
ok	/site/core/vendor/phpunit/phpunit/src/Framework/Attributes/RequiresPhpExtension.php	0.00		cached
ok	/site/core/vendor/phpunit/phpunit/src/Framework/Attributes/RequiresPhpunit.php	0.00		cached
ok	/site/core/vendor/phpunit/phpunit/src/Framework/Attributes/RequiresPhpunitExtension.php	0.00		cached
ok	/site/core/vendor/phpunit/phpunit/src/Framework/Attributes/RequiresSetting.php	0.00		cached
ok	/site/core/vendor/phpunit/phpunit/src/Framework/Attributes/RunClassInSeparateProcess.php	0.00		cached
ok	/site/core/vendor/phpunit/phpunit/src/Framework/Attributes/RunInSeparateProcess.php	0.00		cached
ok	/site/core/vendor/phpunit/phpunit/src/Framework/Attributes/RunTestsInSeparateProcesses.php	0.00		cached
ok	/site/core/vendor/phpunit/phpunit/src/Framework/Attributes/Small.php	0.00		cached
ok	/site/core/vendor/phpunit/phpunit/src/Framework/Attributes/Test.php	0.00		cached
ok	/site/core/vendor/phpunit/phpunit/src/Framework/Attributes/TestDox.php	0.00		cached
ok	/site/core/vendor/phpunit/phpunit/src/Framework/Attributes/TestDoxFormatter.php	0.00		cached
ok	/site/core/vendor/phpunit/phpunit/src/Framework/Attributes/TestDoxFormatterExternal.php	0.00		cached
ok	/site/core/vendor/phpunit/phpunit/src/Framework/Attributes/TestWith.php	0.00		cached
ok	/site/core/vendor/phpunit/phpunit/src/Framework/Attributes/TestWithJson.php	0.00		cached
ok	/site/core/vendor/phpunit/phpunit/src/Framework/Attributes/Ticket.php	0.00		cached
ok	/site/core/vendor/phpunit/phpunit/src/Framework/Attributes/UsesClass.php	0.00		cached
ok	/site/core/vendor/phpunit/phpunit/src/Framework/Attributes/UsesClassesThatExtendClass.php	0.00		cached
ok	/site/core/vendor/phpunit/phpunit/src/Framework/Attributes/UsesClassesThatImplementInterface.php	0.00		cached
ok	/site/core/vendor/phpunit/phpunit/src/Framework/Attributes/UsesFunction.php	0.00		cached
ok	/site/core/vendor/phpunit/phpunit/src/Framework/Attributes/UsesMethod.php	0.00		cached
ok	/site/core/vendor/phpunit/phpunit/src/Framework/Attributes/UsesNamespace.php	0.00		cached
ok	/site/core/vendor/phpunit/phpunit/src/Framework/Attributes/UsesTrait.php	0.00		cached
ok	/site/core/vendor/phpunit/phpunit/src/Framework/Attributes/WithEnvironmentVariable.php	0.00		cached
ok	/site/core/vendor/phpunit/phpunit/src/Framework/Attributes/WithoutErrorHandler.php	0.00		cached
ok	/site/core/vendor/phpunit/phpunit/src/Framework/Constraint/Boolean/IsFalse.php	0.00		cached
ok	/site/core/vendor/phpunit/phpunit/src/Framework/Constraint/Boolean/IsTrue.php	0.00		cached
ok	/site/core/vendor/phpunit/phpunit/src/Framework/Constraint/Callback.php	0.00		cached
ok	/site/core/vendor/phpunit/phpunit/src/Framework/Constraint/Cardinality/Count.php	0.00		cached
ok	/site/core/vendor/phpunit/phpunit/src/Framework/Constraint/Cardinality/GreaterThan.php	0.00		cached
ok	/site/core/vendor/phpunit/phpunit/src/Framework/Constraint/Cardinality/IsEmpty.php	0.00		cached
ok	/site/core/vendor/phpunit/phpunit/src/Framework/Constraint/Cardinality/LessThan.php	0.00		cached
ok	/site/core/vendor/phpunit/phpunit/src/Framework/Constraint/Cardinality/SameSize.php	0.00		cached
ok	/site/core/vendor/phpunit/phpunit/src/Framework/Constraint/Constraint.php	0.00		cached
ok	/site/core/vendor/phpunit/phpunit/src/Framework/Constraint/Equality/IsEqual.php	0.00		cached
ok	/site/core/vendor/phpunit/phpunit/src/Framework/Constraint/Equality/IsEqualCanonicalizing.php	0.00		cached
ok	/site/core/vendor/phpunit/phpunit/src/Framework/Constraint/Equality/IsEqualIgnoringCase.php	0.00		cached
ok	/site/core/vendor/phpunit/phpunit/src/Framework/Constraint/Equality/IsEqualWithDelta.php	0.00		cached
ok	/site/core/vendor/phpunit/phpunit/src/Framework/Constraint/Exception/Exception.php	0.00		cached
ok	/site/core/vendor/phpunit/phpunit/src/Framework/Constraint/Exception/ExceptionCode.php	0.00		cached
ok	/site/core/vendor/phpunit/phpunit/src/Framework/Constraint/Exception/ExceptionMessageIsOrContains.php	0.00		cached
ok	/site/core/vendor/phpunit/phpunit/src/Framework/Constraint/Exception/ExceptionMessageMatchesRegularExpression.php	0.00		cached
ok	/site/core/vendor/phpunit/phpunit/src/Framework/Constraint/Filesystem/DirectoryExists.php	0.00		cached
ok	/site/core/vendor/phpunit/phpunit/src/Framework/Constraint/Filesystem/FileExists.php	0.00		cached
ok	/site/core/vendor/phpunit/phpunit/src/Framework/Constraint/Filesystem/IsReadable.php	0.00		cached
ok	/site/core/vendor/phpunit/phpunit/src/Framework/Constraint/Filesystem/IsWritable.php	0.00		cached
ok	/site/core/vendor/phpunit/phpunit/src/Framework/Constraint/IsAnything.php	0.00		cached
ok	/site/core/vendor/phpunit/phpunit/src/Framework/Constraint/IsIdentical.php	0.00		cached
ok	/site/core/vendor/phpunit/phpunit/src/Framework/Constraint/JsonMatches.php	0.00		cached
ok	/site/core/vendor/phpunit/phpunit/src/Framework/Constraint/Math/IsFinite.php	0.00		cached
ok	/site/core/vendor/phpunit/phpunit/src/Framework/Constraint/Math/IsInfinite.php	0.00		cached
ok	/site/core/vendor/phpunit/phpunit/src/Framework/Constraint/Math/IsNan.php	0.00		cached
ok	/site/core/vendor/phpunit/phpunit/src/Framework/Constraint/Object/ObjectEquals.php	0.00		cached
ok	/site/core/vendor/phpunit/phpunit/src/Framework/Constraint/Object/ObjectHasProperty.php	0.00		cached
ok	/site/core/vendor/phpunit/phpunit/src/Framework/Constraint/Operator/BinaryOperator.php	0.00		cached
ok	/site/core/vendor/phpunit/phpunit/src/Framework/Constraint/Operator/LogicalAnd.php	0.00		cached
ok	/site/core/vendor/phpunit/phpunit/src/Framework/Constraint/Operator/LogicalNot.php	0.00		cached
ok	/site/core/vendor/phpunit/phpunit/src/Framework/Constraint/Operator/LogicalOr.php	0.00		cached
ok	/site/core/vendor/phpunit/phpunit/src/Framework/Constraint/Operator/LogicalXor.php	0.00		cached
ok	/site/core/vendor/phpunit/phpunit/src/Framework/Constraint/Operator/Operator.php	0.00		cached
ok	/site/core/vendor/phpunit/phpunit/src/Framework/Constraint/Operator/UnaryOperator.php	0.00		cached
ok	/site/core/vendor/phpunit/phpunit/src/Framework/Constraint/String/IsJson.php	0.00		cached
ok	/site/core/vendor/phpunit/phpunit/src/Framework/Constraint/String/RegularExpression.php	0.00		cached
ok	/site/core/vendor/phpunit/phpunit/src/Framework/Constraint/String/StringContains.php	0.00		cached
ok	/site/core/vendor/phpunit/phpunit/src/Framework/Constraint/String/StringEndsWith.php	0.00		cached
ok	/site/core/vendor/phpunit/phpunit/src/Framework/Constraint/String/StringEqualsStringIgnoringLineEndings.php	0.00		cached
ok	/site/core/vendor/phpunit/phpunit/src/Framework/Constraint/String/StringMatchesFormatDescription.php	0.00		cached
ok	/site/core/vendor/phpunit/phpunit/src/Framework/Constraint/String/StringStartsWith.php	0.00		cached
ok	/site/core/vendor/phpunit/phpunit/src/Framework/Constraint/Traversable/ArrayHasKey.php	0.00		cached
ok	/site/core/vendor/phpunit/phpunit/src/Framework/Constraint/Traversable/IsList.php	0.00		cached
ok	/site/core/vendor/phpunit/phpunit/src/Framework/Constraint/Traversable/TraversableContains.php	0.00		cached
ok	/site/core/vendor/phpunit/phpunit/src/Framework/Constraint/Traversable/TraversableContainsEqual.php	0.00		cached
ok	/site/core/vendor/phpunit/phpunit/src/Framework/Constraint/Traversable/TraversableContainsIdentical.php	0.00		cached
ok	/site/core/vendor/phpunit/phpunit/src/Framework/Constraint/Traversable/TraversableContainsOnly.php	0.00		cached
ok	/site/core/vendor/phpunit/phpunit/src/Framework/Constraint/Type/IsInstanceOf.php	0.00		cached
ok	/site/core/vendor/phpunit/phpunit/src/Framework/Constraint/Type/IsNull.php	0.00		cached
ok	/site/core/vendor/phpunit/phpunit/src/Framework/Constraint/Type/IsType.php	0.00		cached
ok	/site/core/vendor/phpunit/phpunit/src/Framework/DataProviderTestSuite.php	0.00		cached
ok	/site/core/vendor/phpunit/phpunit/src/Framework/Exception/AssertionFailedError.php	0.00		cached
ok	/site/core/vendor/phpunit/phpunit/src/Framework/Exception/EmptyStringException.php	0.00		cached
ok	/site/core/vendor/phpunit/phpunit/src/Framework/Exception/ErrorLogNotWritableException.php	0.00		cached
ok	/site/core/vendor/phpunit/phpunit/src/Framework/Exception/Exception.php	0.00		cached
ok	/site/core/vendor/phpunit/phpunit/src/Framework/Exception/ExpectationFailedException.php	0.00		cached
ok	/site/core/vendor/phpunit/phpunit/src/Framework/Exception/GeneratorNotSupportedException.php	0.00		cached
ok	/site/core/vendor/phpunit/phpunit/src/Framework/Exception/Incomplete/IncompleteTest.php	0.00		cached
ok	/site/core/vendor/phpunit/phpunit/src/Framework/Exception/Incomplete/IncompleteTestError.php	0.00		cached
ok	/site/core/vendor/phpunit/phpunit/src/Framework/Exception/InvalidArgumentException.php	0.00		cached
ok	/site/core/vendor/phpunit/phpunit/src/Framework/Exception/InvalidDataProviderException.php	0.00		cached
ok	/site/core/vendor/phpunit/phpunit/src/Framework/Exception/InvalidDependencyException.php	0.00		cached
ok	/site/core/vendor/phpunit/phpunit/src/Framework/Exception/NoChildTestSuiteException.php	0.00		cached
ok	/site/core/vendor/phpunit/phpunit/src/Framework/Exception/ObjectEquals/ActualValueIsNotAnObjectException.php	0.00		cached
ok	/site/core/vendor/phpunit/phpunit/src/Framework/Exception/ObjectEquals/ComparisonMethodDoesNotAcceptParameterTypeException.php	0.00		cached
ok	/site/core/vendor/phpunit/phpunit/src/Framework/Exception/ObjectEquals/ComparisonMethodDoesNotDeclareBoolReturnTypeException.php	0.00		cached
ok	/site/core/vendor/phpunit/phpunit/src/Framework/Exception/ObjectEquals/ComparisonMethodDoesNotDeclareExactlyOneParameterException.php	0.00		cached
ok	/site/core/vendor/phpunit/phpunit/src/Framework/Exception/ObjectEquals/ComparisonMethodDoesNotDeclareParameterTypeException.php	0.00		cached
ok	/site/core/vendor/phpunit/phpunit/src/Framework/Exception/ObjectEquals/ComparisonMethodDoesNotExistException.php	0.00		cached
ok	/site/core/vendor/phpunit/phpunit/src/Framework/Exception/PhptAssertionFailedError.php	0.00		cached
ok	/site/core/vendor/phpunit/phpunit/src/Framework/Exception/ProcessIsolationException.php	0.00		cached
ok	/site/core/vendor/phpunit/phpunit/src/Framework/Exception/Skipped/SkippedTest.php	0.00		cached
ok	/site/core/vendor/phpunit/phpunit/src/Framework/Exception/Skipped/SkippedTestSuiteError.php	0.00		cached
ok	/site/core/vendor/phpunit/phpunit/src/Framework/Exception/Skipped/SkippedWithMessageException.php	0.00		cached
ok	/site/core/vendor/phpunit/phpunit/src/Framework/Exception/UnknownClassOrInterfaceException.php	0.00		cached
ok	/site/core/vendor/phpunit/phpunit/src/Framework/Exception/UnknownNativeTypeException.php	0.00		cached
ok	/site/core/vendor/phpunit/phpunit/src/Framework/ExecutionOrderDependency.php	0.00		cached
ok	/site/core/vendor/phpunit/phpunit/src/Framework/MockObject/ConfigurableMethod.php	0.00		cached
ok	/site/core/vendor/phpunit/phpunit/src/Framework/MockObject/Exception/BadMethodCallException.php	0.00		cached
ok	/site/core/vendor/phpunit/phpunit/src/Framework/MockObject/Exception/CannotUseOnlyMethodsException.php	0.00		cached
ok	/site/core/vendor/phpunit/phpunit/src/Framework/MockObject/Exception/Exception.php	0.00		cached
ok	/site/core/vendor/phpunit/phpunit/src/Framework/MockObject/Exception/IncompatibleReturnValueException.php	0.00		cached
ok	/site/core/vendor/phpunit/phpunit/src/Framework/MockObject/Exception/MatchBuilderNotFoundException.php	0.00		cached
ok	/site/core/vendor/phpunit/phpunit/src/Framework/MockObject/Exception/MatcherAlreadyRegisteredException.php	0.00		cached
ok	/site/core/vendor/phpunit/phpunit/src/Framework/MockObject/Exception/MethodCannotBeConfiguredException.php	0.00		cached
ok	/site/core/vendor/phpunit/phpunit/src/Framework/MockObject/Exception/MethodNameAlreadyConfiguredException.php	0.00		cached
ok	/site/core/vendor/phpunit/phpunit/src/Framework/MockObject/Exception/MethodNameNotConfiguredException.php	0.00		cached
ok	/site/core/vendor/phpunit/phpunit/src/Framework/MockObject/Exception/MethodParametersAlreadyConfiguredException.php	0.00		cached
ok	/site/core/vendor/phpunit/phpunit/src/Framework/MockObject/Exception/NeverReturningMethodException.php	0.00		cached
ok	/site/core/vendor/phpunit/phpunit/src/Framework/MockObject/Exception/NoMoreReturnValuesConfiguredException.php	0.00		cached
ok	/site/core/vendor/phpunit/phpunit/src/Framework/MockObject/Exception/ReturnValueNotConfiguredException.php	0.00		cached
ok	/site/core/vendor/phpunit/phpunit/src/Framework/MockObject/Exception/RuntimeException.php	0.00		cached
ok	/site/core/vendor/phpunit/phpunit/src/Framework/MockObject/Generator/DoubledClass.php	0.00		cached
ok	/site/core/vendor/phpunit/phpunit/src/Framework/MockObject/Generator/DoubledMethod.php	0.00		cached
ok	/site/core/vendor/phpunit/phpunit/src/Framework/MockObject/Generator/DoubledMethodSet.php	0.00		cached
ok	/site/core/vendor/phpunit/phpunit/src/Framework/MockObject/Generator/Exception/ClassIsAnonymousException.php	0.00		cached
ok	/site/core/vendor/phpunit/phpunit/src/Framework/MockObject/Generator/Exception/ClassIsEnumerationException.php	0.00		cached
ok	/site/core/vendor/phpunit/phpunit/src/Framework/MockObject/Generator/Exception/ClassIsFinalException.php	0.00		cached
ok	/site/core/vendor/phpunit/phpunit/src/Framework/MockObject/Generator/Exception/DuplicateMethodException.php	0.00		cached
ok	/site/core/vendor/phpunit/phpunit/src/Framework/MockObject/Generator/Exception/Exception.php	0.00		cached
ok	/site/core/vendor/phpunit/phpunit/src/Framework/MockObject/Generator/Exception/InvalidClassNameException.php	0.00		cached
ok	/site/core/vendor/phpunit/phpunit/src/Framework/MockObject/Generator/Exception/InvalidMethodNameException.php	0.00		cached
ok	/site/core/vendor/phpunit/phpunit/src/Framework/MockObject/Generator/Exception/MethodNamedMethodException.php	0.00		cached
ok	/site/core/vendor/phpunit/phpunit/src/Framework/MockObject/Generator/Exception/NameAlreadyInUseException.php	0.00		cached
ok	/site/core/vendor/phpunit/phpunit/src/Framework/MockObject/Generator/Exception/ReflectionException.php	0.00		cached
ok	/site/core/vendor/phpunit/phpunit/src/Framework/MockObject/Generator/Exception/RuntimeException.php	0.00		cached
ok	/site/core/vendor/phpunit/phpunit/src/Framework/MockObject/Generator/Exception/UnknownInterfaceException.php	0.00		cached
ok	/site/core/vendor/phpunit/phpunit/src/Framework/MockObject/Generator/Exception/UnknownTypeException.php	0.00		cached
ok	/site/core/vendor/phpunit/phpunit/src/Framework/MockObject/Generator/Generator.php	0.00		cached
ok	/site/core/vendor/phpunit/phpunit/src/Framework/MockObject/Generator/HookedProperty.php	0.00		cached
ok	/site/core/vendor/phpunit/phpunit/src/Framework/MockObject/Generator/HookedPropertyGenerator.php	0.00		cached
ok	/site/core/vendor/phpunit/phpunit/src/Framework/MockObject/Generator/TemplateLoader.php	0.00		cached
ok	/site/core/vendor/phpunit/phpunit/src/Framework/MockObject/MockBuilder.php	0.00		cached
ok	/site/core/vendor/phpunit/phpunit/src/Framework/MockObject/Runtime/Api/DoubledCloneMethod.php	0.00		cached
ok	/site/core/vendor/phpunit/phpunit/src/Framework/MockObject/Runtime/Api/Method.php	0.00		cached
ok	/site/core/vendor/phpunit/phpunit/src/Framework/MockObject/Runtime/Api/MockObjectApi.php	0.00		cached
ok	/site/core/vendor/phpunit/phpunit/src/Framework/MockObject/Runtime/Api/ProxiedCloneMethod.php	0.00		cached
ok	/site/core/vendor/phpunit/phpunit/src/Framework/MockObject/Runtime/Api/StubApi.php	0.00		cached
ok	/site/core/vendor/phpunit/phpunit/src/Framework/MockObject/Runtime/Api/TestDoubleState.php	0.00		cached
ok	/site/core/vendor/phpunit/phpunit/src/Framework/MockObject/Runtime/Interface/InvocationStubber.php	0.00		cached
ok	/site/core/vendor/phpunit/phpunit/src/Framework/MockObject/Runtime/Interface/MockObject.php	0.00		cached
ok	/site/core/vendor/phpunit/phpunit/src/Framework/MockObject/Runtime/Interface/MockObjectInternal.php	0.00		cached
ok	/site/core/vendor/phpunit/phpunit/src/Framework/MockObject/Runtime/Interface/Stub.php	0.00		cached
ok	/site/core/vendor/phpunit/phpunit/src/Framework/MockObject/Runtime/Interface/StubInternal.php	0.00		cached
ok	/site/core/vendor/phpunit/phpunit/src/Framework/MockObject/Runtime/Invocation.php	0.00		cached
ok	/site/core/vendor/phpunit/phpunit/src/Framework/MockObject/Runtime/InvocationHandler.php	0.00		cached
ok	/site/core/vendor/phpunit/phpunit/src/Framework/MockObject/Runtime/InvocationStubberImplementation.php	0.00		cached
ok	/site/core/vendor/phpunit/phpunit/src/Framework/MockObject/Runtime/Matcher.php	0.00		cached
ok	/site/core/vendor/phpunit/phpunit/src/Framework/MockObject/Runtime/MethodNameConstraint.php	0.00		cached
ok	/site/core/vendor/phpunit/phpunit/src/Framework/MockObject/Runtime/PropertyHook/PropertyGetHook.php	0.00		cached
ok	/site/core/vendor/phpunit/phpunit/src/Framework/MockObject/Runtime/PropertyHook/PropertyHook.php	0.00		cached
ok	/site/core/vendor/phpunit/phpunit/src/Framework/MockObject/Runtime/PropertyHook/PropertySetHook.php	0.00		cached
ok	/site/core/vendor/phpunit/phpunit/src/Framework/MockObject/Runtime/ReturnValueGenerator.php	0.00		cached
ok	/site/core/vendor/phpunit/phpunit/src/Framework/MockObject/Runtime/Rule/AnyInvokedCount.php	0.00		cached
ok	/site/core/vendor/phpunit/phpunit/src/Framework/MockObject/Runtime/Rule/AnyParameters.php	0.00		cached
ok	/site/core/vendor/phpunit/phpunit/src/Framework/MockObject/Runtime/Rule/InvocationOrder.php	0.00		cached
ok	/site/core/vendor/phpunit/phpunit/src/Framework/MockObject/Runtime/Rule/InvokedAtLeastCount.php	0.00		cached
ok	/site/core/vendor/phpunit/phpunit/src/Framework/MockObject/Runtime/Rule/InvokedAtLeastOnce.php	0.00		cached
ok	/site/core/vendor/phpunit/phpunit/src/Framework/MockObject/Runtime/Rule/InvokedAtMostCount.php	0.00		cached
ok	/site/core/vendor/phpunit/phpunit/src/Framework/MockObject/Runtime/Rule/InvokedCount.php	0.00		cached
ok	/site/core/vendor/phpunit/phpunit/src/Framework/MockObject/Runtime/Rule/MethodName.php	0.00		cached
ok	/site/core/vendor/phpunit/phpunit/src/Framework/MockObject/Runtime/Rule/Parameters.php	0.00		cached
ok	/site/core/vendor/phpunit/phpunit/src/Framework/MockObject/Runtime/Rule/ParametersRule.php	0.00		cached
ok	/site/core/vendor/phpunit/phpunit/src/Framework/MockObject/Runtime/Stub/ConsecutiveCalls.php	0.00		cached
ok	/site/core/vendor/phpunit/phpunit/src/Framework/MockObject/Runtime/Stub/Exception.php	0.00		cached
ok	/site/core/vendor/phpunit/phpunit/src/Framework/MockObject/Runtime/Stub/ReturnArgument.php	0.00		cached
ok	/site/core/vendor/phpunit/phpunit/src/Framework/MockObject/Runtime/Stub/ReturnCallback.php	0.00		cached
ok	/site/core/vendor/phpunit/phpunit/src/Framework/MockObject/Runtime/Stub/ReturnReference.php	0.00		cached
ok	/site/core/vendor/phpunit/phpunit/src/Framework/MockObject/Runtime/Stub/ReturnSelf.php	0.00		cached
ok	/site/core/vendor/phpunit/phpunit/src/Framework/MockObject/Runtime/Stub/ReturnStub.php	0.00		cached
ok	/site/core/vendor/phpunit/phpunit/src/Framework/MockObject/Runtime/Stub/ReturnValueMap.php	0.00		cached
ok	/site/core/vendor/phpunit/phpunit/src/Framework/MockObject/Runtime/Stub/Stub.php	0.00		cached
ok	/site/core/vendor/phpunit/phpunit/src/Framework/MockObject/TestDoubleBuilder.php	0.00		cached
ok	/site/core/vendor/phpunit/phpunit/src/Framework/MockObject/TestStubBuilder.php	0.00		cached
ok	/site/core/vendor/phpunit/phpunit/src/Framework/NativeType.php	0.00		cached
ok	/site/core/vendor/phpunit/phpunit/src/Framework/Reorderable.php	0.00		cached
ok	/site/core/vendor/phpunit/phpunit/src/Framework/SelfDescribing.php	0.00		cached
ok	/site/core/vendor/phpunit/phpunit/src/Framework/Test.php	0.00		cached
ok	/site/core/vendor/phpunit/phpunit/src/Framework/TestBuilder.php	0.00		cached
fail	/site/core/vendor/phpunit/phpunit/src/Framework/TestCase.php	0.00	compile failed: MIR.lower: $GLOBALS as a whole array is unsupported (it would need a runtime name table); use $GLOBALS['name']	cached
ok	/site/core/vendor/phpunit/phpunit/src/Framework/TestRunner/ChildProcessResultProcessor.php	0.00		cached
ok	/site/core/vendor/phpunit/phpunit/src/Framework/TestRunner/SeparateProcessTestRunner.php	0.00		cached
ok	/site/core/vendor/phpunit/phpunit/src/Framework/TestRunner/TestRunner.php	0.00		cached
ok	/site/core/vendor/phpunit/phpunit/src/Framework/TestSize/Known.php	0.00		cached
ok	/site/core/vendor/phpunit/phpunit/src/Framework/TestSize/Large.php	0.00		cached
ok	/site/core/vendor/phpunit/phpunit/src/Framework/TestSize/Medium.php	0.00		cached
ok	/site/core/vendor/phpunit/phpunit/src/Framework/TestSize/Small.php	0.00		cached
ok	/site/core/vendor/phpunit/phpunit/src/Framework/TestSize/TestSize.php	0.00		cached
ok	/site/core/vendor/phpunit/phpunit/src/Framework/TestSize/Unknown.php	0.00		cached
ok	/site/core/vendor/phpunit/phpunit/src/Framework/TestStatus/Deprecation.php	0.00		cached
ok	/site/core/vendor/phpunit/phpunit/src/Framework/TestStatus/Error.php	0.00		cached
ok	/site/core/vendor/phpunit/phpunit/src/Framework/TestStatus/Failure.php	0.00		cached
ok	/site/core/vendor/phpunit/phpunit/src/Framework/TestStatus/Incomplete.php	0.00		cached
ok	/site/core/vendor/phpunit/phpunit/src/Framework/TestStatus/Known.php	0.00		cached
ok	/site/core/vendor/phpunit/phpunit/src/Framework/TestStatus/Notice.php	0.00		cached
ok	/site/core/vendor/phpunit/phpunit/src/Framework/TestStatus/Risky.php	0.00		cached
ok	/site/core/vendor/phpunit/phpunit/src/Framework/TestStatus/Skipped.php	0.00		cached
ok	/site/core/vendor/phpunit/phpunit/src/Framework/TestStatus/Success.php	0.00		cached
ok	/site/core/vendor/phpunit/phpunit/src/Framework/TestStatus/TestStatus.php	0.00		cached
ok	/site/core/vendor/phpunit/phpunit/src/Framework/TestStatus/Unknown.php	0.00		cached
ok	/site/core/vendor/phpunit/phpunit/src/Framework/TestStatus/Warning.php	0.00		cached
ok	/site/core/vendor/phpunit/phpunit/src/Framework/TestSuite.php	0.00		cached
ok	/site/core/vendor/phpunit/phpunit/src/Framework/TestSuiteIterator.php	0.00		cached
ok	/site/core/vendor/phpunit/phpunit/src/Logging/EventLogger.php	0.00		cached
ok	/site/core/vendor/phpunit/phpunit/src/Logging/JUnit/JunitXmlLogger.php	0.00		cached
ok	/site/core/vendor/phpunit/phpunit/src/Logging/JUnit/Subscriber/Subscriber.php	0.00		cached
ok	/site/core/vendor/phpunit/phpunit/src/Logging/JUnit/Subscriber/TestErroredSubscriber.php	0.00		cached
ok	/site/core/vendor/phpunit/phpunit/src/Logging/JUnit/Subscriber/TestFailedSubscriber.php	0.00		cached
ok	/site/core/vendor/phpunit/phpunit/src/Logging/JUnit/Subscriber/TestFinishedSubscriber.php	0.00		cached
ok	/site/core/vendor/phpunit/phpunit/src/Logging/JUnit/Subscriber/TestMarkedIncompleteSubscriber.php	0.00		cached
ok	/site/core/vendor/phpunit/phpunit/src/Logging/JUnit/Subscriber/TestPreparationErroredSubscriber.php	0.00		cached
ok	/site/core/vendor/phpunit/phpunit/src/Logging/JUnit/Subscriber/TestPreparationFailedSubscriber.php	0.00		cached
ok	/site/core/vendor/phpunit/phpunit/src/Logging/JUnit/Subscriber/TestPreparationStartedSubscriber.php	0.00		cached
ok	/site/core/vendor/phpunit/phpunit/src/Logging/JUnit/Subscriber/TestPreparedSubscriber.php	0.00		cached
ok	/site/core/vendor/phpunit/phpunit/src/Logging/JUnit/Subscriber/TestPrintedUnexpectedOutputSubscriber.php	0.00		cached
ok	/site/core/vendor/phpunit/phpunit/src/Logging/JUnit/Subscriber/TestRunnerExecutionFinishedSubscriber.php	0.00		cached
ok	/site/core/vendor/phpunit/phpunit/src/Logging/JUnit/Subscriber/TestSkippedSubscriber.php	0.00		cached
ok	/site/core/vendor/phpunit/phpunit/src/Logging/JUnit/Subscriber/TestSuiteFinishedSubscriber.php	0.00		cached
ok	/site/core/vendor/phpunit/phpunit/src/Logging/JUnit/Subscriber/TestSuiteSkippedSubscriber.php	0.00		cached
ok	/site/core/vendor/phpunit/phpunit/src/Logging/JUnit/Subscriber/TestSuiteStartedSubscriber.php	0.00		cached
ok	/site/core/vendor/phpunit/phpunit/src/Logging/OpenTestReporting/Exception/CannotOpenUriForWritingException.php	0.00		cached
ok	/site/core/vendor/phpunit/phpunit/src/Logging/OpenTestReporting/Exception/Exception.php	0.00		cached
fail	/site/core/vendor/phpunit/phpunit/src/Logging/OpenTestReporting/InfrastructureInformationProvider.php	0.00	compile failed: MIR.verify: dangling local $candidate read in PHPUnit\Logging\OpenTestReporting\InfrastructureInformationProvider__userName but never defined	cached
ok	/site/core/vendor/phpunit/phpunit/src/Logging/OpenTestReporting/OtrXmlLogger.php	0.00		cached
ok	/site/core/vendor/phpunit/phpunit/src/Logging/OpenTestReporting/Status.php	0.00		cached
ok	/site/core/vendor/phpunit/phpunit/src/Logging/OpenTestReporting/Subscriber/AfterLastTestMethodErroredSubscriber.php	0.00		cached
ok	/site/core/vendor/phpunit/phpunit/src/Logging/OpenTestReporting/Subscriber/AfterLastTestMethodFailedSubscriber.php	0.00		cached
ok	/site/core/vendor/phpunit/phpunit/src/Logging/OpenTestReporting/Subscriber/BeforeFirstTestMethodErroredSubscriber.php	0.00		cached
ok	/site/core/vendor/phpunit/phpunit/src/Logging/OpenTestReporting/Subscriber/BeforeFirstTestMethodFailedSubscriber.php	0.00		cached
ok	/site/core/vendor/phpunit/phpunit/src/Logging/OpenTestReporting/Subscriber/Subscriber.php	0.00		cached
ok	/site/core/vendor/phpunit/phpunit/src/Logging/OpenTestReporting/Subscriber/TestAbortedSubscriber.php	0.00		cached
ok	/site/core/vendor/phpunit/phpunit/src/Logging/OpenTestReporting/Subscriber/TestErroredSubscriber.php	0.00		cached
ok	/site/core/vendor/phpunit/phpunit/src/Logging/OpenTestReporting/Subscriber/TestFailedSubscriber.php	0.00		cached
ok	/site/core/vendor/phpunit/phpunit/src/Logging/OpenTestReporting/Subscriber/TestFinishedSubscriber.php	0.00		cached
ok	/site/core/vendor/phpunit/phpunit/src/Logging/OpenTestReporting/Subscriber/TestPreparationErroredSubscriber.php	0.00		cached
ok	/site/core/vendor/phpunit/phpunit/src/Logging/OpenTestReporting/Subscriber/TestPreparationFailedSubscriber.php	0.00		cached
ok	/site/core/vendor/phpunit/phpunit/src/Logging/OpenTestReporting/Subscriber/TestPreparedSubscriber.php	0.00		cached
ok	/site/core/vendor/phpunit/phpunit/src/Logging/OpenTestReporting/Subscriber/TestRunnerFinishedSubscriber.php	0.00		cached
ok	/site/core/vendor/phpunit/phpunit/src/Logging/OpenTestReporting/Subscriber/TestRunnerStartedSubscriber.php	0.00		cached
ok	/site/core/vendor/phpunit/phpunit/src/Logging/OpenTestReporting/Subscriber/TestSkippedSubscriber.php	0.00		cached
ok	/site/core/vendor/phpunit/phpunit/src/Logging/OpenTestReporting/Subscriber/TestSuiteFinishedSubscriber.php	0.00		cached
ok	/site/core/vendor/phpunit/phpunit/src/Logging/OpenTestReporting/Subscriber/TestSuiteSkippedSubscriber.php	0.00		cached
ok	/site/core/vendor/phpunit/phpunit/src/Logging/OpenTestReporting/Subscriber/TestSuiteStartedSubscriber.php	0.00		cached
ok	/site/core/vendor/phpunit/phpunit/src/Logging/TeamCity/Subscriber/Subscriber.php	0.00		cached
ok	/site/core/vendor/phpunit/phpunit/src/Logging/TeamCity/Subscriber/TestConsideredRiskySubscriber.php	0.00		cached
ok	/site/core/vendor/phpunit/phpunit/src/Logging/TeamCity/Subscriber/TestErroredSubscriber.php	0.00		cached
ok	/site/core/vendor/phpunit/phpunit/src/Logging/TeamCity/Subscriber/TestFailedSubscriber.php	0.00		cached
ok	/site/core/vendor/phpunit/phpunit/src/Logging/TeamCity/Subscriber/TestFinishedSubscriber.php	0.00		cached
ok	/site/core/vendor/phpunit/phpunit/src/Logging/TeamCity/Subscriber/TestMarkedIncompleteSubscriber.php	0.00		cached
ok	/site/core/vendor/phpunit/phpunit/src/Logging/TeamCity/Subscriber/TestPreparationErroredSubscriber.php	0.00		cached
ok	/site/core/vendor/phpunit/phpunit/src/Logging/TeamCity/Subscriber/TestPreparationFailedSubscriber.php	0.00		cached
ok	/site/core/vendor/phpunit/phpunit/src/Logging/TeamCity/Subscriber/TestPreparationStartedSubscriber.php	0.00		cached
ok	/site/core/vendor/phpunit/phpunit/src/Logging/TeamCity/Subscriber/TestPreparedSubscriber.php	0.00		cached
ok	/site/core/vendor/phpunit/phpunit/src/Logging/TeamCity/Subscriber/TestRunnerExecutionFinishedSubscriber.php	0.00		cached
ok	/site/core/vendor/phpunit/phpunit/src/Logging/TeamCity/Subscriber/TestSkippedSubscriber.php	0.00		cached
ok	/site/core/vendor/phpunit/phpunit/src/Logging/TeamCity/Subscriber/TestSuiteBeforeFirstTestMethodErroredSubscriber.php	0.00		cached
ok	/site/core/vendor/phpunit/phpunit/src/Logging/TeamCity/Subscriber/TestSuiteBeforeFirstTestMethodFailedSubscriber.php	0.00		cached
ok	/site/core/vendor/phpunit/phpunit/src/Logging/TeamCity/Subscriber/TestSuiteFinishedSubscriber.php	0.00		cached
ok	/site/core/vendor/phpunit/phpunit/src/Logging/TeamCity/Subscriber/TestSuiteSkippedSubscriber.php	0.00		cached
ok	/site/core/vendor/phpunit/phpunit/src/Logging/TeamCity/Subscriber/TestSuiteStartedSubscriber.php	0.00		cached
ok	/site/core/vendor/phpunit/phpunit/src/Logging/TeamCity/TeamCityLogger.php	0.00		cached
ok	/site/core/vendor/phpunit/phpunit/src/Logging/TestDox/HtmlRenderer.php	0.00		cached
ok	/site/core/vendor/phpunit/phpunit/src/Logging/TestDox/NamePrettifier.php	0.00		cached
ok	/site/core/vendor/phpunit/phpunit/src/Logging/TestDox/PlainTextRenderer.php	0.00		cached
ok	/site/core/vendor/phpunit/phpunit/src/Logging/TestDox/TestResult/Subscriber/Subscriber.php	0.00		cached
ok	/site/core/vendor/phpunit/phpunit/src/Logging/TestDox/TestResult/Subscriber/TestConsideredRiskySubscriber.php	0.00		cached
ok	/site/core/vendor/phpunit/phpunit/src/Logging/TestDox/TestResult/Subscriber/TestErroredSubscriber.php	0.00		cached
ok	/site/core/vendor/phpunit/phpunit/src/Logging/TestDox/TestResult/Subscriber/TestFailedSubscriber.php	0.00		cached
ok	/site/core/vendor/phpunit/phpunit/src/Logging/TestDox/TestResult/Subscriber/TestFinishedSubscriber.php	0.00		cached
ok	/site/core/vendor/phpunit/phpunit/src/Logging/TestDox/TestResult/Subscriber/TestMarkedIncompleteSubscriber.php	0.00		cached
ok	/site/core/vendor/phpunit/phpunit/src/Logging/TestDox/TestResult/Subscriber/TestPassedSubscriber.php	0.00		cached
ok	/site/core/vendor/phpunit/phpunit/src/Logging/TestDox/TestResult/Subscriber/TestPreparedSubscriber.php	0.00		cached
ok	/site/core/vendor/phpunit/phpunit/src/Logging/TestDox/TestResult/Subscriber/TestSkippedSubscriber.php	0.00		cached
ok	/site/core/vendor/phpunit/phpunit/src/Logging/TestDox/TestResult/Subscriber/TestTriggeredDeprecationSubscriber.php	0.00		cached
ok	/site/core/vendor/phpunit/phpunit/src/Logging/TestDox/TestResult/Subscriber/TestTriggeredNoticeSubscriber.php	0.00		cached
ok	/site/core/vendor/phpunit/phpunit/src/Logging/TestDox/TestResult/Subscriber/TestTriggeredPhpDeprecationSubscriber.php	0.00		cached
ok	/site/core/vendor/phpunit/phpunit/src/Logging/TestDox/TestResult/Subscriber/TestTriggeredPhpNoticeSubscriber.php	0.00		cached
ok	/site/core/vendor/phpunit/phpunit/src/Logging/TestDox/TestResult/Subscriber/TestTriggeredPhpWarningSubscriber.php	0.00		cached
ok	/site/core/vendor/phpunit/phpunit/src/Logging/TestDox/TestResult/Subscriber/TestTriggeredPhpunitDeprecationSubscriber.php	0.00		cached
ok	/site/core/vendor/phpunit/phpunit/src/Logging/TestDox/TestResult/Subscriber/TestTriggeredPhpunitErrorSubscriber.php	0.00		cached
ok	/site/core/vendor/phpunit/phpunit/src/Logging/TestDox/TestResult/Subscriber/TestTriggeredPhpunitWarningSubscriber.php	0.00		cached
ok	/site/core/vendor/phpunit/phpunit/src/Logging/TestDox/TestResult/Subscriber/TestTriggeredWarningSubscriber.php	0.00		cached
ok	/site/core/vendor/phpunit/phpunit/src/Logging/TestDox/TestResult/TestResult.php	0.00		cached
ok	/site/core/vendor/phpunit/phpunit/src/Logging/TestDox/TestResult/TestResultCollection.php	0.00		cached
ok	/site/core/vendor/phpunit/phpunit/src/Logging/TestDox/TestResult/TestResultCollectionIterator.php	0.00		cached
ok	/site/core/vendor/phpunit/phpunit/src/Logging/TestDox/TestResult/TestResultCollector.php	0.00		cached
ok	/site/core/vendor/phpunit/phpunit/src/Metadata/After.php	0.00		cached
ok	/site/core/vendor/phpunit/phpunit/src/Metadata/AfterClass.php	0.00		cached
ok	/site/core/vendor/phpunit/phpunit/src/Metadata/AllowMockObjectsWithoutExpectations.php	0.00		cached
ok	/site/core/vendor/phpunit/phpunit/src/Metadata/Api/CodeCoverage.php	0.00		cached
ok	/site/core/vendor/phpunit/phpunit/src/Metadata/Api/DataProvider.php	0.00		cached
ok	/site/core/vendor/phpunit/phpunit/src/Metadata/Api/Dependencies.php	0.00		cached
ok	/site/core/vendor/phpunit/phpunit/src/Metadata/Api/Groups.php	0.00		cached
ok	/site/core/vendor/phpunit/phpunit/src/Metadata/Api/HookMethods.php	0.00		cached
ok	/site/core/vendor/phpunit/phpunit/src/Metadata/Api/ProvidedData.php	0.00		cached
ok	/site/core/vendor/phpunit/phpunit/src/Metadata/Api/Requirements.php	0.00		cached
ok	/site/core/vendor/phpunit/phpunit/src/Metadata/BackupGlobals.php	0.00		cached
ok	/site/core/vendor/phpunit/phpunit/src/Metadata/BackupStaticProperties.php	0.00		cached
ok	/site/core/vendor/phpunit/phpunit/src/Metadata/Before.php	0.00		cached
ok	/site/core/vendor/phpunit/phpunit/src/Metadata/BeforeClass.php	0.00		cached
ok	/site/core/vendor/phpunit/phpunit/src/Metadata/CoversClass.php	0.00		cached
ok	/site/core/vendor/phpunit/phpunit/src/Metadata/CoversClassesThatExtendClass.php	0.00		cached
ok	/site/core/vendor/phpunit/phpunit/src/Metadata/CoversClassesThatImplementInterface.php	0.00		cached
ok	/site/core/vendor/phpunit/phpunit/src/Metadata/CoversFunction.php	0.00		cached
ok	/site/core/vendor/phpunit/phpunit/src/Metadata/CoversMethod.php	0.00		cached
ok	/site/core/vendor/phpunit/phpunit/src/Metadata/CoversNamespace.php	0.00		cached
ok	/site/core/vendor/phpunit/phpunit/src/Metadata/CoversNothing.php	0.00		cached
ok	/site/core/vendor/phpunit/phpunit/src/Metadata/CoversTrait.php	0.00		cached
ok	/site/core/vendor/phpunit/phpunit/src/Metadata/DataProvider.php	0.00		cached
ok	/site/core/vendor/phpunit/phpunit/src/Metadata/DependsOnClass.php	0.00		cached
ok	/site/core/vendor/phpunit/phpunit/src/Metadata/DependsOnMethod.php	0.00		cached
ok	/site/core/vendor/phpunit/phpunit/src/Metadata/DisableReturnValueGenerationForTestDoubles.php	0.00		cached
ok	/site/core/vendor/phpunit/phpunit/src/Metadata/DoesNotPerformAssertions.php	0.00		cached
ok	/site/core/vendor/phpunit/phpunit/src/Metadata/Exception/Exception.php	0.00		cached
ok	/site/core/vendor/phpunit/phpunit/src/Metadata/Exception/InvalidAttributeException.php	0.00		cached
ok	/site/core/vendor/phpunit/phpunit/src/Metadata/Exception/InvalidVersionRequirementException.php	0.00		cached
ok	/site/core/vendor/phpunit/phpunit/src/Metadata/Exception/NoVersionRequirementException.php	0.00		cached
ok	/site/core/vendor/phpunit/phpunit/src/Metadata/ExcludeGlobalVariableFromBackup.php	0.00		cached
ok	/site/core/vendor/phpunit/phpunit/src/Metadata/ExcludeStaticPropertyFromBackup.php	0.00		cached
ok	/site/core/vendor/phpunit/phpunit/src/Metadata/Group.php	0.00		cached
ok	/site/core/vendor/phpunit/phpunit/src/Metadata/IgnoreDeprecations.php	0.00		cached
ok	/site/core/vendor/phpunit/phpunit/src/Metadata/IgnorePhpunitDeprecations.php	0.00		cached
ok	/site/core/vendor/phpunit/phpunit/src/Metadata/IgnorePhpunitWarnings.php	0.00		cached
ok	/site/core/vendor/phpunit/phpunit/src/Metadata/Metadata.php	0.00		cached
ok	/site/core/vendor/phpunit/phpunit/src/Metadata/MetadataCollection.php	0.00		cached
ok	/site/core/vendor/phpunit/phpunit/src/Metadata/MetadataCollectionIterator.php	0.00		cached
ok	/site/core/vendor/phpunit/phpunit/src/Metadata/Parser/AttributeParser.php	0.00		cached
ok	/site/core/vendor/phpunit/phpunit/src/Metadata/Parser/CachingParser.php	0.00		cached
ok	/site/core/vendor/phpunit/phpunit/src/Metadata/Parser/Parser.php	0.00		cached
ok	/site/core/vendor/phpunit/phpunit/src/Metadata/Parser/Registry.php	0.00		cached
ok	/site/core/vendor/phpunit/phpunit/src/Metadata/PostCondition.php	0.00		cached
ok	/site/core/vendor/phpunit/phpunit/src/Metadata/PreCondition.php	0.00		cached
ok	/site/core/vendor/phpunit/phpunit/src/Metadata/PreserveGlobalState.php	0.00		cached
ok	/site/core/vendor/phpunit/phpunit/src/Metadata/RequiresEnvironmentVariable.php	0.00		cached
ok	/site/core/vendor/phpunit/phpunit/src/Metadata/RequiresFunction.php	0.00		cached
ok	/site/core/vendor/phpunit/phpunit/src/Metadata/RequiresMethod.php	0.00		cached
ok	/site/core/vendor/phpunit/phpunit/src/Metadata/RequiresOperatingSystem.php	0.00		cached
ok	/site/core/vendor/phpunit/phpunit/src/Metadata/RequiresOperatingSystemFamily.php	0.00		cached
ok	/site/core/vendor/phpunit/phpunit/src/Metadata/RequiresPhp.php	0.00		cached
ok	/site/core/vendor/phpunit/phpunit/src/Metadata/RequiresPhpExtension.php	0.00		cached
ok	/site/core/vendor/phpunit/phpunit/src/Metadata/RequiresPhpunit.php	0.00		cached
ok	/site/core/vendor/phpunit/phpunit/src/Metadata/RequiresPhpunitExtension.php	0.00		cached
ok	/site/core/vendor/phpunit/phpunit/src/Metadata/RequiresSetting.php	0.00		cached
ok	/site/core/vendor/phpunit/phpunit/src/Metadata/RunClassInSeparateProcess.php	0.00		cached
ok	/site/core/vendor/phpunit/phpunit/src/Metadata/RunInSeparateProcess.php	0.00		cached
ok	/site/core/vendor/phpunit/phpunit/src/Metadata/RunTestsInSeparateProcesses.php	0.00		cached
ok	/site/core/vendor/phpunit/phpunit/src/Metadata/Test.php	0.00		cached
ok	/site/core/vendor/phpunit/phpunit/src/Metadata/TestDox.php	0.00		cached
ok	/site/core/vendor/phpunit/phpunit/src/Metadata/TestDoxFormatter.php	0.00		cached
ok	/site/core/vendor/phpunit/phpunit/src/Metadata/TestWith.php	0.00		cached
ok	/site/core/vendor/phpunit/phpunit/src/Metadata/UsesClass.php	0.00		cached
ok	/site/core/vendor/phpunit/phpunit/src/Metadata/UsesClassesThatExtendClass.php	0.00		cached
ok	/site/core/vendor/phpunit/phpunit/src/Metadata/UsesClassesThatImplementInterface.php	0.00		cached
ok	/site/core/vendor/phpunit/phpunit/src/Metadata/UsesFunction.php	0.00		cached
ok	/site/core/vendor/phpunit/phpunit/src/Metadata/UsesMethod.php	0.00		cached
ok	/site/core/vendor/phpunit/phpunit/src/Metadata/UsesNamespace.php	0.00		cached
ok	/site/core/vendor/phpunit/phpunit/src/Metadata/UsesTrait.php	0.00		cached
ok	/site/core/vendor/phpunit/phpunit/src/Metadata/Version/ComparisonRequirement.php	0.00		cached
ok	/site/core/vendor/phpunit/phpunit/src/Metadata/Version/ConstraintRequirement.php	0.00		cached
ok	/site/core/vendor/phpunit/phpunit/src/Metadata/Version/Requirement.php	0.00		cached
ok	/site/core/vendor/phpunit/phpunit/src/Metadata/WithEnvironmentVariable.php	0.00		cached
ok	/site/core/vendor/phpunit/phpunit/src/Metadata/WithoutErrorHandler.php	0.00		cached
ok	/site/core/vendor/phpunit/phpunit/src/Runner/BackedUpEnvironmentVariable.php	0.00		cached
ok	/site/core/vendor/phpunit/phpunit/src/Runner/Baseline/Baseline.php	0.00		cached
ok	/site/core/vendor/phpunit/phpunit/src/Runner/Baseline/Exception/CannotLoadBaselineException.php	0.00		cached
ok	/site/core/vendor/phpunit/phpunit/src/Runner/Baseline/Exception/CannotWriteBaselineException.php	0.00		cached
ok	/site/core/vendor/phpunit/phpunit/src/Runner/Baseline/Exception/FileDoesNotHaveLineException.php	0.00		cached
ok	/site/core/vendor/phpunit/phpunit/src/Runner/Baseline/Generator.php	0.00		cached
ok	/site/core/vendor/phpunit/phpunit/src/Runner/Baseline/Issue.php	0.00		cached
ok	/site/core/vendor/phpunit/phpunit/src/Runner/Baseline/Reader.php	0.00		cached
ok	/site/core/vendor/phpunit/phpunit/src/Runner/Baseline/RelativePathCalculator.php	0.00		cached
ok	/site/core/vendor/phpunit/phpunit/src/Runner/Baseline/Subscriber/Subscriber.php	0.00		cached
ok	/site/core/vendor/phpunit/phpunit/src/Runner/Baseline/Subscriber/TestTriggeredDeprecationSubscriber.php	0.00		cached
ok	/site/core/vendor/phpunit/phpunit/src/Runner/Baseline/Subscriber/TestTriggeredNoticeSubscriber.php	0.00		cached
ok	/site/core/vendor/phpunit/phpunit/src/Runner/Baseline/Subscriber/TestTriggeredPhpDeprecationSubscriber.php	0.00		cached
ok	/site/core/vendor/phpunit/phpunit/src/Runner/Baseline/Subscriber/TestTriggeredPhpNoticeSubscriber.php	0.00		cached
ok	/site/core/vendor/phpunit/phpunit/src/Runner/Baseline/Subscriber/TestTriggeredPhpWarningSubscriber.php	0.00		cached
ok	/site/core/vendor/phpunit/phpunit/src/Runner/Baseline/Subscriber/TestTriggeredWarningSubscriber.php	0.00		cached
ok	/site/core/vendor/phpunit/phpunit/src/Runner/Baseline/Writer.php	0.00		cached
ok	/site/core/vendor/phpunit/phpunit/src/Runner/CodeCoverage.php	0.00		cached
ok	/site/core/vendor/phpunit/phpunit/src/Runner/CodeCoverageInitializationStatus.php	0.00		cached
ok	/site/core/vendor/phpunit/phpunit/src/Runner/DeprecationCollector/Collector.php	0.00		cached
ok	/site/core/vendor/phpunit/phpunit/src/Runner/DeprecationCollector/Facade.php	0.00		cached
ok	/site/core/vendor/phpunit/phpunit/src/Runner/DeprecationCollector/InIsolationCollector.php	0.00		cached
ok	/site/core/vendor/phpunit/phpunit/src/Runner/DeprecationCollector/Subscriber/Subscriber.php	0.00		cached
ok	/site/core/vendor/phpunit/phpunit/src/Runner/DeprecationCollector/Subscriber/TestPreparedSubscriber.php	0.00		cached
ok	/site/core/vendor/phpunit/phpunit/src/Runner/DeprecationCollector/Subscriber/TestTriggeredDeprecationSubscriber.php	0.00		cached
ok	/site/core/vendor/phpunit/phpunit/src/Runner/ErrorHandler.php	0.00		cached
ok	/site/core/vendor/phpunit/phpunit/src/Runner/Exception/ClassCannotBeFoundException.php	0.00		cached
ok	/site/core/vendor/phpunit/phpunit/src/Runner/Exception/ClassDoesNotExtendTestCaseException.php	0.00		cached
ok	/site/core/vendor/phpunit/phpunit/src/Runner/Exception/ClassIsAbstractException.php	0.00		cached
ok	/site/core/vendor/phpunit/phpunit/src/Runner/Exception/CodeCoverageFileExistsException.php	0.00		cached
ok	/site/core/vendor/phpunit/phpunit/src/Runner/Exception/DirectoryDoesNotExistException.php	0.00		cached
ok	/site/core/vendor/phpunit/phpunit/src/Runner/Exception/ErrorException.php	0.00		cached
ok	/site/core/vendor/phpunit/phpunit/src/Runner/Exception/Exception.php	0.00		cached
ok	/site/core/vendor/phpunit/phpunit/src/Runner/Exception/FileDoesNotExistException.php	0.00		cached
ok	/site/core/vendor/phpunit/phpunit/src/Runner/Exception/InvalidOrderException.php	0.00		cached
ok	/site/core/vendor/phpunit/phpunit/src/Runner/Exception/ParameterDoesNotExistException.php	0.00		cached
ok	/site/core/vendor/phpunit/phpunit/src/Runner/Extension/Extension.php	0.00		cached
ok	/site/core/vendor/phpunit/phpunit/src/Runner/Extension/ExtensionBootstrapper.php	0.00		cached
ok	/site/core/vendor/phpunit/phpunit/src/Runner/Extension/Facade.php	0.00		cached
ok	/site/core/vendor/phpunit/phpunit/src/Runner/Extension/ParameterCollection.php	0.00		cached
ok	/site/core/vendor/phpunit/phpunit/src/Runner/Extension/PharLoader.php	0.00		cached
ok	/site/core/vendor/phpunit/phpunit/src/Runner/Filter/ExcludeGroupFilterIterator.php	0.00		cached
ok	/site/core/vendor/phpunit/phpunit/src/Runner/Filter/ExcludeNameFilterIterator.php	0.00		cached
ok	/site/core/vendor/phpunit/phpunit/src/Runner/Filter/Factory.php	0.00		cached
ok	/site/core/vendor/phpunit/phpunit/src/Runner/Filter/GroupFilterIterator.php	0.00		cached
ok	/site/core/vendor/phpunit/phpunit/src/Runner/Filter/IncludeGroupFilterIterator.php	0.00		cached
ok	/site/core/vendor/phpunit/phpunit/src/Runner/Filter/IncludeNameFilterIterator.php	0.00		cached
ok	/site/core/vendor/phpunit/phpunit/src/Runner/Filter/NameFilterIterator.php	0.00		cached
ok	/site/core/vendor/phpunit/phpunit/src/Runner/Filter/TestIdFilterIterator.php	0.00		cached
ok	/site/core/vendor/phpunit/phpunit/src/Runner/GarbageCollection/GarbageCollectionHandler.php	0.00		cached
ok	/site/core/vendor/phpunit/phpunit/src/Runner/GarbageCollection/Subscriber/ExecutionFinishedSubscriber.php	0.00		cached
ok	/site/core/vendor/phpunit/phpunit/src/Runner/GarbageCollection/Subscriber/ExecutionStartedSubscriber.php	0.00		cached
ok	/site/core/vendor/phpunit/phpunit/src/Runner/GarbageCollection/Subscriber/Subscriber.php	0.00		cached
ok	/site/core/vendor/phpunit/phpunit/src/Runner/GarbageCollection/Subscriber/TestFinishedSubscriber.php	0.00		cached
ok	/site/core/vendor/phpunit/phpunit/src/Runner/HookMethod/HookMethod.php	0.00		cached
ok	/site/core/vendor/phpunit/phpunit/src/Runner/HookMethod/HookMethodCollection.php	0.00		cached
ok	/site/core/vendor/phpunit/phpunit/src/Runner/IssueFilter.php	0.00		cached
ok	/site/core/vendor/phpunit/phpunit/src/Runner/Phpt/Exception/InvalidPhptFileException.php	0.00		cached
ok	/site/core/vendor/phpunit/phpunit/src/Runner/Phpt/Exception/PhptExternalFileCannotBeLoadedException.php	0.00		cached
ok	/site/core/vendor/phpunit/phpunit/src/Runner/Phpt/Exception/UnsupportedPhptSectionException.php	0.00		cached
ok	/site/core/vendor/phpunit/phpunit/src/Runner/Phpt/Parser.php	0.00		cached
ok	/site/core/vendor/phpunit/phpunit/src/Runner/Phpt/Renderer.php	0.00		cached
ok	/site/core/vendor/phpunit/phpunit/src/Runner/Phpt/TestCase.php	0.00		cached
ok	/site/core/vendor/phpunit/phpunit/src/Runner/ResultCache/DefaultResultCache.php	0.00		cached
ok	/site/core/vendor/phpunit/phpunit/src/Runner/ResultCache/NullResultCache.php	0.00		cached
ok	/site/core/vendor/phpunit/phpunit/src/Runner/ResultCache/ResultCache.php	0.00		cached
ok	/site/core/vendor/phpunit/phpunit/src/Runner/ResultCache/ResultCacheHandler.php	0.00		cached
ok	/site/core/vendor/phpunit/phpunit/src/Runner/ResultCache/ResultCacheId.php	0.00		cached
ok	/site/core/vendor/phpunit/phpunit/src/Runner/ResultCache/Subscriber/Subscriber.php	0.00		cached
ok	/site/core/vendor/phpunit/phpunit/src/Runner/ResultCache/Subscriber/TestConsideredRiskySubscriber.php	0.00		cached
ok	/site/core/vendor/phpunit/phpunit/src/Runner/ResultCache/Subscriber/TestErroredSubscriber.php	0.00		cached
ok	/site/core/vendor/phpunit/phpunit/src/Runner/ResultCache/Subscriber/TestFailedSubscriber.php	0.00		cached
ok	/site/core/vendor/phpunit/phpunit/src/Runner/ResultCache/Subscriber/TestFinishedSubscriber.php	0.00		cached
ok	/site/core/vendor/phpunit/phpunit/src/Runner/ResultCache/Subscriber/TestMarkedIncompleteSubscriber.php	0.00		cached
ok	/site/core/vendor/phpunit/phpunit/src/Runner/ResultCache/Subscriber/TestPreparedSubscriber.php	0.00		cached
ok	/site/core/vendor/phpunit/phpunit/src/Runner/ResultCache/Subscriber/TestSkippedSubscriber.php	0.00		cached
ok	/site/core/vendor/phpunit/phpunit/src/Runner/ResultCache/Subscriber/TestSuiteFinishedSubscriber.php	0.00		cached
ok	/site/core/vendor/phpunit/phpunit/src/Runner/ResultCache/Subscriber/TestSuiteStartedSubscriber.php	0.00		cached
ok	/site/core/vendor/phpunit/phpunit/src/Runner/ShutdownHandler.php	0.00		cached
ok	/site/core/vendor/phpunit/phpunit/src/Runner/TestResult/Collector.php	0.00		cached
ok	/site/core/vendor/phpunit/phpunit/src/Runner/TestResult/Facade.php	0.00		cached
ok	/site/core/vendor/phpunit/phpunit/src/Runner/TestResult/Issue.php	0.00		cached
ok	/site/core/vendor/phpunit/phpunit/src/Runner/TestResult/PassedTests.php	0.00		cached
ok	/site/core/vendor/phpunit/phpunit/src/Runner/TestResult/Subscriber/AfterTestClassMethodErroredSubscriber.php	0.00		cached
ok	/site/core/vendor/phpunit/phpunit/src/Runner/TestResult/Subscriber/AfterTestClassMethodFailedSubscriber.php	0.00		cached
ok	/site/core/vendor/phpunit/phpunit/src/Runner/TestResult/Subscriber/BeforeTestClassMethodErroredSubscriber.php	0.00		cached
ok	/site/core/vendor/phpunit/phpunit/src/Runner/TestResult/Subscriber/BeforeTestClassMethodFailedSubscriber.php	0.00		cached
ok	/site/core/vendor/phpunit/phpunit/src/Runner/TestResult/Subscriber/ChildProcessErroredSubscriber.php	0.00		cached
ok	/site/core/vendor/phpunit/phpunit/src/Runner/TestResult/Subscriber/ExecutionStartedSubscriber.php	0.00		cached
ok	/site/core/vendor/phpunit/phpunit/src/Runner/TestResult/Subscriber/Subscriber.php	0.00		cached
ok	/site/core/vendor/phpunit/phpunit/src/Runner/TestResult/Subscriber/TestConsideredRiskySubscriber.php	0.00		cached
ok	/site/core/vendor/phpunit/phpunit/src/Runner/TestResult/Subscriber/TestErroredSubscriber.php	0.00		cached
ok	/site/core/vendor/phpunit/phpunit/src/Runner/TestResult/Subscriber/TestFailedSubscriber.php	0.00		cached
ok	/site/core/vendor/phpunit/phpunit/src/Runner/TestResult/Subscriber/TestFinishedSubscriber.php	0.00		cached
ok	/site/core/vendor/phpunit/phpunit/src/Runner/TestResult/Subscriber/TestMarkedIncompleteSubscriber.php	0.00		cached
ok	/site/core/vendor/phpunit/phpunit/src/Runner/TestResult/Subscriber/TestPreparedSubscriber.php	0.00		cached
ok	/site/core/vendor/phpunit/phpunit/src/Runner/TestResult/Subscriber/TestRunnerTriggeredDeprecationSubscriber.php	0.00		cached
ok	/site/core/vendor/phpunit/phpunit/src/Runner/TestResult/Subscriber/TestRunnerTriggeredNoticeSubscriber.php	0.00		cached
ok	/site/core/vendor/phpunit/phpunit/src/Runner/TestResult/Subscriber/TestRunnerTriggeredWarningSubscriber.php	0.00		cached
ok	/site/core/vendor/phpunit/phpunit/src/Runner/TestResult/Subscriber/TestSkippedSubscriber.php	0.00		cached
ok	/site/core/vendor/phpunit/phpunit/src/Runner/TestResult/Subscriber/TestSuiteFinishedSubscriber.php	0.00		cached
ok	/site/core/vendor/phpunit/phpunit/src/Runner/TestResult/Subscriber/TestSuiteSkippedSubscriber.php	0.00		cached
ok	/site/core/vendor/phpunit/phpunit/src/Runner/TestResult/Subscriber/TestSuiteStartedSubscriber.php	0.00		cached
ok	/site/core/vendor/phpunit/phpunit/src/Runner/TestResult/Subscriber/TestTriggeredDeprecationSubscriber.php	0.00		cached
ok	/site/core/vendor/phpunit/phpunit/src/Runner/TestResult/Subscriber/TestTriggeredErrorSubscriber.php	0.00		cached
ok	/site/core/vendor/phpunit/phpunit/src/Runner/TestResult/Subscriber/TestTriggeredNoticeSubscriber.php	0.00		cached
ok	/site/core/vendor/phpunit/phpunit/src/Runner/TestResult/Subscriber/TestTriggeredPhpDeprecationSubscriber.php	0.00		cached
ok	/site/core/vendor/phpunit/phpunit/src/Runner/TestResult/Subscriber/TestTriggeredPhpNoticeSubscriber.php	0.00		cached
ok	/site/core/vendor/phpunit/phpunit/src/Runner/TestResult/Subscriber/TestTriggeredPhpWarningSubscriber.php	0.00		cached
ok	/site/core/vendor/phpunit/phpunit/src/Runner/TestResult/Subscriber/TestTriggeredPhpunitDeprecationSubscriber.php	0.00		cached
ok	/site/core/vendor/phpunit/phpunit/src/Runner/TestResult/Subscriber/TestTriggeredPhpunitErrorSubscriber.php	0.00		cached
ok	/site/core/vendor/phpunit/phpunit/src/Runner/TestResult/Subscriber/TestTriggeredPhpunitNoticeSubscriber.php	0.00		cached
ok	/site/core/vendor/phpunit/phpunit/src/Runner/TestResult/Subscriber/TestTriggeredPhpunitWarningSubscriber.php	0.00		cached
ok	/site/core/vendor/phpunit/phpunit/src/Runner/TestResult/Subscriber/TestTriggeredWarningSubscriber.php	0.00		cached
ok	/site/core/vendor/phpunit/phpunit/src/Runner/TestResult/TestResult.php	0.00		cached
ok	/site/core/vendor/phpunit/phpunit/src/Runner/TestSuiteLoader.php	0.00		cached
ok	/site/core/vendor/phpunit/phpunit/src/Runner/TestSuiteSorter.php	0.00		cached
ok	/site/core/vendor/phpunit/phpunit/src/Runner/Version.php	0.00		cached
ok	/site/core/vendor/phpunit/phpunit/src/TextUI/Application.php	0.00		cached
ok	/site/core/vendor/phpunit/phpunit/src/TextUI/Command/Command.php	0.00		cached
ok	/site/core/vendor/phpunit/phpunit/src/TextUI/Command/Commands/AtLeastVersionCommand.php	0.00		cached
ok	/site/core/vendor/phpunit/phpunit/src/TextUI/Command/Commands/CheckPhpConfigurationCommand.php	0.00		cached
ok	/site/core/vendor/phpunit/phpunit/src/TextUI/Command/Commands/GenerateConfigurationCommand.php	0.00		cached
ok	/site/core/vendor/phpunit/phpunit/src/TextUI/Command/Commands/ListGroupsCommand.php	0.00		cached
ok	/site/core/vendor/phpunit/phpunit/src/TextUI/Command/Commands/ListTestFilesCommand.php	0.00		cached
ok	/site/core/vendor/phpunit/phpunit/src/TextUI/Command/Commands/ListTestSuitesCommand.php	0.00		cached
ok	/site/core/vendor/phpunit/phpunit/src/TextUI/Command/Commands/ListTestsAsTextCommand.php	0.00		cached
ok	/site/core/vendor/phpunit/phpunit/src/TextUI/Command/Commands/ListTestsAsXmlCommand.php	0.00		cached
ok	/site/core/vendor/phpunit/phpunit/src/TextUI/Command/Commands/MigrateConfigurationCommand.php	0.00		cached
ok	/site/core/vendor/phpunit/phpunit/src/TextUI/Command/Commands/ShowHelpCommand.php	0.00		cached
ok	/site/core/vendor/phpunit/phpunit/src/TextUI/Command/Commands/ShowVersionCommand.php	0.00		cached
ok	/site/core/vendor/phpunit/phpunit/src/TextUI/Command/Commands/VersionCheckCommand.php	0.00		cached
ok	/site/core/vendor/phpunit/phpunit/src/TextUI/Command/Commands/WarmCodeCoverageCacheCommand.php	0.00		cached
ok	/site/core/vendor/phpunit/phpunit/src/TextUI/Command/Result.php	0.00		cached
ok	/site/core/vendor/phpunit/phpunit/src/TextUI/Configuration/BootstrapLoader.php	0.00		cached
ok	/site/core/vendor/phpunit/phpunit/src/TextUI/Configuration/Builder.php	0.00		cached
ok	/site/core/vendor/phpunit/phpunit/src/TextUI/Configuration/Cli/Builder.php	0.00		cached
ok	/site/core/vendor/phpunit/phpunit/src/TextUI/Configuration/Cli/Configuration.php	0.00		cached
ok	/site/core/vendor/phpunit/phpunit/src/TextUI/Configuration/Cli/Exception.php	0.00		cached
ok	/site/core/vendor/phpunit/phpunit/src/TextUI/Configuration/Cli/XmlConfigurationFileFinder.php	0.00		cached
ok	/site/core/vendor/phpunit/phpunit/src/TextUI/Configuration/CodeCoverageFilterRegistry.php	0.00		cached
ok	/site/core/vendor/phpunit/phpunit/src/TextUI/Configuration/Configuration.php	0.00		cached
ok	/site/core/vendor/phpunit/phpunit/src/TextUI/Configuration/Exception/BootstrapScriptDoesNotExistException.php	0.00		cached
ok	/site/core/vendor/phpunit/phpunit/src/TextUI/Configuration/Exception/BootstrapScriptException.php	0.00		cached
ok	/site/core/vendor/phpunit/phpunit/src/TextUI/Configuration/Exception/CannotFindSchemaException.php	0.00		cached
ok	/site/core/vendor/phpunit/phpunit/src/TextUI/Configuration/Exception/CodeCoverageReportNotConfiguredException.php	0.00		cached
ok	/site/core/vendor/phpunit/phpunit/src/TextUI/Configuration/Exception/ConfigurationCannotBeBuiltException.php	0.00		cached
ok	/site/core/vendor/phpunit/phpunit/src/TextUI/Configuration/Exception/Exception.php	0.00		cached
ok	/site/core/vendor/phpunit/phpunit/src/TextUI/Configuration/Exception/FilterNotConfiguredException.php	0.00		cached
ok	/site/core/vendor/phpunit/phpunit/src/TextUI/Configuration/Exception/LoggingNotConfiguredException.php	0.00		cached
ok	/site/core/vendor/phpunit/phpunit/src/TextUI/Configuration/Exception/NoBaselineException.php	0.00		cached
ok	/site/core/vendor/phpunit/phpunit/src/TextUI/Configuration/Exception/NoBootstrapException.php	0.00		cached
ok	/site/core/vendor/phpunit/phpunit/src/TextUI/Configuration/Exception/NoCacheDirectoryException.php	0.00		cached
ok	/site/core/vendor/phpunit/phpunit/src/TextUI/Configuration/Exception/NoConfigurationFileException.php	0.00		cached
ok	/site/core/vendor/phpunit/phpunit/src/TextUI/Configuration/Exception/NoCoverageCacheDirectoryException.php	0.00		cached
ok	/site/core/vendor/phpunit/phpunit/src/TextUI/Configuration/Exception/NoCustomCssFileException.php	0.00		cached
ok	/site/core/vendor/phpunit/phpunit/src/TextUI/Configuration/Exception/NoDefaultTestSuiteException.php	0.00		cached
ok	/site/core/vendor/phpunit/phpunit/src/TextUI/Configuration/Exception/NoPharExtensionDirectoryException.php	0.00		cached
ok	/site/core/vendor/phpunit/phpunit/src/TextUI/Configuration/Exception/SpecificDeprecationToStopOnNotConfiguredException.php	0.00		cached
ok	/site/core/vendor/phpunit/phpunit/src/TextUI/Configuration/Merger.php	0.00		cached
fail	/site/core/vendor/phpunit/phpunit/src/TextUI/Configuration/PhpHandler.php	0.00	compile failed: MIR.lower: $GLOBALS needs a literal string key (a dynamic one would need a runtime name table)	cached
ok	/site/core/vendor/phpunit/phpunit/src/TextUI/Configuration/Registry.php	0.00		cached
ok	/site/core/vendor/phpunit/phpunit/src/TextUI/Configuration/SourceFilter.php	0.00		cached
ok	/site/core/vendor/phpunit/phpunit/src/TextUI/Configuration/SourceMapper.php	0.00		cached
ok	/site/core/vendor/phpunit/phpunit/src/TextUI/Configuration/TestSuiteBuilder.php	0.00		cached
ok	/site/core/vendor/phpunit/phpunit/src/TextUI/Configuration/Value/Constant.php	0.00		cached
ok	/site/core/vendor/phpunit/phpunit/src/TextUI/Configuration/Value/ConstantCollection.php	0.00		cached
ok	/site/core/vendor/phpunit/phpunit/src/TextUI/Configuration/Value/ConstantCollectionIterator.php	0.00		cached
ok	/site/core/vendor/phpunit/phpunit/src/TextUI/Configuration/Value/Directory.php	0.00		cached
ok	/site/core/vendor/phpunit/phpunit/src/TextUI/Configuration/Value/DirectoryCollection.php	0.00		cached
ok	/site/core/vendor/phpunit/phpunit/src/TextUI/Configuration/Value/DirectoryCollectionIterator.php	0.00		cached
ok	/site/core/vendor/phpunit/phpunit/src/TextUI/Configuration/Value/ExtensionBootstrap.php	0.00		cached
ok	/site/core/vendor/phpunit/phpunit/src/TextUI/Configuration/Value/ExtensionBootstrapCollection.php	0.00		cached
ok	/site/core/vendor/phpunit/phpunit/src/TextUI/Configuration/Value/ExtensionBootstrapCollectionIterator.php	0.00		cached
ok	/site/core/vendor/phpunit/phpunit/src/TextUI/Configuration/Value/File.php	0.00		cached
ok	/site/core/vendor/phpunit/phpunit/src/TextUI/Configuration/Value/FileCollection.php	0.00		cached
ok	/site/core/vendor/phpunit/phpunit/src/TextUI/Configuration/Value/FileCollectionIterator.php	0.00		cached
ok	/site/core/vendor/phpunit/phpunit/src/TextUI/Configuration/Value/FilterDirectory.php	0.00		cached
ok	/site/core/vendor/phpunit/phpunit/src/TextUI/Configuration/Value/FilterDirectoryCollection.php	0.00		cached
ok	/site/core/vendor/phpunit/phpunit/src/TextUI/Configuration/Value/FilterDirectoryCollectionIterator.php	0.00		cached
ok	/site/core/vendor/phpunit/phpunit/src/TextUI/Configuration/Value/Group.php	0.00		cached
ok	/site/core/vendor/phpunit/phpunit/src/TextUI/Configuration/Value/GroupCollection.php	0.00		cached
ok	/site/core/vendor/phpunit/phpunit/src/TextUI/Configuration/Value/GroupCollectionIterator.php	0.00		cached
ok	/site/core/vendor/phpunit/phpunit/src/TextUI/Configuration/Value/IniSetting.php	0.00		cached
ok	/site/core/vendor/phpunit/phpunit/src/TextUI/Configuration/Value/IniSettingCollection.php	0.00		cached
ok	/site/core/vendor/phpunit/phpunit/src/TextUI/Configuration/Value/IniSettingCollectionIterator.php	0.00		cached
ok	/site/core/vendor/phpunit/phpunit/src/TextUI/Configuration/Value/Php.php	0.00		cached
ok	/site/core/vendor/phpunit/phpunit/src/TextUI/Configuration/Value/Source.php	0.00		cached
ok	/site/core/vendor/phpunit/phpunit/src/TextUI/Configuration/Value/TestDirectory.php	0.00		cached
ok	/site/core/vendor/phpunit/phpunit/src/TextUI/Configuration/Value/TestDirectoryCollection.php	0.00		cached
ok	/site/core/vendor/phpunit/phpunit/src/TextUI/Configuration/Value/TestDirectoryCollectionIterator.php	0.00		cached
ok	/site/core/vendor/phpunit/phpunit/src/TextUI/Configuration/Value/TestFile.php	0.00		cached
ok	/site/core/vendor/phpunit/phpunit/src/TextUI/Configuration/Value/TestFileCollection.php	0.00		cached
ok	/site/core/vendor/phpunit/phpunit/src/TextUI/Configuration/Value/TestFileCollectionIterator.php	0.00		cached
ok	/site/core/vendor/phpunit/phpunit/src/TextUI/Configuration/Value/TestSuite.php	0.00		cached
ok	/site/core/vendor/phpunit/phpunit/src/TextUI/Configuration/Value/TestSuiteCollection.php	0.00		cached
ok	/site/core/vendor/phpunit/phpunit/src/TextUI/Configuration/Value/TestSuiteCollectionIterator.php	0.00		cached
ok	/site/core/vendor/phpunit/phpunit/src/TextUI/Configuration/Value/Variable.php	0.00		cached
ok	/site/core/vendor/phpunit/phpunit/src/TextUI/Configuration/Value/VariableCollection.php	0.00		cached
ok	/site/core/vendor/phpunit/phpunit/src/TextUI/Configuration/Value/VariableCollectionIterator.php	0.00		cached
ok	/site/core/vendor/phpunit/phpunit/src/TextUI/Configuration/Xml/CodeCoverage/CodeCoverage.php	0.00		cached
ok	/site/core/vendor/phpunit/phpunit/src/TextUI/Configuration/Xml/CodeCoverage/Report/Clover.php	0.00		cached
ok	/site/core/vendor/phpunit/phpunit/src/TextUI/Configuration/Xml/CodeCoverage/Report/Cobertura.php	0.00		cached
ok	/site/core/vendor/phpunit/phpunit/src/TextUI/Configuration/Xml/CodeCoverage/Report/Crap4j.php	0.00		cached
ok	/site/core/vendor/phpunit/phpunit/src/TextUI/Configuration/Xml/CodeCoverage/Report/Html.php	0.00		cached
ok	/site/core/vendor/phpunit/phpunit/src/TextUI/Configuration/Xml/CodeCoverage/Report/OpenClover.php	0.00		cached
ok	/site/core/vendor/phpunit/phpunit/src/TextUI/Configuration/Xml/CodeCoverage/Report/Php.php	0.00		cached
ok	/site/core/vendor/phpunit/phpunit/src/TextUI/Configuration/Xml/CodeCoverage/Report/Text.php	0.00		cached
ok	/site/core/vendor/phpunit/phpunit/src/TextUI/Configuration/Xml/CodeCoverage/Report/Xml.php	0.00		cached
ok	/site/core/vendor/phpunit/phpunit/src/TextUI/Configuration/Xml/Configuration.php	0.00		cached
ok	/site/core/vendor/phpunit/phpunit/src/TextUI/Configuration/Xml/DefaultConfiguration.php	0.00		cached
ok	/site/core/vendor/phpunit/phpunit/src/TextUI/Configuration/Xml/Exception.php	0.00		cached
ok	/site/core/vendor/phpunit/phpunit/src/TextUI/Configuration/Xml/Generator.php	0.00		cached
ok	/site/core/vendor/phpunit/phpunit/src/TextUI/Configuration/Xml/Groups.php	0.00		cached
ok	/site/core/vendor/phpunit/phpunit/src/TextUI/Configuration/Xml/LoadedFromFileConfiguration.php	0.00		cached
ok	/site/core/vendor/phpunit/phpunit/src/TextUI/Configuration/Xml/Loader.php	0.00		cached
ok	/site/core/vendor/phpunit/phpunit/src/TextUI/Configuration/Xml/Logging/Junit.php	0.00		cached
ok	/site/core/vendor/phpunit/phpunit/src/TextUI/Configuration/Xml/Logging/Logging.php	0.00		cached
ok	/site/core/vendor/phpunit/phpunit/src/TextUI/Configuration/Xml/Logging/Otr.php	0.00		cached
ok	/site/core/vendor/phpunit/phpunit/src/TextUI/Configuration/Xml/Logging/TeamCity.php	0.00		cached
ok	/site/core/vendor/phpunit/phpunit/src/TextUI/Configuration/Xml/Logging/TestDox/Html.php	0.00		cached
ok	/site/core/vendor/phpunit/phpunit/src/TextUI/Configuration/Xml/Logging/TestDox/Text.php	0.00		cached
ok	/site/core/vendor/phpunit/phpunit/src/TextUI/Configuration/Xml/Migration/MigrationBuilder.php	0.00		cached
ok	/site/core/vendor/phpunit/phpunit/src/TextUI/Configuration/Xml/Migration/MigrationException.php	0.00		cached
ok	/site/core/vendor/phpunit/phpunit/src/TextUI/Configuration/Xml/Migration/Migrations/ConvertLogTypes.php	0.00		cached
ok	/site/core/vendor/phpunit/phpunit/src/TextUI/Configuration/Xml/Migration/Migrations/CoverageCloverToReport.php	0.00		cached
ok	/site/core/vendor/phpunit/phpunit/src/TextUI/Configuration/Xml/Migration/Migrations/CoverageCrap4jToReport.php	0.00		cached
ok	/site/core/vendor/phpunit/phpunit/src/TextUI/Configuration/Xml/Migration/Migrations/CoverageHtmlToReport.php	0.00		cached
ok	/site/core/vendor/phpunit/phpunit/src/TextUI/Configuration/Xml/Migration/Migrations/CoveragePhpToReport.php	0.00		cached
ok	/site/core/vendor/phpunit/phpunit/src/TextUI/Configuration/Xml/Migration/Migrations/CoverageTextToReport.php	0.00		cached
ok	/site/core/vendor/phpunit/phpunit/src/TextUI/Configuration/Xml/Migration/Migrations/CoverageXmlToReport.php	0.00		cached
ok	/site/core/vendor/phpunit/phpunit/src/TextUI/Configuration/Xml/Migration/Migrations/IntroduceCacheDirectoryAttribute.php	0.00		cached
ok	/site/core/vendor/phpunit/phpunit/src/TextUI/Configuration/Xml/Migration/Migrations/IntroduceCoverageElement.php	0.00		cached
ok	/site/core/vendor/phpunit/phpunit/src/TextUI/Configuration/Xml/Migration/Migrations/LogToReportMigration.php	0.00		cached
ok	/site/core/vendor/phpunit/phpunit/src/TextUI/Configuration/Xml/Migration/Migrations/Migration.php	0.00		cached
ok	/site/core/vendor/phpunit/phpunit/src/TextUI/Configuration/Xml/Migration/Migrations/MoveAttributesFromFilterWhitelistToCoverage.php	0.00		cached
ok	/site/core/vendor/phpunit/phpunit/src/TextUI/Configuration/Xml/Migration/Migrations/MoveAttributesFromRootToCoverage.php	0.00		cached
ok	/site/core/vendor/phpunit/phpunit/src/TextUI/Configuration/Xml/Migration/Migrations/MoveCoverageDirectoriesToSource.php	0.00		cached
ok	/site/core/vendor/phpunit/phpunit/src/TextUI/Configuration/Xml/Migration/Migrations/MoveWhitelistExcludesToCoverage.php	0.00		cached
ok	/site/core/vendor/phpunit/phpunit/src/TextUI/Configuration/Xml/Migration/Migrations/MoveWhitelistIncludesToCoverage.php	0.00		cached
ok	/site/core/vendor/phpunit/phpunit/src/TextUI/Configuration/Xml/Migration/Migrations/RemoveBeStrictAboutResourceUsageDuringSmallTestsAttribute.php	0.00		cached
ok	/site/core/vendor/phpunit/phpunit/src/TextUI/Configuration/Xml/Migration/Migrations/RemoveBeStrictAboutTodoAnnotatedTestsAttribute.php	0.00		cached
ok	/site/core/vendor/phpunit/phpunit/src/TextUI/Configuration/Xml/Migration/Migrations/RemoveCacheResultFileAttribute.php	0.00		cached
ok	/site/core/vendor/phpunit/phpunit/src/TextUI/Configuration/Xml/Migration/Migrations/RemoveCacheTokensAttribute.php	0.00		cached
ok	/site/core/vendor/phpunit/phpunit/src/TextUI/Configuration/Xml/Migration/Migrations/RemoveConversionToExceptionsAttributes.php	0.00		cached
ok	/site/core/vendor/phpunit/phpunit/src/TextUI/Configuration/Xml/Migration/Migrations/RemoveCoverageElementCacheDirectoryAttribute.php	0.00		cached
ok	/site/core/vendor/phpunit/phpunit/src/TextUI/Configuration/Xml/Migration/Migrations/RemoveCoverageElementProcessUncoveredFilesAttribute.php	0.00		cached
ok	/site/core/vendor/phpunit/phpunit/src/TextUI/Configuration/Xml/Migration/Migrations/RemoveEmptyFilter.php	0.00		cached
ok	/site/core/vendor/phpunit/phpunit/src/TextUI/Configuration/Xml/Migration/Migrations/RemoveListeners.php	0.00		cached
ok	/site/core/vendor/phpunit/phpunit/src/TextUI/Configuration/Xml/Migration/Migrations/RemoveLogTypes.php	0.00		cached
ok	/site/core/vendor/phpunit/phpunit/src/TextUI/Configuration/Xml/Migration/Migrations/RemoveLoggingElements.php	0.00		cached
ok	/site/core/vendor/phpunit/phpunit/src/TextUI/Configuration/Xml/Migration/Migrations/RemoveNoInteractionAttribute.php	0.00		cached
ok	/site/core/vendor/phpunit/phpunit/src/TextUI/Configuration/Xml/Migration/Migrations/RemovePrinterAttributes.php	0.00		cached
ok	/site/core/vendor/phpunit/phpunit/src/TextUI/Configuration/Xml/Migration/Migrations/RemoveRegisterMockObjectsFromTestArgumentsRecursivelyAttribute.php	0.00		cached
ok	/site/core/vendor/phpunit/phpunit/src/TextUI/Configuration/Xml/Migration/Migrations/RemoveTestDoxGroupsElement.php	0.00		cached
ok	/site/core/vendor/phpunit/phpunit/src/TextUI/Configuration/Xml/Migration/Migrations/RemoveTestSuiteLoaderAttributes.php	0.00		cached
ok	/site/core/vendor/phpunit/phpunit/src/TextUI/Configuration/Xml/Migration/Migrations/RemoveVerboseAttribute.php	0.00		cached
ok	/site/core/vendor/phpunit/phpunit/src/TextUI/Configuration/Xml/Migration/Migrations/RenameBackupStaticAttributesAttribute.php	0.00		cached
ok	/site/core/vendor/phpunit/phpunit/src/TextUI/Configuration/Xml/Migration/Migrations/RenameBeStrictAboutCoversAnnotationAttribute.php	0.00		cached
ok	/site/core/vendor/phpunit/phpunit/src/TextUI/Configuration/Xml/Migration/Migrations/RenameForceCoversAnnotationAttribute.php	0.00		cached
ok	/site/core/vendor/phpunit/phpunit/src/TextUI/Configuration/Xml/Migration/Migrations/ReplaceRestrictDeprecationsWithIgnoreDeprecations.php	0.00		cached
ok	/site/core/vendor/phpunit/phpunit/src/TextUI/Configuration/Xml/Migration/Migrations/UpdateSchemaLocation.php	0.00		cached
ok	/site/core/vendor/phpunit/phpunit/src/TextUI/Configuration/Xml/Migration/Migrator.php	0.00		cached
ok	/site/core/vendor/phpunit/phpunit/src/TextUI/Configuration/Xml/Migration/SnapshotNodeList.php	0.00		cached
ok	/site/core/vendor/phpunit/phpunit/src/TextUI/Configuration/Xml/PHPUnit.php	0.00		cached
ok	/site/core/vendor/phpunit/phpunit/src/TextUI/Configuration/Xml/SchemaDetector/FailedSchemaDetectionResult.php	0.00		cached
ok	/site/core/vendor/phpunit/phpunit/src/TextUI/Configuration/Xml/SchemaDetector/SchemaDetectionResult.php	0.00		cached
ok	/site/core/vendor/phpunit/phpunit/src/TextUI/Configuration/Xml/SchemaDetector/SchemaDetector.php	0.00		cached
ok	/site/core/vendor/phpunit/phpunit/src/TextUI/Configuration/Xml/SchemaDetector/SuccessfulSchemaDetectionResult.php	0.00		cached
ok	/site/core/vendor/phpunit/phpunit/src/TextUI/Configuration/Xml/SchemaFinder.php	0.00		cached
ok	/site/core/vendor/phpunit/phpunit/src/TextUI/Configuration/Xml/TestSuiteMapper.php	0.00		cached
ok	/site/core/vendor/phpunit/phpunit/src/TextUI/Configuration/Xml/Validator/ValidationResult.php	0.00		cached
ok	/site/core/vendor/phpunit/phpunit/src/TextUI/Configuration/Xml/Validator/Validator.php	0.00		cached
ok	/site/core/vendor/phpunit/phpunit/src/TextUI/Exception/CannotOpenSocketException.php	0.00		cached
ok	/site/core/vendor/phpunit/phpunit/src/TextUI/Exception/Exception.php	0.00		cached
ok	/site/core/vendor/phpunit/phpunit/src/TextUI/Exception/InvalidSocketException.php	0.00		cached
ok	/site/core/vendor/phpunit/phpunit/src/TextUI/Exception/RuntimeException.php	0.00		cached
ok	/site/core/vendor/phpunit/phpunit/src/TextUI/Exception/TestDirectoryNotFoundException.php	0.00		cached
ok	/site/core/vendor/phpunit/phpunit/src/TextUI/Exception/TestFileNotFoundException.php	0.00		cached
ok	/site/core/vendor/phpunit/phpunit/src/TextUI/Help.php	0.00		cached
ok	/site/core/vendor/phpunit/phpunit/src/TextUI/Output/Default/ProgressPrinter/ProgressPrinter.php	0.00		cached
ok	/site/core/vendor/phpunit/phpunit/src/TextUI/Output/Default/ProgressPrinter/Subscriber/BeforeTestClassMethodErroredSubscriber.php	0.00		cached
ok	/site/core/vendor/phpunit/phpunit/src/TextUI/Output/Default/ProgressPrinter/Subscriber/ChildProcessErroredSubscriber.php	0.00		cached
ok	/site/core/vendor/phpunit/phpunit/src/TextUI/Output/Default/ProgressPrinter/Subscriber/Subscriber.php	0.00		cached
ok	/site/core/vendor/phpunit/phpunit/src/TextUI/Output/Default/ProgressPrinter/Subscriber/TestConsideredRiskySubscriber.php	0.00		cached
ok	/site/core/vendor/phpunit/phpunit/src/TextUI/Output/Default/ProgressPrinter/Subscriber/TestErroredSubscriber.php	0.00		cached
ok	/site/core/vendor/phpunit/phpunit/src/TextUI/Output/Default/ProgressPrinter/Subscriber/TestFailedSubscriber.php	0.00		cached
ok	/site/core/vendor/phpunit/phpunit/src/TextUI/Output/Default/ProgressPrinter/Subscriber/TestFinishedSubscriber.php	0.00		cached
ok	/site/core/vendor/phpunit/phpunit/src/TextUI/Output/Default/ProgressPrinter/Subscriber/TestMarkedIncompleteSubscriber.php	0.00		cached
ok	/site/core/vendor/phpunit/phpunit/src/TextUI/Output/Default/ProgressPrinter/Subscriber/TestPreparedSubscriber.php	0.00		cached
ok	/site/core/vendor/phpunit/phpunit/src/TextUI/Output/Default/ProgressPrinter/Subscriber/TestRunnerExecutionStartedSubscriber.php	0.00		cached
ok	/site/core/vendor/phpunit/phpunit/src/TextUI/Output/Default/ProgressPrinter/Subscriber/TestSkippedSubscriber.php	0.00		cached
ok	/site/core/vendor/phpunit/phpunit/src/TextUI/Output/Default/ProgressPrinter/Subscriber/TestSuiteSkippedSubscriber.php	0.00		cached
ok	/site/core/vendor/phpunit/phpunit/src/TextUI/Output/Default/ProgressPrinter/Subscriber/TestTriggeredDeprecationSubscriber.php	0.00		cached
ok	/site/core/vendor/phpunit/phpunit/src/TextUI/Output/Default/ProgressPrinter/Subscriber/TestTriggeredErrorSubscriber.php	0.00		cached
ok	/site/core/vendor/phpunit/phpunit/src/TextUI/Output/Default/ProgressPrinter/Subscriber/TestTriggeredNoticeSubscriber.php	0.00		cached
ok	/site/core/vendor/phpunit/phpunit/src/TextUI/Output/Default/ProgressPrinter/Subscriber/TestTriggeredPhpDeprecationSubscriber.php	0.00		cached
ok	/site/core/vendor/phpunit/phpunit/src/TextUI/Output/Default/ProgressPrinter/Subscriber/TestTriggeredPhpNoticeSubscriber.php	0.00		cached
ok	/site/core/vendor/phpunit/phpunit/src/TextUI/Output/Default/ProgressPrinter/Subscriber/TestTriggeredPhpWarningSubscriber.php	0.00		cached
ok	/site/core/vendor/phpunit/phpunit/src/TextUI/Output/Default/ProgressPrinter/Subscriber/TestTriggeredPhpunitDeprecationSubscriber.php	0.00		cached
ok	/site/core/vendor/phpunit/phpunit/src/TextUI/Output/Default/ProgressPrinter/Subscriber/TestTriggeredPhpunitNoticeSubscriber.php	0.00		cached
ok	/site/core/vendor/phpunit/phpunit/src/TextUI/Output/Default/ProgressPrinter/Subscriber/TestTriggeredPhpunitWarningSubscriber.php	0.00		cached
ok	/site/core/vendor/phpunit/phpunit/src/TextUI/Output/Default/ProgressPrinter/Subscriber/TestTriggeredWarningSubscriber.php	0.00		cached
ok	/site/core/vendor/phpunit/phpunit/src/TextUI/Output/Default/ResultPrinter.php	0.00		cached
ok	/site/core/vendor/phpunit/phpunit/src/TextUI/Output/Default/UnexpectedOutputPrinter.php	0.00		cached
ok	/site/core/vendor/phpunit/phpunit/src/TextUI/Output/Facade.php	0.00		cached
ok	/site/core/vendor/phpunit/phpunit/src/TextUI/Output/Printer/DefaultPrinter.php	0.00		cached
ok	/site/core/vendor/phpunit/phpunit/src/TextUI/Output/Printer/NullPrinter.php	0.00		cached
ok	/site/core/vendor/phpunit/phpunit/src/TextUI/Output/Printer/Printer.php	0.00		cached
ok	/site/core/vendor/phpunit/phpunit/src/TextUI/Output/SummaryPrinter.php	0.00		cached
ok	/site/core/vendor/phpunit/phpunit/src/TextUI/Output/TestDox/ResultPrinter.php	0.00		cached
ok	/site/core/vendor/phpunit/phpunit/src/TextUI/ShellExitCodeCalculator.php	0.00		cached
ok	/site/core/vendor/phpunit/phpunit/src/TextUI/TestRunner.php	0.00		cached
ok	/site/core/vendor/phpunit/phpunit/src/TextUI/TestSuiteFilterProcessor.php	0.00		cached
ok	/site/core/vendor/phpunit/phpunit/src/Util/Color.php	0.00		cached
ok	/site/core/vendor/phpunit/phpunit/src/Util/Exception/Exception.php	0.00		cached
ok	/site/core/vendor/phpunit/phpunit/src/Util/Exception/InvalidDirectoryException.php	0.00		cached
ok	/site/core/vendor/phpunit/phpunit/src/Util/Exception/InvalidJsonException.php	0.00		cached
ok	/site/core/vendor/phpunit/phpunit/src/Util/Exception/InvalidVersionOperatorException.php	0.00		cached
ok	/site/core/vendor/phpunit/phpunit/src/Util/Exception/PhpProcessException.php	0.00		cached
ok	/site/core/vendor/phpunit/phpunit/src/Util/Exception/XmlException.php	0.00		cached
ok	/site/core/vendor/phpunit/phpunit/src/Util/ExcludeList.php	0.00		cached
ok	/site/core/vendor/phpunit/phpunit/src/Util/Exporter.php	0.00		cached
ok	/site/core/vendor/phpunit/phpunit/src/Util/Filesystem.php	0.00		cached
ok	/site/core/vendor/phpunit/phpunit/src/Util/Filter.php	0.00		cached
fail	/site/core/vendor/phpunit/phpunit/src/Util/GlobalState.php	0.00	compile failed: MIR.lower: $GLOBALS needs a literal string key (a dynamic one would need a runtime name table)	cached
ok	/site/core/vendor/phpunit/phpunit/src/Util/GlobalStateResult.php	0.00		cached
ok	/site/core/vendor/phpunit/phpunit/src/Util/Http/Downloader.php	0.00		cached
ok	/site/core/vendor/phpunit/phpunit/src/Util/Http/PhpDownloader.php	0.00		cached
ok	/site/core/vendor/phpunit/phpunit/src/Util/Json.php	0.00		cached
ok	/site/core/vendor/phpunit/phpunit/src/Util/PHP/Job.php	0.00		cached
ok	/site/core/vendor/phpunit/phpunit/src/Util/PHP/JobRunner.php	0.00		cached
ok	/site/core/vendor/phpunit/phpunit/src/Util/PHP/JobRunnerRegistry.php	0.00		cached
ok	/site/core/vendor/phpunit/phpunit/src/Util/PHP/Result.php	0.00		cached
ok	/site/core/vendor/phpunit/phpunit/src/Util/Reflection.php	0.00		cached
ok	/site/core/vendor/phpunit/phpunit/src/Util/Sanitizer.php	0.00		cached
ok	/site/core/vendor/phpunit/phpunit/src/Util/Test.php	0.00		cached
ok	/site/core/vendor/phpunit/phpunit/src/Util/ThrowableToStringMapper.php	0.00		cached
ok	/site/core/vendor/phpunit/phpunit/src/Util/VersionComparisonOperator.php	0.00		cached
ok	/site/core/vendor/phpunit/phpunit/src/Util/Xml/Loader.php	0.00		cached
ok	/site/core/vendor/phpunit/phpunit/src/Util/Xml/Xml.php	0.00		cached
ok	/site/core/vendor/predis/predis/autoload.php	0.00		cached
ok	/site/core/vendor/predis/predis/src/Autoloader.php	0.00		cached
ok	/site/core/vendor/predis/predis/src/Client.php	0.00		cached
ok	/site/core/vendor/predis/predis/src/ClientConfiguration.php	0.00		cached
ok	/site/core/vendor/predis/predis/src/ClientContextInterface.php	0.00		cached
ok	/site/core/vendor/predis/predis/src/ClientException.php	0.00		cached
ok	/site/core/vendor/predis/predis/src/ClientInterface.php	0.00		cached
ok	/site/core/vendor/predis/predis/src/Cluster/ClusterStrategy.php	0.00		cached
ok	/site/core/vendor/predis/predis/src/Cluster/Distributor/DistributorInterface.php	0.00		cached
ok	/site/core/vendor/predis/predis/src/Cluster/Distributor/EmptyRingException.php	0.00		cached
ok	/site/core/vendor/predis/predis/src/Cluster/Distributor/HashRing.php	0.00		cached
ok	/site/core/vendor/predis/predis/src/Cluster/Distributor/KetamaRing.php	0.00		cached
ok	/site/core/vendor/predis/predis/src/Cluster/Hash/CRC16.php	0.00		cached
ok	/site/core/vendor/predis/predis/src/Cluster/Hash/HashGeneratorInterface.php	0.00		cached
ok	/site/core/vendor/predis/predis/src/Cluster/NullSlotRange.php	0.00		cached
ok	/site/core/vendor/predis/predis/src/Cluster/PredisStrategy.php	0.00		cached
ok	/site/core/vendor/predis/predis/src/Cluster/RedisStrategy.php	0.00		cached
ok	/site/core/vendor/predis/predis/src/Cluster/SimpleSlotMap.php	0.00		cached
ok	/site/core/vendor/predis/predis/src/Cluster/SlotMap.php	0.00		cached
ok	/site/core/vendor/predis/predis/src/Cluster/SlotRange.php	0.00		cached
ok	/site/core/vendor/predis/predis/src/Cluster/StrategyInterface.php	0.00		cached
ok	/site/core/vendor/predis/predis/src/Collection/Iterator/CursorBasedIterator.php	0.00		cached
ok	/site/core/vendor/predis/predis/src/Collection/Iterator/HashKey.php	0.00		cached
ok	/site/core/vendor/predis/predis/src/Collection/Iterator/Keyspace.php	0.00		cached
ok	/site/core/vendor/predis/predis/src/Collection/Iterator/ListKey.php	0.00		cached
ok	/site/core/vendor/predis/predis/src/Collection/Iterator/SetKey.php	0.00		cached
ok	/site/core/vendor/predis/predis/src/Collection/Iterator/SortedSetKey.php	0.00		cached
ok	/site/core/vendor/predis/predis/src/Command/Argument/ArrayableArgument.php	0.00		cached
ok	/site/core/vendor/predis/predis/src/Command/Argument/Geospatial/AbstractBy.php	0.00		cached
ok	/site/core/vendor/predis/predis/src/Command/Argument/Geospatial/ByBox.php	0.00		cached
ok	/site/core/vendor/predis/predis/src/Command/Argument/Geospatial/ByInterface.php	0.00		cached
ok	/site/core/vendor/predis/predis/src/Command/Argument/Geospatial/ByRadius.php	0.00		cached
ok	/site/core/vendor/predis/predis/src/Command/Argument/Geospatial/FromInterface.php	0.00		cached
ok	/site/core/vendor/predis/predis/src/Command/Argument/Geospatial/FromLonLat.php	0.00		cached
ok	/site/core/vendor/predis/predis/src/Command/Argument/Geospatial/FromMember.php	0.00		cached
fail	/site/core/vendor/predis/predis/src/Command/Argument/Search/AggregateArguments.php	0.00	timeout: the monitored command dumped core	cached
ok	/site/core/vendor/predis/predis/src/Command/Argument/Search/AlterArguments.php	0.00		cached
ok	/site/core/vendor/predis/predis/src/Command/Argument/Search/CollectArguments.php	0.00		cached
ok	/site/core/vendor/predis/predis/src/Command/Argument/Search/CommonArguments.php	0.00		cached
ok	/site/core/vendor/predis/predis/src/Command/Argument/Search/CreateArguments.php	0.00		cached
ok	/site/core/vendor/predis/predis/src/Command/Argument/Search/CursorArguments.php	0.00		cached
ok	/site/core/vendor/predis/predis/src/Command/Argument/Search/DropArguments.php	0.00		cached
ok	/site/core/vendor/predis/predis/src/Command/Argument/Search/ExplainArguments.php	0.00		cached
ok	/site/core/vendor/predis/predis/src/Command/Argument/Search/HybridSearch/Combine/BaseCombine.php	0.00		cached
fail	/site/core/vendor/predis/predis/src/Command/Argument/Search/HybridSearch/Combine/LinearCombineConfig.php	0.00	timeout: the monitored command dumped core	cached
fail	/site/core/vendor/predis/predis/src/Command/Argument/Search/HybridSearch/Combine/RRFCombineConfig.php	0.00	timeout: the monitored command dumped core	cached
ok	/site/core/vendor/predis/predis/src/Command/Argument/Search/HybridSearch/HybridSearchQuery.php	0.00		cached
ok	/site/core/vendor/predis/predis/src/Command/Argument/Search/HybridSearch/Reducer.php	0.00		cached
ok	/site/core/vendor/predis/predis/src/Command/Argument/Search/HybridSearch/ScorerConfig.php	0.00		cached
ok	/site/core/vendor/predis/predis/src/Command/Argument/Search/HybridSearch/SearchConfig.php	0.00		cached
ok	/site/core/vendor/predis/predis/src/Command/Argument/Search/HybridSearch/VectorSearch/BaseVectorSearchConfig.php	0.00		cached
fail	/site/core/vendor/predis/predis/src/Command/Argument/Search/HybridSearch/VectorSearch/KNNVectorSearchConfig.php	0.00	timeout: the monitored command dumped core	cached
fail	/site/core/vendor/predis/predis/src/Command/Argument/Search/HybridSearch/VectorSearch/RangeVectorSearchConfig.php	0.00	timeout: the monitored command dumped core	cached
ok	/site/core/vendor/predis/predis/src/Command/Argument/Search/ProfileArguments.php	0.00		cached
ok	/site/core/vendor/predis/predis/src/Command/Argument/Search/SchemaFields/AbstractField.php	0.00		cached
ok	/site/core/vendor/predis/predis/src/Command/Argument/Search/SchemaFields/FieldInterface.php	0.00		cached
ok	/site/core/vendor/predis/predis/src/Command/Argument/Search/SchemaFields/GeoField.php	0.00		cached
ok	/site/core/vendor/predis/predis/src/Command/Argument/Search/SchemaFields/GeoShapeField.php	0.00		cached
ok	/site/core/vendor/predis/predis/src/Command/Argument/Search/SchemaFields/NumericField.php	0.00		cached
ok	/site/core/vendor/predis/predis/src/Command/Argument/Search/SchemaFields/TagField.php	0.00		cached
ok	/site/core/vendor/predis/predis/src/Command/Argument/Search/SchemaFields/TextField.php	0.00		cached
ok	/site/core/vendor/predis/predis/src/Command/Argument/Search/SchemaFields/VectorField.php	0.00		cached
fail	/site/core/vendor/predis/predis/src/Command/Argument/Search/SearchArguments.php	0.00	timeout: the monitored command dumped core	cached
fail	/site/core/vendor/predis/predis/src/Command/Argument/Search/SpellcheckArguments.php	0.00	timeout: the monitored command dumped core	cached
ok	/site/core/vendor/predis/predis/src/Command/Argument/Search/SugAddArguments.php	0.00		cached
fail	/site/core/vendor/predis/predis/src/Command/Argument/Search/SugGetArguments.php	0.00	timeout: the monitored command dumped core	cached
ok	/site/core/vendor/predis/predis/src/Command/Argument/Search/SynUpdateArguments.php	0.00		cached
ok	/site/core/vendor/predis/predis/src/Command/Argument/Server/LimitInterface.php	0.00		cached
ok	/site/core/vendor/predis/predis/src/Command/Argument/Server/LimitOffsetCount.php	0.00		cached
ok	/site/core/vendor/predis/predis/src/Command/Argument/Server/To.php	0.00		cached
ok	/site/core/vendor/predis/predis/src/Command/Argument/Stream/XInfoStreamOptions.php	0.00		cached
fail	/site/core/vendor/predis/predis/src/Command/Argument/TimeSeries/AddArguments.php	0.00	timeout: the monitored command dumped core	cached
ok	/site/core/vendor/predis/predis/src/Command/Argument/TimeSeries/AlterArguments.php	0.00		cached
ok	/site/core/vendor/predis/predis/src/Command/Argument/TimeSeries/CommonArguments.php	0.00		cached
ok	/site/core/vendor/predis/predis/src/Command/Argument/TimeSeries/CreateArguments.php	0.00		cached
ok	/site/core/vendor/predis/predis/src/Command/Argument/TimeSeries/DecrByArguments.php	0.00		cached
ok	/site/core/vendor/predis/predis/src/Command/Argument/TimeSeries/GetArguments.php	0.00		cached
fail	/site/core/vendor/predis/predis/src/Command/Argument/TimeSeries/IncrByArguments.php	0.00	timeout: the monitored command dumped core	cached
ok	/site/core/vendor/predis/predis/src/Command/Argument/TimeSeries/InfoArguments.php	0.00		cached
ok	/site/core/vendor/predis/predis/src/Command/Argument/TimeSeries/MGetArguments.php	0.00		cached
fail	/site/core/vendor/predis/predis/src/Command/Argument/TimeSeries/MRangeArguments.php	0.00	timeout: the monitored command dumped core	cached
fail	/site/core/vendor/predis/predis/src/Command/Argument/TimeSeries/NRangeArguments.php	0.00	timeout: the monitored command dumped core	cached
fail	/site/core/vendor/predis/predis/src/Command/Argument/TimeSeries/RangeArguments.php	0.00	timeout: the monitored command dumped core	cached
ok	/site/core/vendor/predis/predis/src/Command/Argument/TimeSeries/ReadArguments.php	0.00		cached
ok	/site/core/vendor/predis/predis/src/Command/Command.php	0.00		cached
ok	/site/core/vendor/predis/predis/src/Command/CommandInterface.php	0.00		cached
ok	/site/core/vendor/predis/predis/src/Command/Container/ACL.php	0.00		cached
ok	/site/core/vendor/predis/predis/src/Command/Container/AbstractContainer.php	0.00		cached
ok	/site/core/vendor/predis/predis/src/Command/Container/CLIENT.php	0.00		cached
ok	/site/core/vendor/predis/predis/src/Command/Container/CLUSTER.php	0.00		cached
ok	/site/core/vendor/predis/predis/src/Command/Container/ContainerFactory.php	0.00		cached
ok	/site/core/vendor/predis/predis/src/Command/Container/ContainerInterface.php	0.00		cached
ok	/site/core/vendor/predis/predis/src/Command/Container/FUNCTIONS.php	0.00		cached
ok	/site/core/vendor/predis/predis/src/Command/Container/HIMPORT.php	0.00		cached
ok	/site/core/vendor/predis/predis/src/Command/Container/HOTKEYS.php	0.00		cached
ok	/site/core/vendor/predis/predis/src/Command/Container/Json/JSONDEBUG.php	0.00		cached
ok	/site/core/vendor/predis/predis/src/Command/Container/Search/FTCONFIG.php	0.00		cached
ok	/site/core/vendor/predis/predis/src/Command/Container/Search/FTCURSOR.php	0.00		cached
ok	/site/core/vendor/predis/predis/src/Command/Container/XGROUP.php	0.00		cached
ok	/site/core/vendor/predis/predis/src/Command/Container/XINFO.php	0.00		cached
ok	/site/core/vendor/predis/predis/src/Command/Factory.php	0.00		cached
ok	/site/core/vendor/predis/predis/src/Command/FactoryInterface.php	0.00		cached
ok	/site/core/vendor/predis/predis/src/Command/PrefixableCommand.php	0.00		cached
ok	/site/core/vendor/predis/predis/src/Command/PrefixableCommandInterface.php	0.00		cached
ok	/site/core/vendor/predis/predis/src/Command/Processor/KeyPrefixProcessor.php	0.00		cached
ok	/site/core/vendor/predis/predis/src/Command/Processor/ProcessorChain.php	0.00		cached
ok	/site/core/vendor/predis/predis/src/Command/Processor/ProcessorInterface.php	0.00		cached
ok	/site/core/vendor/predis/predis/src/Command/RawCommand.php	0.00		cached
ok	/site/core/vendor/predis/predis/src/Command/RawFactory.php	0.00		cached
ok	/site/core/vendor/predis/predis/src/Command/Redis/ACL.php	0.00		cached
ok	/site/core/vendor/predis/predis/src/Command/Redis/APPEND.php	0.00		cached
ok	/site/core/vendor/predis/predis/src/Command/Redis/ARCOUNT.php	0.00		cached
ok	/site/core/vendor/predis/predis/src/Command/Redis/ARDEL.php	0.00		cached
ok	/site/core/vendor/predis/predis/src/Command/Redis/ARDELRANGE.php	0.00		cached
ok	/site/core/vendor/predis/predis/src/Command/Redis/ARGET.php	0.00		cached
ok	/site/core/vendor/predis/predis/src/Command/Redis/ARGETRANGE.php	0.00		cached
ok	/site/core/vendor/predis/predis/src/Command/Redis/ARGREP.php	0.00		cached
ok	/site/core/vendor/predis/predis/src/Command/Redis/ARINFO.php	0.00		cached
ok	/site/core/vendor/predis/predis/src/Command/Redis/ARINSERT.php	0.00		cached
ok	/site/core/vendor/predis/predis/src/Command/Redis/ARLASTITEMS.php	0.00		cached
ok	/site/core/vendor/predis/predis/src/Command/Redis/ARLEN.php	0.00		cached
ok	/site/core/vendor/predis/predis/src/Command/Redis/ARMGET.php	0.00		cached
ok	/site/core/vendor/predis/predis/src/Command/Redis/ARMSET.php	0.00		cached
ok	/site/core/vendor/predis/predis/src/Command/Redis/ARNEXT.php	0.00		cached
ok	/site/core/vendor/predis/predis/src/Command/Redis/AROP.php	0.00		cached
ok	/site/core/vendor/predis/predis/src/Command/Redis/ARRING.php	0.00		cached
ok	/site/core/vendor/predis/predis/src/Command/Redis/ARSCAN.php	0.00		cached
ok	/site/core/vendor/predis/predis/src/Command/Redis/ARSEEK.php	0.00		cached
ok	/site/core/vendor/predis/predis/src/Command/Redis/ARSET.php	0.00		cached
ok	/site/core/vendor/predis/predis/src/Command/Redis/AUTH.php	0.00		cached
ok	/site/core/vendor/predis/predis/src/Command/Redis/AbstractCommand/BZPOPBase.php	0.00		cached
ok	/site/core/vendor/predis/predis/src/Command/Redis/BGREWRITEAOF.php	0.00		cached
ok	/site/core/vendor/predis/predis/src/Command/Redis/BGSAVE.php	0.00		cached
ok	/site/core/vendor/predis/predis/src/Command/Redis/BITCOUNT.php	0.00		cached
ok	/site/core/vendor/predis/predis/src/Command/Redis/BITFIELD.php	0.00		cached
ok	/site/core/vendor/predis/predis/src/Command/Redis/BITFIELD_RO.php	0.00		cached
ok	/site/core/vendor/predis/predis/src/Command/Redis/BITOP.php	0.00		cached
ok	/site/core/vendor/predis/predis/src/Command/Redis/BITPOS.php	0.00		cached
ok	/site/core/vendor/predis/predis/src/Command/Redis/BLMOVE.php	0.00		cached
ok	/site/core/vendor/predis/predis/src/Command/Redis/BLMOVEM.php	0.00		cached
ok	/site/core/vendor/predis/predis/src/Command/Redis/BLMPOP.php	0.00		cached
ok	/site/core/vendor/predis/predis/src/Command/Redis/BLPOP.php	0.00		cached
ok	/site/core/vendor/predis/predis/src/Command/Redis/BRPOP.php	0.00		cached
ok	/site/core/vendor/predis/predis/src/Command/Redis/BRPOPLPUSH.php	0.00		cached
ok	/site/core/vendor/predis/predis/src/Command/Redis/BZMPOP.php	0.00		cached
ok	/site/core/vendor/predis/predis/src/Command/Redis/BZPOPMAX.php	0.00		cached
ok	/site/core/vendor/predis/predis/src/Command/Redis/BZPOPMIN.php	0.00		cached
ok	/site/core/vendor/predis/predis/src/Command/Redis/BloomFilter/BFADD.php	0.00		cached
ok	/site/core/vendor/predis/predis/src/Command/Redis/BloomFilter/BFEXISTS.php	0.00		cached
ok	/site/core/vendor/predis/predis/src/Command/Redis/BloomFilter/BFINFO.php	0.00		cached
ok	/site/core/vendor/predis/predis/src/Command/Redis/BloomFilter/BFINSERT.php	0.00		cached
ok	/site/core/vendor/predis/predis/src/Command/Redis/BloomFilter/BFLOADCHUNK.php	0.00		cached
ok	/site/core/vendor/predis/predis/src/Command/Redis/BloomFilter/BFMADD.php	0.00		cached
ok	/site/core/vendor/predis/predis/src/Command/Redis/BloomFilter/BFMEXISTS.php	0.00		cached
ok	/site/core/vendor/predis/predis/src/Command/Redis/BloomFilter/BFRESERVE.php	0.00		cached
ok	/site/core/vendor/predis/predis/src/Command/Redis/BloomFilter/BFSCANDUMP.php	0.00		cached
ok	/site/core/vendor/predis/predis/src/Command/Redis/CLIENT.php	0.00		cached
ok	/site/core/vendor/predis/predis/src/Command/Redis/CLUSTER.php	0.00		cached
ok	/site/core/vendor/predis/predis/src/Command/Redis/COMMAND.php	0.00		cached
ok	/site/core/vendor/predis/predis/src/Command/Redis/CONFIG.php	0.00		cached
ok	/site/core/vendor/predis/predis/src/Command/Redis/COPY.php	0.00		cached
ok	/site/core/vendor/predis/predis/src/Command/Redis/CountMinSketch/CMSINCRBY.php	0.00		cached
ok	/site/core/vendor/predis/predis/src/Command/Redis/CountMinSketch/CMSINFO.php	0.00		cached
ok	/site/core/vendor/predis/predis/src/Command/Redis/CountMinSketch/CMSINITBYDIM.php	0.00		cached
ok	/site/core/vendor/predis/predis/src/Command/Redis/CountMinSketch/CMSINITBYPROB.php	0.00		cached
ok	/site/core/vendor/predis/predis/src/Command/Redis/CountMinSketch/CMSMERGE.php	0.00		cached
ok	/site/core/vendor/predis/predis/src/Command/Redis/CountMinSketch/CMSQUERY.php	0.00		cached
ok	/site/core/vendor/predis/predis/src/Command/Redis/CuckooFilter/CFADD.php	0.00		cached
ok	/site/core/vendor/predis/predis/src/Command/Redis/CuckooFilter/CFADDNX.php	0.00		cached
ok	/site/core/vendor/predis/predis/src/Command/Redis/CuckooFilter/CFCOUNT.php	0.00		cached
ok	/site/core/vendor/predis/predis/src/Command/Redis/CuckooFilter/CFDEL.php	0.00		cached
ok	/site/core/vendor/predis/predis/src/Command/Redis/CuckooFilter/CFEXISTS.php	0.00		cached
ok	/site/core/vendor/predis/predis/src/Command/Redis/CuckooFilter/CFINFO.php	0.00		cached
ok	/site/core/vendor/predis/predis/src/Command/Redis/CuckooFilter/CFINSERT.php	0.00		cached
ok	/site/core/vendor/predis/predis/src/Command/Redis/CuckooFilter/CFINSERTNX.php	0.00		cached
ok	/site/core/vendor/predis/predis/src/Command/Redis/CuckooFilter/CFLOADCHUNK.php	0.00		cached
ok	/site/core/vendor/predis/predis/src/Command/Redis/CuckooFilter/CFMEXISTS.php	0.00		cached
ok	/site/core/vendor/predis/predis/src/Command/Redis/CuckooFilter/CFRESERVE.php	0.00		cached
ok	/site/core/vendor/predis/predis/src/Command/Redis/CuckooFilter/CFSCANDUMP.php	0.00		cached
ok	/site/core/vendor/predis/predis/src/Command/Redis/DBSIZE.php	0.00		cached
ok	/site/core/vendor/predis/predis/src/Command/Redis/DECR.php	0.00		cached
ok	/site/core/vendor/predis/predis/src/Command/Redis/DECRBY.php	0.00		cached
ok	/site/core/vendor/predis/predis/src/Command/Redis/DEL.php	0.00		cached
ok	/site/core/vendor/predis/predis/src/Command/Redis/DELEX.php	0.00		cached
ok	/site/core/vendor/predis/predis/src/Command/Redis/DIGEST.php	0.00		cached
ok	/site/core/vendor/predis/predis/src/Command/Redis/DISCARD.php	0.00		cached
ok	/site/core/vendor/predis/predis/src/Command/Redis/DUMP.php	0.00		cached
ok	/site/core/vendor/predis/predis/src/Command/Redis/ECHO_.php	0.00		cached
ok	/site/core/vendor/predis/predis/src/Command/Redis/EVALSHA.php	0.00		cached
ok	/site/core/vendor/predis/predis/src/Command/Redis/EVALSHA_RO.php	0.00		cached
ok	/site/core/vendor/predis/predis/src/Command/Redis/EVAL_.php	0.00		cached
ok	/site/core/vendor/predis/predis/src/Command/Redis/EVAL_RO.php	0.00		cached
ok	/site/core/vendor/predis/predis/src/Command/Redis/EXEC.php	0.00		cached
ok	/site/core/vendor/predis/predis/src/Command/Redis/EXISTS.php	0.00		cached
ok	/site/core/vendor/predis/predis/src/Command/Redis/EXPIRE.php	0.00		cached
ok	/site/core/vendor/predis/predis/src/Command/Redis/EXPIREAT.php	0.00		cached
ok	/site/core/vendor/predis/predis/src/Command/Redis/EXPIRETIME.php	0.00		cached
ok	/site/core/vendor/predis/predis/src/Command/Redis/FAILOVER.php	0.00		cached
ok	/site/core/vendor/predis/predis/src/Command/Redis/FCALL.php	0.00		cached
ok	/site/core/vendor/predis/predis/src/Command/Redis/FCALL_RO.php	0.00		cached
ok	/site/core/vendor/predis/predis/src/Command/Redis/FLUSHALL.php	0.00		cached
ok	/site/core/vendor/predis/predis/src/Command/Redis/FLUSHDB.php	0.00		cached
ok	/site/core/vendor/predis/predis/src/Command/Redis/FUNCTIONS.php	0.00		cached
ok	/site/core/vendor/predis/predis/src/Command/Redis/GEOADD.php	0.00		cached
ok	/site/core/vendor/predis/predis/src/Command/Redis/GEODIST.php	0.00		cached
ok	/site/core/vendor/predis/predis/src/Command/Redis/GEOHASH.php	0.00		cached
ok	/site/core/vendor/predis/predis/src/Command/Redis/GEOPOS.php	0.00		cached
ok	/site/core/vendor/predis/predis/src/Command/Redis/GEORADIUS.php	0.00		cached
ok	/site/core/vendor/predis/predis/src/Command/Redis/GEORADIUSBYMEMBER.php	0.00		cached
ok	/site/core/vendor/predis/predis/src/Command/Redis/GEOSEARCH.php	0.00		cached
ok	/site/core/vendor/predis/predis/src/Command/Redis/GEOSEARCHSTORE.php	0.00		cached
ok	/site/core/vendor/predis/predis/src/Command/Redis/GET.php	0.00		cached
ok	/site/core/vendor/predis/predis/src/Command/Redis/GETBIT.php	0.00		cached
ok	/site/core/vendor/predis/predis/src/Command/Redis/GETDEL.php	0.00		cached
ok	/site/core/vendor/predis/predis/src/Command/Redis/GETEX.php	0.00		cached
ok	/site/core/vendor/predis/predis/src/Command/Redis/GETRANGE.php	0.00		cached
ok	/site/core/vendor/predis/predis/src/Command/Redis/GETSET.php	0.00		cached
ok	/site/core/vendor/predis/predis/src/Command/Redis/HDEL.php	0.00		cached
ok	/site/core/vendor/predis/predis/src/Command/Redis/HEXISTS.php	0.00		cached
ok	/site/core/vendor/predis/predis/src/Command/Redis/HEXPIRE.php	0.00		cached
ok	/site/core/vendor/predis/predis/src/Command/Redis/HEXPIREAT.php	0.00		cached
ok	/site/core/vendor/predis/predis/src/Command/Redis/HEXPIRETIME.php	0.00		cached
ok	/site/core/vendor/predis/predis/src/Command/Redis/HGET.php	0.00		cached
ok	/site/core/vendor/predis/predis/src/Command/Redis/HGETALL.php	0.00		cached
ok	/site/core/vendor/predis/predis/src/Command/Redis/HGETDEL.php	0.00		cached
ok	/site/core/vendor/predis/predis/src/Command/Redis/HGETEX.php	0.00		cached
ok	/site/core/vendor/predis/predis/src/Command/Redis/HIMPORT.php	0.00		cached
ok	/site/core/vendor/predis/predis/src/Command/Redis/HINCRBY.php	0.00		cached
ok	/site/core/vendor/predis/predis/src/Command/Redis/HINCRBYFLOAT.php	0.00		cached
ok	/site/core/vendor/predis/predis/src/Command/Redis/HKEYS.php	0.00		cached
ok	/site/core/vendor/predis/predis/src/Command/Redis/HLEN.php	0.00		cached
ok	/site/core/vendor/predis/predis/src/Command/Redis/HMGET.php	0.00		cached
ok	/site/core/vendor/predis/predis/src/Command/Redis/HMSET.php	0.00		cached
ok	/site/core/vendor/predis/predis/src/Command/Redis/HOTKEYS.php	0.00		cached
ok	/site/core/vendor/predis/predis/src/Command/Redis/HPERSIST.php	0.00		cached
ok	/site/core/vendor/predis/predis/src/Command/Redis/HPEXPIRE.php	0.00		cached
ok	/site/core/vendor/predis/predis/src/Command/Redis/HPEXPIREAT.php	0.00		cached
ok	/site/core/vendor/predis/predis/src/Command/Redis/HPEXPIRETIME.php	0.00		cached
ok	/site/core/vendor/predis/predis/src/Command/Redis/HPTTL.php	0.00		cached
ok	/site/core/vendor/predis/predis/src/Command/Redis/HRANDFIELD.php	0.00		cached
ok	/site/core/vendor/predis/predis/src/Command/Redis/HSCAN.php	0.00		cached
ok	/site/core/vendor/predis/predis/src/Command/Redis/HSET.php	0.00		cached
ok	/site/core/vendor/predis/predis/src/Command/Redis/HSETEX.php	0.00		cached
ok	/site/core/vendor/predis/predis/src/Command/Redis/HSETNX.php	0.00		cached
ok	/site/core/vendor/predis/predis/src/Command/Redis/HSTRLEN.php	0.00		cached
ok	/site/core/vendor/predis/predis/src/Command/Redis/HTTL.php	0.00		cached
ok	/site/core/vendor/predis/predis/src/Command/Redis/HVALS.php	0.00		cached
ok	/site/core/vendor/predis/predis/src/Command/Redis/INCR.php	0.00		cached
ok	/site/core/vendor/predis/predis/src/Command/Redis/INCRBY.php	0.00		cached
ok	/site/core/vendor/predis/predis/src/Command/Redis/INCRBYFLOAT.php	0.00		cached
ok	/site/core/vendor/predis/predis/src/Command/Redis/INCREX.php	0.00		cached
ok	/site/core/vendor/predis/predis/src/Command/Redis/INFO.php	0.00		cached
ok	/site/core/vendor/predis/predis/src/Command/Redis/Json/JSONARRAPPEND.php	0.00		cached
ok	/site/core/vendor/predis/predis/src/Command/Redis/Json/JSONARRINDEX.php	0.00		cached
ok	/site/core/vendor/predis/predis/src/Command/Redis/Json/JSONARRINSERT.php	0.00		cached
ok	/site/core/vendor/predis/predis/src/Command/Redis/Json/JSONARRLEN.php	0.00		cached
ok	/site/core/vendor/predis/predis/src/Command/Redis/Json/JSONARRPOP.php	0.00		cached
ok	/site/core/vendor/predis/predis/src/Command/Redis/Json/JSONARRTRIM.php	0.00		cached
ok	/site/core/vendor/predis/predis/src/Command/Redis/Json/JSONCLEAR.php	0.00		cached
ok	/site/core/vendor/predis/predis/src/Command/Redis/Json/JSONDEBUG.php	0.00		cached
ok	/site/core/vendor/predis/predis/src/Command/Redis/Json/JSONDEL.php	0.00		cached
ok	/site/core/vendor/predis/predis/src/Command/Redis/Json/JSONFORGET.php	0.00		cached
ok	/site/core/vendor/predis/predis/src/Command/Redis/Json/JSONGET.php	0.00		cached
ok	/site/core/vendor/predis/predis/src/Command/Redis/Json/JSONMERGE.php	0.00		cached
ok	/site/core/vendor/predis/predis/src/Command/Redis/Json/JSONMGET.php	0.00		cached
ok	/site/core/vendor/predis/predis/src/Command/Redis/Json/JSONMSET.php	0.00		cached
ok	/site/core/vendor/predis/predis/src/Command/Redis/Json/JSONNUMINCRBY.php	0.00		cached
ok	/site/core/vendor/predis/predis/src/Command/Redis/Json/JSONOBJKEYS.php	0.00		cached
ok	/site/core/vendor/predis/predis/src/Command/Redis/Json/JSONOBJLEN.php	0.00		cached
ok	/site/core/vendor/predis/predis/src/Command/Redis/Json/JSONRESP.php	0.00		cached
ok	/site/core/vendor/predis/predis/src/Command/Redis/Json/JSONSET.php	0.00		cached
ok	/site/core/vendor/predis/predis/src/Command/Redis/Json/JSONSTRAPPEND.php	0.00		cached
ok	/site/core/vendor/predis/predis/src/Command/Redis/Json/JSONSTRLEN.php	0.00		cached
ok	/site/core/vendor/predis/predis/src/Command/Redis/Json/JSONTOGGLE.php	0.00		cached
ok	/site/core/vendor/predis/predis/src/Command/Redis/Json/JSONTYPE.php	0.00		cached
ok	/site/core/vendor/predis/predis/src/Command/Redis/KEYS.php	0.00		cached
ok	/site/core/vendor/predis/predis/src/Command/Redis/LASTSAVE.php	0.00		cached
ok	/site/core/vendor/predis/predis/src/Command/Redis/LCS.php	0.00		cached
ok	/site/core/vendor/predis/predis/src/Command/Redis/LINDEX.php	0.00		cached
ok	/site/core/vendor/predis/predis/src/Command/Redis/LINSERT.php	0.00		cached
ok	/site/core/vendor/predis/predis/src/Command/Redis/LLEN.php	0.00		cached
ok	/site/core/vendor/predis/predis/src/Command/Redis/LMOVE.php	0.00		cached
ok	/site/core/vendor/predis/predis/src/Command/Redis/LMOVEM.php	0.00		cached
ok	/site/core/vendor/predis/predis/src/Command/Redis/LMPOP.php	0.00		cached
ok	/site/core/vendor/predis/predis/src/Command/Redis/LPOP.php	0.00		cached
ok	/site/core/vendor/predis/predis/src/Command/Redis/LPUSH.php	0.00		cached
ok	/site/core/vendor/predis/predis/src/Command/Redis/LPUSHX.php	0.00		cached
ok	/site/core/vendor/predis/predis/src/Command/Redis/LRANGE.php	0.00		cached
ok	/site/core/vendor/predis/predis/src/Command/Redis/LREM.php	0.00		cached
ok	/site/core/vendor/predis/predis/src/Command/Redis/LSET.php	0.00		cached
ok	/site/core/vendor/predis/predis/src/Command/Redis/LTRIM.php	0.00		cached
ok	/site/core/vendor/predis/predis/src/Command/Redis/MGET.php	0.00		cached
ok	/site/core/vendor/predis/predis/src/Command/Redis/MIGRATE.php	0.00		cached
ok	/site/core/vendor/predis/predis/src/Command/Redis/MONITOR.php	0.00		cached
ok	/site/core/vendor/predis/predis/src/Command/Redis/MOVE.php	0.00		cached
ok	/site/core/vendor/predis/predis/src/Command/Redis/MSET.php	0.00		cached
ok	/site/core/vendor/predis/predis/src/Command/Redis/MSETEX.php	0.00		cached
ok	/site/core/vendor/predis/predis/src/Command/Redis/MSETNX.php	0.00		cached
ok	/site/core/vendor/predis/predis/src/Command/Redis/MULTI.php	0.00		cached
ok	/site/core/vendor/predis/predis/src/Command/Redis/OBJECT_.php	0.00		cached
ok	/site/core/vendor/predis/predis/src/Command/Redis/PERSIST.php	0.00		cached
ok	/site/core/vendor/predis/predis/src/Command/Redis/PEXPIRE.php	0.00		cached
ok	/site/core/vendor/predis/predis/src/Command/Redis/PEXPIREAT.php	0.00		cached
ok	/site/core/vendor/predis/predis/src/Command/Redis/PEXPIRETIME.php	0.00		cached
ok	/site/core/vendor/predis/predis/src/Command/Redis/PFADD.php	0.00		cached
ok	/site/core/vendor/predis/predis/src/Command/Redis/PFCOUNT.php	0.00		cached
ok	/site/core/vendor/predis/predis/src/Command/Redis/PFMERGE.php	0.00		cached
ok	/site/core/vendor/predis/predis/src/Command/Redis/PING.php	0.00		cached
ok	/site/core/vendor/predis/predis/src/Command/Redis/PSETEX.php	0.00		cached
ok	/site/core/vendor/predis/predis/src/Command/Redis/PSUBSCRIBE.php	0.00		cached
ok	/site/core/vendor/predis/predis/src/Command/Redis/PTTL.php	0.00		cached
ok	/site/core/vendor/predis/predis/src/Command/Redis/PUBLISH.php	0.00		cached
ok	/site/core/vendor/predis/predis/src/Command/Redis/PUBSUB.php	0.00		cached
ok	/site/core/vendor/predis/predis/src/Command/Redis/PUNSUBSCRIBE.php	0.00		cached
ok	/site/core/vendor/predis/predis/src/Command/Redis/QUIT.php	0.00		cached
ok	/site/core/vendor/predis/predis/src/Command/Redis/RANDOMKEY.php	0.00		cached
ok	/site/core/vendor/predis/predis/src/Command/Redis/RENAME.php	0.00		cached
ok	/site/core/vendor/predis/predis/src/Command/Redis/RENAMENX.php	0.00		cached
ok	/site/core/vendor/predis/predis/src/Command/Redis/RESTORE.php	0.00		cached
ok	/site/core/vendor/predis/predis/src/Command/Redis/RPOP.php	0.00		cached
ok	/site/core/vendor/predis/predis/src/Command/Redis/RPOPLPUSH.php	0.00		cached
ok	/site/core/vendor/predis/predis/src/Command/Redis/RPUSH.php	0.00		cached
ok	/site/core/vendor/predis/predis/src/Command/Redis/RPUSHX.php	0.00		cached
ok	/site/core/vendor/predis/predis/src/Command/Redis/SADD.php	0.00		cached
ok	/site/core/vendor/predis/predis/src/Command/Redis/SAVE.php	0.00		cached
ok	/site/core/vendor/predis/predis/src/Command/Redis/SCAN.php	0.00		cached
ok	/site/core/vendor/predis/predis/src/Command/Redis/SCARD.php	0.00		cached
ok	/site/core/vendor/predis/predis/src/Command/Redis/SCRIPT.php	0.00		cached
ok	/site/core/vendor/predis/predis/src/Command/Redis/SDIFF.php	0.00		cached
ok	/site/core/vendor/predis/predis/src/Command/Redis/SDIFFCARD.php	0.00		cached
ok	/site/core/vendor/predis/predis/src/Command/Redis/SDIFFSTORE.php	0.00		cached
ok	/site/core/vendor/predis/predis/src/Command/Redis/SELECT.php	0.00		cached
ok	/site/core/vendor/predis/predis/src/Command/Redis/SENTINEL.php	0.00		cached
ok	/site/core/vendor/predis/predis/src/Command/Redis/SET.php	0.00		cached
ok	/site/core/vendor/predis/predis/src/Command/Redis/SETBIT.php	0.00		cached
ok	/site/core/vendor/predis/predis/src/Command/Redis/SETEX.php	0.00		cached
ok	/site/core/vendor/predis/predis/src/Command/Redis/SETNX.php	0.00		cached
ok	/site/core/vendor/predis/predis/src/Command/Redis/SETRANGE.php	0.00		cached
ok	/site/core/vendor/predis/predis/src/Command/Redis/SHUTDOWN.php	0.00		cached
ok	/site/core/vendor/predis/predis/src/Command/Redis/SINTER.php	0.00		cached
ok	/site/core/vendor/predis/predis/src/Command/Redis/SINTERCARD.php	0.00		cached
ok	/site/core/vendor/predis/predis/src/Command/Redis/SINTERSTORE.php	0.00		cached
ok	/site/core/vendor/predis/predis/src/Command/Redis/SISMEMBER.php	0.00		cached
ok	/site/core/vendor/predis/predis/src/Command/Redis/SLAVEOF.php	0.00		cached
ok	/site/core/vendor/predis/predis/src/Command/Redis/SLOWLOG.php	0.00		cached
ok	/site/core/vendor/predis/predis/src/Command/Redis/SMEMBERS.php	0.00		cached
ok	/site/core/vendor/predis/predis/src/Command/Redis/SMISMEMBER.php	0.00		cached
ok	/site/core/vendor/predis/predis/src/Command/Redis/SMOVE.php	0.00		cached
ok	/site/core/vendor/predis/predis/src/Command/Redis/SORT.php	0.00		cached
ok	/site/core/vendor/predis/predis/src/Command/Redis/SORT_RO.php	0.00		cached
ok	/site/core/vendor/predis/predis/src/Command/Redis/SPOP.php	0.00		cached
ok	/site/core/vendor/predis/predis/src/Command/Redis/SPUBLISH.php	0.00		cached
ok	/site/core/vendor/predis/predis/src/Command/Redis/SRANDMEMBER.php	0.00		cached
ok	/site/core/vendor/predis/predis/src/Command/Redis/SREM.php	0.00		cached
ok	/site/core/vendor/predis/predis/src/Command/Redis/SSCAN.php	0.00		cached
ok	/site/core/vendor/predis/predis/src/Command/Redis/SSUBSCRIBE.php	0.00		cached
ok	/site/core/vendor/predis/predis/src/Command/Redis/STRLEN.php	0.00		cached
ok	/site/core/vendor/predis/predis/src/Command/Redis/SUBSCRIBE.php	0.00		cached
ok	/site/core/vendor/predis/predis/src/Command/Redis/SUBSTR.php	0.00		cached
ok	/site/core/vendor/predis/predis/src/Command/Redis/SUNION.php	0.00		cached
ok	/site/core/vendor/predis/predis/src/Command/Redis/SUNIONCARD.php	0.00		cached
ok	/site/core/vendor/predis/predis/src/Command/Redis/SUNIONSTORE.php	0.00		cached
ok	/site/core/vendor/predis/predis/src/Command/Redis/SUNSUBSCRIBE.php	0.00		cached
ok	/site/core/vendor/predis/predis/src/Command/Redis/Search/FTAGGREGATE.php	0.00		cached
ok	/site/core/vendor/predis/predis/src/Command/Redis/Search/FTALIASADD.php	0.00		cached
ok	/site/core/vendor/predis/predis/src/Command/Redis/Search/FTALIASDEL.php	0.00		cached
ok	/site/core/vendor/predis/predis/src/Command/Redis/Search/FTALIASLIST.php	0.00		cached
ok	/site/core/vendor/predis/predis/src/Command/Redis/Search/FTALIASUPDATE.php	0.00		cached
ok	/site/core/vendor/predis/predis/src/Command/Redis/Search/FTALTER.php	0.00		cached
ok	/site/core/vendor/predis/predis/src/Command/Redis/Search/FTCONFIG.php	0.00		cached
ok	/site/core/vendor/predis/predis/src/Command/Redis/Search/FTCREATE.php	0.00		cached
ok	/site/core/vendor/predis/predis/src/Command/Redis/Search/FTCURSOR.php	0.00		cached
ok	/site/core/vendor/predis/predis/src/Command/Redis/Search/FTDICTADD.php	0.00		cached
ok	/site/core/vendor/predis/predis/src/Command/Redis/Search/FTDICTDEL.php	0.00		cached
ok	/site/core/vendor/predis/predis/src/Command/Redis/Search/FTDICTDUMP.php	0.00		cached
ok	/site/core/vendor/predis/predis/src/Command/Redis/Search/FTDROPINDEX.php	0.00		cached
ok	/site/core/vendor/predis/predis/src/Command/Redis/Search/FTEXPLAIN.php	0.00		cached
ok	/site/core/vendor/predis/predis/src/Command/Redis/Search/FTHYBRID.php	0.00		cached
ok	/site/core/vendor/predis/predis/src/Command/Redis/Search/FTINFO.php	0.00		cached
ok	/site/core/vendor/predis/predis/src/Command/Redis/Search/FTPROFILE.php	0.00		cached
ok	/site/core/vendor/predis/predis/src/Command/Redis/Search/FTSEARCH.php	0.00		cached
ok	/site/core/vendor/predis/predis/src/Command/Redis/Search/FTSPELLCHECK.php	0.00		cached
ok	/site/core/vendor/predis/predis/src/Command/Redis/Search/FTSUGADD.php	0.00		cached
ok	/site/core/vendor/predis/predis/src/Command/Redis/Search/FTSUGDEL.php	0.00		cached
ok	/site/core/vendor/predis/predis/src/Command/Redis/Search/FTSUGGET.php	0.00		cached
ok	/site/core/vendor/predis/predis/src/Command/Redis/Search/FTSUGLEN.php	0.00		cached
ok	/site/core/vendor/predis/predis/src/Command/Redis/Search/FTSYNDUMP.php	0.00		cached
ok	/site/core/vendor/predis/predis/src/Command/Redis/Search/FTSYNUPDATE.php	0.00		cached
ok	/site/core/vendor/predis/predis/src/Command/Redis/Search/FTTAGVALS.php	0.00		cached
ok	/site/core/vendor/predis/predis/src/Command/Redis/Search/FT_LIST.php	0.00		cached
ok	/site/core/vendor/predis/predis/src/Command/Redis/TDigest/TDIGESTADD.php	0.00		cached
ok	/site/core/vendor/predis/predis/src/Command/Redis/TDigest/TDIGESTBYRANK.php	0.00		cached
ok	/site/core/vendor/predis/predis/src/Command/Redis/TDigest/TDIGESTBYREVRANK.php	0.00		cached
ok	/site/core/vendor/predis/predis/src/Command/Redis/TDigest/TDIGESTCDF.php	0.00		cached
ok	/site/core/vendor/predis/predis/src/Command/Redis/TDigest/TDIGESTCREATE.php	0.00		cached
ok	/site/core/vendor/predis/predis/src/Command/Redis/TDigest/TDIGESTINFO.php	0.00		cached
ok	/site/core/vendor/predis/predis/src/Command/Redis/TDigest/TDIGESTMAX.php	0.00		cached
ok	/site/core/vendor/predis/predis/src/Command/Redis/TDigest/TDIGESTMERGE.php	0.00		cached
ok	/site/core/vendor/predis/predis/src/Command/Redis/TDigest/TDIGESTMIN.php	0.00		cached
ok	/site/core/vendor/predis/predis/src/Command/Redis/TDigest/TDIGESTQUANTILE.php	0.00		cached
ok	/site/core/vendor/predis/predis/src/Command/Redis/TDigest/TDIGESTRANK.php	0.00		cached
ok	/site/core/vendor/predis/predis/src/Command/Redis/TDigest/TDIGESTRESET.php	0.00		cached
ok	/site/core/vendor/predis/predis/src/Command/Redis/TDigest/TDIGESTREVRANK.php	0.00		cached
ok	/site/core/vendor/predis/predis/src/Command/Redis/TDigest/TDIGESTTRIMMED_MEAN.php	0.00		cached
ok	/site/core/vendor/predis/predis/src/Command/Redis/TIME.php	0.00		cached
ok	/site/core/vendor/predis/predis/src/Command/Redis/TOUCH.php	0.00		cached
ok	/site/core/vendor/predis/predis/src/Command/Redis/TTL.php	0.00		cached
ok	/site/core/vendor/predis/predis/src/Command/Redis/TYPE.php	0.00		cached
ok	/site/core/vendor/predis/predis/src/Command/Redis/TimeSeries/TSADD.php	0.00		cached
ok	/site/core/vendor/predis/predis/src/Command/Redis/TimeSeries/TSALTER.php	0.00		cached
ok	/site/core/vendor/predis/predis/src/Command/Redis/TimeSeries/TSCREATE.php	0.00		cached
ok	/site/core/vendor/predis/predis/src/Command/Redis/TimeSeries/TSCREATERULE.php	0.00		cached
ok	/site/core/vendor/predis/predis/src/Command/Redis/TimeSeries/TSDECRBY.php	0.00		cached
ok	/site/core/vendor/predis/predis/src/Command/Redis/TimeSeries/TSDEL.php	0.00		cached
ok	/site/core/vendor/predis/predis/src/Command/Redis/TimeSeries/TSDELETERULE.php	0.00		cached
ok	/site/core/vendor/predis/predis/src/Command/Redis/TimeSeries/TSGET.php	0.00		cached
ok	/site/core/vendor/predis/predis/src/Command/Redis/TimeSeries/TSINCRBY.php	0.00		cached
ok	/site/core/vendor/predis/predis/src/Command/Redis/TimeSeries/TSINFO.php	0.00		cached
ok	/site/core/vendor/predis/predis/src/Command/Redis/TimeSeries/TSMADD.php	0.00		cached
ok	/site/core/vendor/predis/predis/src/Command/Redis/TimeSeries/TSMGET.php	0.00		cached
ok	/site/core/vendor/predis/predis/src/Command/Redis/TimeSeries/TSMRANGE.php	0.00		cached
ok	/site/core/vendor/predis/predis/src/Command/Redis/TimeSeries/TSMREVRANGE.php	0.00		cached
ok	/site/core/vendor/predis/predis/src/Command/Redis/TimeSeries/TSNRANGE.php	0.00		cached
ok	/site/core/vendor/predis/predis/src/Command/Redis/TimeSeries/TSNREVRANGE.php	0.00		cached
ok	/site/core/vendor/predis/predis/src/Command/Redis/TimeSeries/TSQUERYINDEX.php	0.00		cached
ok	/site/core/vendor/predis/predis/src/Command/Redis/TimeSeries/TSQUERYLABELS.php	0.00		cached
ok	/site/core/vendor/predis/predis/src/Command/Redis/TimeSeries/TSRANGE.php	0.00		cached
ok	/site/core/vendor/predis/predis/src/Command/Redis/TimeSeries/TSREAD.php	0.00		cached
ok	/site/core/vendor/predis/predis/src/Command/Redis/TimeSeries/TSREVRANGE.php	0.00		cached
ok	/site/core/vendor/predis/predis/src/Command/Redis/TopK/TOPKADD.php	0.00		cached
ok	/site/core/vendor/predis/predis/src/Command/Redis/TopK/TOPKINCRBY.php	0.00		cached
ok	/site/core/vendor/predis/predis/src/Command/Redis/TopK/TOPKINFO.php	0.00		cached
ok	/site/core/vendor/predis/predis/src/Command/Redis/TopK/TOPKLIST.php	0.00		cached
ok	/site/core/vendor/predis/predis/src/Command/Redis/TopK/TOPKQUERY.php	0.00		cached
ok	/site/core/vendor/predis/predis/src/Command/Redis/TopK/TOPKRESERVE.php	0.00		cached
ok	/site/core/vendor/predis/predis/src/Command/Redis/UNLINK.php	0.00		cached
ok	/site/core/vendor/predis/predis/src/Command/Redis/UNSUBSCRIBE.php	0.00		cached
ok	/site/core/vendor/predis/predis/src/Command/Redis/UNWATCH.php	0.00		cached
ok	/site/core/vendor/predis/predis/src/Command/Redis/Utils/CommandUtility.php	0.00		cached
ok	/site/core/vendor/predis/predis/src/Command/Redis/Utils/VectorUtility.php	0.00		cached
ok	/site/core/vendor/predis/predis/src/Command/Redis/VADD.php	0.00		cached
ok	/site/core/vendor/predis/predis/src/Command/Redis/VCARD.php	0.00		cached
ok	/site/core/vendor/predis/predis/src/Command/Redis/VDIM.php	0.00		cached
ok	/site/core/vendor/predis/predis/src/Command/Redis/VEMB.php	0.00		cached
ok	/site/core/vendor/predis/predis/src/Command/Redis/VGETATTR.php	0.00		cached
ok	/site/core/vendor/predis/predis/src/Command/Redis/VINFO.php	0.00		cached
ok	/site/core/vendor/predis/predis/src/Command/Redis/VLINKS.php	0.00		cached
ok	/site/core/vendor/predis/predis/src/Command/Redis/VRANDMEMBER.php	0.00		cached
ok	/site/core/vendor/predis/predis/src/Command/Redis/VRANGE.php	0.00		cached
ok	/site/core/vendor/predis/predis/src/Command/Redis/VREM.php	0.00		cached
ok	/site/core/vendor/predis/predis/src/Command/Redis/VSETATTR.php	0.00		cached
ok	/site/core/vendor/predis/predis/src/Command/Redis/VSIM.php	0.00		cached
ok	/site/core/vendor/predis/predis/src/Command/Redis/WAITAOF.php	0.00		cached
ok	/site/core/vendor/predis/predis/src/Command/Redis/WATCH.php	0.00		cached
ok	/site/core/vendor/predis/predis/src/Command/Redis/XACK.php	0.00		cached
ok	/site/core/vendor/predis/predis/src/Command/Redis/XACKDEL.php	0.00		cached
ok	/site/core/vendor/predis/predis/src/Command/Redis/XADD.php	0.00		cached
ok	/site/core/vendor/predis/predis/src/Command/Redis/XAUTOCLAIM.php	0.00		cached
ok	/site/core/vendor/predis/predis/src/Command/Redis/XCFGSET.php	0.00		cached
ok	/site/core/vendor/predis/predis/src/Command/Redis/XCLAIM.php	0.00		cached
ok	/site/core/vendor/predis/predis/src/Command/Redis/XDEL.php	0.00		cached
ok	/site/core/vendor/predis/predis/src/Command/Redis/XDELEX.php	0.00		cached
ok	/site/core/vendor/predis/predis/src/Command/Redis/XGROUP.php	0.00		cached
ok	/site/core/vendor/predis/predis/src/Command/Redis/XINFO.php	0.00		cached
ok	/site/core/vendor/predis/predis/src/Command/Redis/XLEN.php	0.00		cached
ok	/site/core/vendor/predis/predis/src/Command/Redis/XNACK.php	0.00		cached
ok	/site/core/vendor/predis/predis/src/Command/Redis/XPENDING.php	0.00		cached
ok	/site/core/vendor/predis/predis/src/Command/Redis/XRANGE.php	0.00		cached
ok	/site/core/vendor/predis/predis/src/Command/Redis/XREAD.php	0.00		cached
ok	/site/core/vendor/predis/predis/src/Command/Redis/XREADGROUP.php	0.00		cached
ok	/site/core/vendor/predis/predis/src/Command/Redis/XREADGROUP_CLAIM.php	0.00		cached
ok	/site/core/vendor/predis/predis/src/Command/Redis/XREAD_V4.php	0.00		cached
ok	/site/core/vendor/predis/predis/src/Command/Redis/XREVRANGE.php	0.00		cached
ok	/site/core/vendor/predis/predis/src/Command/Redis/XSETID.php	0.00		cached
ok	/site/core/vendor/predis/predis/src/Command/Redis/XTRIM.php	0.00		cached
ok	/site/core/vendor/predis/predis/src/Command/Redis/ZADD.php	0.00		cached
ok	/site/core/vendor/predis/predis/src/Command/Redis/ZCARD.php	0.00		cached
ok	/site/core/vendor/predis/predis/src/Command/Redis/ZCOUNT.php	0.00		cached
ok	/site/core/vendor/predis/predis/src/Command/Redis/ZDIFF.php	0.00		cached
ok	/site/core/vendor/predis/predis/src/Command/Redis/ZDIFFSTORE.php	0.00		cached
ok	/site/core/vendor/predis/predis/src/Command/Redis/ZINCRBY.php	0.00		cached
ok	/site/core/vendor/predis/predis/src/Command/Redis/ZINTER.php	0.00		cached
ok	/site/core/vendor/predis/predis/src/Command/Redis/ZINTERCARD.php	0.00		cached
ok	/site/core/vendor/predis/predis/src/Command/Redis/ZINTERSTORE.php	0.00		cached
ok	/site/core/vendor/predis/predis/src/Command/Redis/ZLEXCOUNT.php	0.00		cached
ok	/site/core/vendor/predis/predis/src/Command/Redis/ZMPOP.php	0.00		cached
ok	/site/core/vendor/predis/predis/src/Command/Redis/ZMSCORE.php	0.00		cached
ok	/site/core/vendor/predis/predis/src/Command/Redis/ZPOPMAX.php	0.00		cached
ok	/site/core/vendor/predis/predis/src/Command/Redis/ZPOPMIN.php	0.00		cached
ok	/site/core/vendor/predis/predis/src/Command/Redis/ZRANDMEMBER.php	0.00		cached
ok	/site/core/vendor/predis/predis/src/Command/Redis/ZRANGE.php	0.00		cached
ok	/site/core/vendor/predis/predis/src/Command/Redis/ZRANGEBYLEX.php	0.00		cached
ok	/site/core/vendor/predis/predis/src/Command/Redis/ZRANGEBYSCORE.php	0.00		cached
ok	/site/core/vendor/predis/predis/src/Command/Redis/ZRANGESTORE.php	0.00		cached
ok	/site/core/vendor/predis/predis/src/Command/Redis/ZRANK.php	0.00		cached
ok	/site/core/vendor/predis/predis/src/Command/Redis/ZREM.php	0.00		cached
ok	/site/core/vendor/predis/predis/src/Command/Redis/ZREMRANGEBYLEX.php	0.00		cached
ok	/site/core/vendor/predis/predis/src/Command/Redis/ZREMRANGEBYRANK.php	0.00		cached
ok	/site/core/vendor/predis/predis/src/Command/Redis/ZREMRANGEBYSCORE.php	0.00		cached
ok	/site/core/vendor/predis/predis/src/Command/Redis/ZREVRANGE.php	0.00		cached
ok	/site/core/vendor/predis/predis/src/Command/Redis/ZREVRANGEBYLEX.php	0.00		cached
ok	/site/core/vendor/predis/predis/src/Command/Redis/ZREVRANGEBYSCORE.php	0.00		cached
ok	/site/core/vendor/predis/predis/src/Command/Redis/ZREVRANK.php	0.00		cached
ok	/site/core/vendor/predis/predis/src/Command/Redis/ZSCAN.php	0.00		cached
ok	/site/core/vendor/predis/predis/src/Command/Redis/ZSCORE.php	0.00		cached
ok	/site/core/vendor/predis/predis/src/Command/Redis/ZUNION.php	0.00		cached
ok	/site/core/vendor/predis/predis/src/Command/Redis/ZUNIONSTORE.php	0.00		cached
ok	/site/core/vendor/predis/predis/src/Command/RedisFactory.php	0.00		cached
ok	/site/core/vendor/predis/predis/src/Command/ScriptCommand.php	0.00		cached
ok	/site/core/vendor/predis/predis/src/Command/Traits/Aggregate.php	0.00		cached
ok	/site/core/vendor/predis/predis/src/Command/Traits/Approx.php	0.00		cached
ok	/site/core/vendor/predis/predis/src/Command/Traits/BitByte.php	0.00		cached
ok	/site/core/vendor/predis/predis/src/Command/Traits/BloomFilters/BucketSize.php	0.00		cached
ok	/site/core/vendor/predis/predis/src/Command/Traits/BloomFilters/Capacity.php	0.00		cached
ok	/site/core/vendor/predis/predis/src/Command/Traits/BloomFilters/Error.php	0.00		cached
ok	/site/core/vendor/predis/predis/src/Command/Traits/BloomFilters/Expansion.php	0.00		cached
ok	/site/core/vendor/predis/predis/src/Command/Traits/BloomFilters/Items.php	0.00		cached
ok	/site/core/vendor/predis/predis/src/Command/Traits/BloomFilters/MaxIterations.php	0.00		cached
ok	/site/core/vendor/predis/predis/src/Command/Traits/BloomFilters/NoCreate.php	0.00		cached
ok	/site/core/vendor/predis/predis/src/Command/Traits/By/ByArgument.php	0.00		cached
ok	/site/core/vendor/predis/predis/src/Command/Traits/By/ByLexByScore.php	0.00		cached
ok	/site/core/vendor/predis/predis/src/Command/Traits/By/GeoBy.php	0.00		cached
ok	/site/core/vendor/predis/predis/src/Command/Traits/Count.php	0.00		cached
ok	/site/core/vendor/predis/predis/src/Command/Traits/DB.php	0.00		cached
ok	/site/core/vendor/predis/predis/src/Command/Traits/Expire/ExpireOptions.php	0.00		cached
ok	/site/core/vendor/predis/predis/src/Command/Traits/From/GeoFrom.php	0.00		cached
ok	/site/core/vendor/predis/predis/src/Command/Traits/Get/Get.php	0.00		cached
ok	/site/core/vendor/predis/predis/src/Command/Traits/Json/Indent.php	0.00		cached
ok	/site/core/vendor/predis/predis/src/Command/Traits/Json/Newline.php	0.00		cached
ok	/site/core/vendor/predis/predis/src/Command/Traits/Json/NxXxArgument.php	0.00		cached
ok	/site/core/vendor/predis/predis/src/Command/Traits/Json/Space.php	0.00		cached
ok	/site/core/vendor/predis/predis/src/Command/Traits/Keys.php	0.00		cached
ok	/site/core/vendor/predis/predis/src/Command/Traits/LeftRight.php	0.00		cached
ok	/site/core/vendor/predis/predis/src/Command/Traits/Limit/Limit.php	0.00		cached
ok	/site/core/vendor/predis/predis/src/Command/Traits/Limit/LimitObject.php	0.00		cached
ok	/site/core/vendor/predis/predis/src/Command/Traits/MinMaxModifier.php	0.00		cached
ok	/site/core/vendor/predis/predis/src/Command/Traits/Replace.php	0.00		cached
ok	/site/core/vendor/predis/predis/src/Command/Traits/Rev.php	0.00		cached
ok	/site/core/vendor/predis/predis/src/Command/Traits/Sorting.php	0.00		cached
ok	/site/core/vendor/predis/predis/src/Command/Traits/Storedist.php	0.00		cached
ok	/site/core/vendor/predis/predis/src/Command/Traits/Timeout.php	0.00		cached
ok	/site/core/vendor/predis/predis/src/Command/Traits/To/ServerTo.php	0.00		cached
ok	/site/core/vendor/predis/predis/src/Command/Traits/Weights.php	0.00		cached
ok	/site/core/vendor/predis/predis/src/Command/Traits/With/WithCoord.php	0.00		cached
ok	/site/core/vendor/predis/predis/src/Command/Traits/With/WithDist.php	0.00		cached
ok	/site/core/vendor/predis/predis/src/Command/Traits/With/WithHash.php	0.00		cached
ok	/site/core/vendor/predis/predis/src/Command/Traits/With/WithScores.php	0.00		cached
ok	/site/core/vendor/predis/predis/src/Command/Traits/With/WithValues.php	0.00		cached
ok	/site/core/vendor/predis/predis/src/CommunicationException.php	0.00		cached
ok	/site/core/vendor/predis/predis/src/Configuration/Option/Aggregate.php	0.00		cached
ok	/site/core/vendor/predis/predis/src/Configuration/Option/CRC16.php	0.00		cached
ok	/site/core/vendor/predis/predis/src/Configuration/Option/Cluster.php	0.00		cached
ok	/site/core/vendor/predis/predis/src/Configuration/Option/Commands.php	0.00		cached
ok	/site/core/vendor/predis/predis/src/Configuration/Option/Connections.php	0.00		cached
ok	/site/core/vendor/predis/predis/src/Configuration/Option/Exceptions.php	0.00		cached
ok	/site/core/vendor/predis/predis/src/Configuration/Option/Himport.php	0.00		cached
ok	/site/core/vendor/predis/predis/src/Configuration/Option/Prefix.php	0.00		cached
ok	/site/core/vendor/predis/predis/src/Configuration/Option/Replication.php	0.00		cached
ok	/site/core/vendor/predis/predis/src/Configuration/Option/UpstreamDriver.php	0.00		cached
ok	/site/core/vendor/predis/predis/src/Configuration/OptionInterface.php	0.00		cached
ok	/site/core/vendor/predis/predis/src/Configuration/Options.php	0.00		cached
ok	/site/core/vendor/predis/predis/src/Configuration/OptionsInterface.php	0.00		cached
ok	/site/core/vendor/predis/predis/src/Connection/AbstractAggregateConnection.php	0.00		cached
ok	/site/core/vendor/predis/predis/src/Connection/AbstractConnection.php	0.00		cached
ok	/site/core/vendor/predis/predis/src/Connection/AggregateConnectionInterface.php	0.00		cached
ok	/site/core/vendor/predis/predis/src/Connection/Cluster/ClusterInterface.php	0.00		cached
ok	/site/core/vendor/predis/predis/src/Connection/Cluster/PredisCluster.php	0.00		cached
ok	/site/core/vendor/predis/predis/src/Connection/Cluster/RedisCluster.php	0.00		cached
ok	/site/core/vendor/predis/predis/src/Connection/CompositeConnectionInterface.php	0.00		cached
ok	/site/core/vendor/predis/predis/src/Connection/CompositeStreamConnection.php	0.00		cached
ok	/site/core/vendor/predis/predis/src/Connection/ConnectionException.php	0.00		cached
ok	/site/core/vendor/predis/predis/src/Connection/ConnectionInterface.php	0.00		cached
ok	/site/core/vendor/predis/predis/src/Connection/Factory.php	0.00		cached
ok	/site/core/vendor/predis/predis/src/Connection/FactoryInterface.php	0.00		cached
ok	/site/core/vendor/predis/predis/src/Connection/NodeConnectionInterface.php	0.00		cached
ok	/site/core/vendor/predis/predis/src/Connection/Parameters.php	0.00		cached
ok	/site/core/vendor/predis/predis/src/Connection/ParametersInterface.php	0.00		cached
ok	/site/core/vendor/predis/predis/src/Connection/RelayConnection.php	0.00		cached
ok	/site/core/vendor/predis/predis/src/Connection/RelayFactory.php	0.00		cached
ok	/site/core/vendor/predis/predis/src/Connection/RelayMethods.php	0.00		cached
ok	/site/core/vendor/predis/predis/src/Connection/Replication/MasterSlaveReplication.php	0.00		cached
ok	/site/core/vendor/predis/predis/src/Connection/Replication/ReplicationInterface.php	0.00		cached
ok	/site/core/vendor/predis/predis/src/Connection/Replication/SentinelReplication.php	0.00		cached
ok	/site/core/vendor/predis/predis/src/Connection/Resource/Exception/StreamInitException.php	0.00		cached
ok	/site/core/vendor/predis/predis/src/Connection/Resource/Stream.php	0.00		cached
ok	/site/core/vendor/predis/predis/src/Connection/Resource/StreamFactory.php	0.00		cached
ok	/site/core/vendor/predis/predis/src/Connection/Resource/StreamFactoryInterface.php	0.00		cached
ok	/site/core/vendor/predis/predis/src/Connection/StreamConnection.php	0.00		cached
ok	/site/core/vendor/predis/predis/src/Consumer/AbstractConsumer.php	0.00		cached
ok	/site/core/vendor/predis/predis/src/Consumer/AbstractDispatcherLoop.php	0.00		cached
ok	/site/core/vendor/predis/predis/src/Consumer/ConsumerInterface.php	0.00		cached
ok	/site/core/vendor/predis/predis/src/Consumer/DispatcherLoopInterface.php	0.00		cached
ok	/site/core/vendor/predis/predis/src/Consumer/PubSub/Consumer.php	0.00		cached
ok	/site/core/vendor/predis/predis/src/Consumer/PubSub/DispatcherLoop.php	0.00		cached
ok	/site/core/vendor/predis/predis/src/Consumer/PubSub/RelayConsumer.php	0.00		cached
ok	/site/core/vendor/predis/predis/src/Consumer/PubSub/SubscriptionContext.php	0.00		cached
ok	/site/core/vendor/predis/predis/src/Consumer/Push/Consumer.php	0.00		cached
ok	/site/core/vendor/predis/predis/src/Consumer/Push/DispatcherLoop.php	0.00		cached
ok	/site/core/vendor/predis/predis/src/Consumer/Push/PushNotificationException.php	0.00		cached
ok	/site/core/vendor/predis/predis/src/Consumer/Push/PushResponse.php	0.00		cached
ok	/site/core/vendor/predis/predis/src/Consumer/Push/PushResponseInterface.php	0.00		cached
ok	/site/core/vendor/predis/predis/src/Himport/FieldsetNotPreparedException.php	0.00		cached
ok	/site/core/vendor/predis/predis/src/Himport/FieldsetRegistry.php	0.00		cached
ok	/site/core/vendor/predis/predis/src/Himport/HimportOptions.php	0.00		cached
ok	/site/core/vendor/predis/predis/src/Monitor/Consumer.php	0.00		cached
ok	/site/core/vendor/predis/predis/src/NotSupportedException.php	0.00		cached
ok	/site/core/vendor/predis/predis/src/Pipeline/Atomic.php	0.00		cached
ok	/site/core/vendor/predis/predis/src/Pipeline/ConnectionErrorProof.php	0.00		cached
ok	/site/core/vendor/predis/predis/src/Pipeline/FireAndForget.php	0.00		cached
ok	/site/core/vendor/predis/predis/src/Pipeline/Pipeline.php	0.00		cached
ok	/site/core/vendor/predis/predis/src/Pipeline/RelayAtomic.php	0.00		cached
ok	/site/core/vendor/predis/predis/src/Pipeline/RelayPipeline.php	0.00		cached
ok	/site/core/vendor/predis/predis/src/PredisException.php	0.00		cached
ok	/site/core/vendor/predis/predis/src/Protocol/Parser/ParserStrategyResolver.php	0.00		cached
ok	/site/core/vendor/predis/predis/src/Protocol/Parser/ParserStrategyResolverInterface.php	0.00		cached
ok	/site/core/vendor/predis/predis/src/Protocol/Parser/Strategy/ParserStrategyInterface.php	0.00		cached
ok	/site/core/vendor/predis/predis/src/Protocol/Parser/Strategy/Resp2Strategy.php	0.00		cached
ok	/site/core/vendor/predis/predis/src/Protocol/Parser/Strategy/Resp3Strategy.php	0.00		cached
ok	/site/core/vendor/predis/predis/src/Protocol/Parser/UnexpectedTypeException.php	0.00		cached
ok	/site/core/vendor/predis/predis/src/Protocol/ProtocolException.php	0.00		cached
ok	/site/core/vendor/predis/predis/src/Protocol/ProtocolProcessorInterface.php	0.00		cached
ok	/site/core/vendor/predis/predis/src/Protocol/RequestSerializerInterface.php	0.00		cached
ok	/site/core/vendor/predis/predis/src/Protocol/ResponseReaderInterface.php	0.00		cached
ok	/site/core/vendor/predis/predis/src/Protocol/Text/CompositeProtocolProcessor.php	0.00		cached
ok	/site/core/vendor/predis/predis/src/Protocol/Text/Handler/BulkResponse.php	0.00		cached
ok	/site/core/vendor/predis/predis/src/Protocol/Text/Handler/ErrorResponse.php	0.00		cached
ok	/site/core/vendor/predis/predis/src/Protocol/Text/Handler/IntegerResponse.php	0.00		cached
ok	/site/core/vendor/predis/predis/src/Protocol/Text/Handler/MultiBulkResponse.php	0.00		cached
ok	/site/core/vendor/predis/predis/src/Protocol/Text/Handler/ResponseHandlerInterface.php	0.00		cached
ok	/site/core/vendor/predis/predis/src/Protocol/Text/Handler/StatusResponse.php	0.00		cached
ok	/site/core/vendor/predis/predis/src/Protocol/Text/Handler/StreamableMultiBulkResponse.php	0.00		cached
ok	/site/core/vendor/predis/predis/src/Protocol/Text/ProtocolProcessor.php	0.00		cached
ok	/site/core/vendor/predis/predis/src/Protocol/Text/RequestSerializer.php	0.00		cached
ok	/site/core/vendor/predis/predis/src/Protocol/Text/ResponseReader.php	0.00		cached
ok	/site/core/vendor/predis/predis/src/Replication/MissingMasterException.php	0.00		cached
ok	/site/core/vendor/predis/predis/src/Replication/ReplicationStrategy.php	0.00		cached
ok	/site/core/vendor/predis/predis/src/Replication/RoleException.php	0.00		cached
ok	/site/core/vendor/predis/predis/src/Response/Error.php	0.00		cached
ok	/site/core/vendor/predis/predis/src/Response/ErrorInterface.php	0.00		cached
ok	/site/core/vendor/predis/predis/src/Response/Iterator/MultiBulk.php	0.00		cached
ok	/site/core/vendor/predis/predis/src/Response/Iterator/MultiBulkIterator.php	0.00		cached
ok	/site/core/vendor/predis/predis/src/Response/Iterator/MultiBulkTuple.php	0.00		cached
ok	/site/core/vendor/predis/predis/src/Response/ResponseInterface.php	0.00		cached
ok	/site/core/vendor/predis/predis/src/Response/ServerException.php	0.00		cached
ok	/site/core/vendor/predis/predis/src/Response/Status.php	0.00		cached
ok	/site/core/vendor/predis/predis/src/Retry/Retry.php	0.00		cached
ok	/site/core/vendor/predis/predis/src/Retry/Strategy/EqualBackoff.php	0.00		cached
ok	/site/core/vendor/predis/predis/src/Retry/Strategy/ExponentialBackoff.php	0.00		cached
ok	/site/core/vendor/predis/predis/src/Retry/Strategy/NoBackoff.php	0.00		cached
ok	/site/core/vendor/predis/predis/src/Retry/Strategy/RetryStrategyInterface.php	0.00		cached
ok	/site/core/vendor/predis/predis/src/Session/Handler.php	0.00		cached
ok	/site/core/vendor/predis/predis/src/TimeoutException.php	0.00		cached
ok	/site/core/vendor/predis/predis/src/Transaction/AbortedMultiExecException.php	0.00		cached
ok	/site/core/vendor/predis/predis/src/Transaction/Exception/TransactionException.php	0.00		cached
ok	/site/core/vendor/predis/predis/src/Transaction/MultiExec.php	0.00		cached
ok	/site/core/vendor/predis/predis/src/Transaction/MultiExecState.php	0.00		cached
ok	/site/core/vendor/predis/predis/src/Transaction/Response/BypassTransactionResponse.php	0.00		cached
ok	/site/core/vendor/predis/predis/src/Transaction/Strategy/ClusterConnectionStrategy.php	0.00		cached
ok	/site/core/vendor/predis/predis/src/Transaction/Strategy/ConnectionStrategyResolver.php	0.00		cached
ok	/site/core/vendor/predis/predis/src/Transaction/Strategy/NodeConnectionStrategy.php	0.00		cached
ok	/site/core/vendor/predis/predis/src/Transaction/Strategy/NonClusterConnectionStrategy.php	0.00		cached
ok	/site/core/vendor/predis/predis/src/Transaction/Strategy/ReplicationConnectionStrategy.php	0.00		cached
ok	/site/core/vendor/predis/predis/src/Transaction/Strategy/StrategyInterface.php	0.00		cached
ok	/site/core/vendor/predis/predis/src/Transaction/Strategy/StrategyResolverInterface.php	0.00		cached
ok	/site/core/vendor/psr/cache/src/CacheException.php	0.00		cached
ok	/site/core/vendor/psr/cache/src/CacheItemInterface.php	0.00		cached
ok	/site/core/vendor/psr/cache/src/CacheItemPoolInterface.php	0.00		cached
ok	/site/core/vendor/psr/cache/src/InvalidArgumentException.php	0.00		cached
ok	/site/core/vendor/psr/clock/src/ClockInterface.php	0.00		cached
ok	/site/core/vendor/psr/container/src/ContainerExceptionInterface.php	0.00		cached
ok	/site/core/vendor/psr/container/src/ContainerInterface.php	0.00		cached
ok	/site/core/vendor/psr/container/src/NotFoundExceptionInterface.php	0.00		cached
ok	/site/core/vendor/psr/event-dispatcher/src/EventDispatcherInterface.php	0.00		cached
ok	/site/core/vendor/psr/event-dispatcher/src/ListenerProviderInterface.php	0.00		cached
ok	/site/core/vendor/psr/event-dispatcher/src/StoppableEventInterface.php	0.00		cached
ok	/site/core/vendor/psr/http-client/src/ClientExceptionInterface.php	0.00		cached
ok	/site/core/vendor/psr/http-client/src/ClientInterface.php	0.00		cached
ok	/site/core/vendor/psr/http-client/src/NetworkExceptionInterface.php	0.00		cached
ok	/site/core/vendor/psr/http-client/src/RequestExceptionInterface.php	0.00		cached
ok	/site/core/vendor/psr/http-factory/src/RequestFactoryInterface.php	0.00		cached
ok	/site/core/vendor/psr/http-factory/src/ResponseFactoryInterface.php	0.00		cached
ok	/site/core/vendor/psr/http-factory/src/ServerRequestFactoryInterface.php	0.00		cached
ok	/site/core/vendor/psr/http-factory/src/StreamFactoryInterface.php	0.00		cached
ok	/site/core/vendor/psr/http-factory/src/UploadedFileFactoryInterface.php	0.00		cached
ok	/site/core/vendor/psr/http-factory/src/UriFactoryInterface.php	0.00		cached
ok	/site/core/vendor/psr/http-message/src/MessageInterface.php	0.00		cached
ok	/site/core/vendor/psr/http-message/src/RequestInterface.php	0.00		cached
ok	/site/core/vendor/psr/http-message/src/ResponseInterface.php	0.00		cached
ok	/site/core/vendor/psr/http-message/src/ServerRequestInterface.php	0.00		cached
ok	/site/core/vendor/psr/http-message/src/StreamInterface.php	0.00		cached
ok	/site/core/vendor/psr/http-message/src/UploadedFileInterface.php	0.00		cached
ok	/site/core/vendor/psr/http-message/src/UriInterface.php	0.00		cached
ok	/site/core/vendor/psr/log/src/AbstractLogger.php	0.00		cached
ok	/site/core/vendor/psr/log/src/InvalidArgumentException.php	0.00		cached
ok	/site/core/vendor/psr/log/src/LogLevel.php	0.00		cached
ok	/site/core/vendor/psr/log/src/LoggerAwareInterface.php	0.00		cached
ok	/site/core/vendor/psr/log/src/LoggerAwareTrait.php	0.00		cached
ok	/site/core/vendor/psr/log/src/LoggerInterface.php	0.00		cached
ok	/site/core/vendor/psr/log/src/LoggerTrait.php	0.00		cached
ok	/site/core/vendor/psr/log/src/NullLogger.php	0.00		cached
ok	/site/core/vendor/psr/simple-cache/src/CacheException.php	0.00		cached
ok	/site/core/vendor/psr/simple-cache/src/CacheInterface.php	0.00		cached
ok	/site/core/vendor/psr/simple-cache/src/InvalidArgumentException.php	0.00		cached
ok	/site/core/vendor/ralouphie/getallheaders/src/getallheaders.php	0.00		cached
ok	/site/core/vendor/ramsey/collection/src/AbstractArray.php	0.00		cached
fail	/site/core/vendor/ramsey/collection/src/AbstractCollection.php	0.00	timeout: the monitored command dumped core	cached
ok	/site/core/vendor/ramsey/collection/src/AbstractSet.php	0.00		cached
ok	/site/core/vendor/ramsey/collection/src/ArrayInterface.php	0.00		cached
ok	/site/core/vendor/ramsey/collection/src/Collection.php	0.00		cached
ok	/site/core/vendor/ramsey/collection/src/CollectionInterface.php	0.00		cached
ok	/site/core/vendor/ramsey/collection/src/DoubleEndedQueue.php	0.00		cached
ok	/site/core/vendor/ramsey/collection/src/DoubleEndedQueueInterface.php	0.00		cached
ok	/site/core/vendor/ramsey/collection/src/Exception/CollectionException.php	0.00		cached
ok	/site/core/vendor/ramsey/collection/src/Exception/CollectionMismatchException.php	0.00		cached
ok	/site/core/vendor/ramsey/collection/src/Exception/InvalidArgumentException.php	0.00		cached
ok	/site/core/vendor/ramsey/collection/src/Exception/InvalidPropertyOrMethod.php	0.00		cached
ok	/site/core/vendor/ramsey/collection/src/Exception/NoSuchElementException.php	0.00		cached
ok	/site/core/vendor/ramsey/collection/src/Exception/OutOfBoundsException.php	0.00		cached
ok	/site/core/vendor/ramsey/collection/src/Exception/UnsupportedOperationException.php	0.00		cached
ok	/site/core/vendor/ramsey/collection/src/GenericArray.php	0.00		cached
ok	/site/core/vendor/ramsey/collection/src/Map/AbstractMap.php	0.00		cached
ok	/site/core/vendor/ramsey/collection/src/Map/AbstractTypedMap.php	0.00		cached
ok	/site/core/vendor/ramsey/collection/src/Map/AssociativeArrayMap.php	0.00		cached
ok	/site/core/vendor/ramsey/collection/src/Map/MapInterface.php	0.00		cached
ok	/site/core/vendor/ramsey/collection/src/Map/NamedParameterMap.php	0.00		cached
ok	/site/core/vendor/ramsey/collection/src/Map/TypedMap.php	0.00		cached
ok	/site/core/vendor/ramsey/collection/src/Map/TypedMapInterface.php	0.00		cached
ok	/site/core/vendor/ramsey/collection/src/Queue.php	0.00		cached
ok	/site/core/vendor/ramsey/collection/src/QueueInterface.php	0.00		cached
ok	/site/core/vendor/ramsey/collection/src/Set.php	0.00		cached
ok	/site/core/vendor/ramsey/collection/src/Sort.php	0.00		cached
ok	/site/core/vendor/ramsey/collection/src/Tool/TypeTrait.php	0.00		cached
ok	/site/core/vendor/ramsey/collection/src/Tool/ValueExtractorTrait.php	0.00		cached
ok	/site/core/vendor/ramsey/collection/src/Tool/ValueToStringTrait.php	0.00		cached
ok	/site/core/vendor/ramsey/uuid/src/BinaryUtils.php	0.00		cached
ok	/site/core/vendor/ramsey/uuid/src/Builder/BuilderCollection.php	0.00		cached
ok	/site/core/vendor/ramsey/uuid/src/Builder/DefaultUuidBuilder.php	0.00		cached
ok	/site/core/vendor/ramsey/uuid/src/Builder/DegradedUuidBuilder.php	0.00		cached
ok	/site/core/vendor/ramsey/uuid/src/Builder/FallbackBuilder.php	0.00		cached
ok	/site/core/vendor/ramsey/uuid/src/Builder/UuidBuilderInterface.php	0.00		cached
ok	/site/core/vendor/ramsey/uuid/src/Codec/CodecInterface.php	0.00		cached
ok	/site/core/vendor/ramsey/uuid/src/Codec/GuidStringCodec.php	0.00		cached
ok	/site/core/vendor/ramsey/uuid/src/Codec/OrderedTimeCodec.php	0.00		cached
ok	/site/core/vendor/ramsey/uuid/src/Codec/StringCodec.php	0.00		cached
ok	/site/core/vendor/ramsey/uuid/src/Codec/TimestampFirstCombCodec.php	0.00		cached
ok	/site/core/vendor/ramsey/uuid/src/Codec/TimestampLastCombCodec.php	0.00		cached
ok	/site/core/vendor/ramsey/uuid/src/Converter/Number/BigNumberConverter.php	0.00		cached
ok	/site/core/vendor/ramsey/uuid/src/Converter/Number/DegradedNumberConverter.php	0.00		cached
ok	/site/core/vendor/ramsey/uuid/src/Converter/Number/GenericNumberConverter.php	0.00		cached
ok	/site/core/vendor/ramsey/uuid/src/Converter/NumberConverterInterface.php	0.00		cached
ok	/site/core/vendor/ramsey/uuid/src/Converter/Time/BigNumberTimeConverter.php	0.00		cached
ok	/site/core/vendor/ramsey/uuid/src/Converter/Time/DegradedTimeConverter.php	0.00		cached
ok	/site/core/vendor/ramsey/uuid/src/Converter/Time/GenericTimeConverter.php	0.00		cached
ok	/site/core/vendor/ramsey/uuid/src/Converter/Time/PhpTimeConverter.php	0.00		cached
ok	/site/core/vendor/ramsey/uuid/src/Converter/Time/UnixTimeConverter.php	0.00		cached
ok	/site/core/vendor/ramsey/uuid/src/Converter/TimeConverterInterface.php	0.00		cached
ok	/site/core/vendor/ramsey/uuid/src/DegradedUuid.php	0.00		cached
ok	/site/core/vendor/ramsey/uuid/src/DeprecatedUuidInterface.php	0.00		cached
ok	/site/core/vendor/ramsey/uuid/src/DeprecatedUuidMethodsTrait.php	0.00		cached
ok	/site/core/vendor/ramsey/uuid/src/Exception/BuilderNotFoundException.php	0.00		cached
ok	/site/core/vendor/ramsey/uuid/src/Exception/DateTimeException.php	0.00		cached
ok	/site/core/vendor/ramsey/uuid/src/Exception/DceSecurityException.php	0.00		cached
ok	/site/core/vendor/ramsey/uuid/src/Exception/InvalidArgumentException.php	0.00		cached
ok	/site/core/vendor/ramsey/uuid/src/Exception/InvalidBytesException.php	0.00		cached
ok	/site/core/vendor/ramsey/uuid/src/Exception/InvalidUuidStringException.php	0.00		cached
ok	/site/core/vendor/ramsey/uuid/src/Exception/NameException.php	0.00		cached
ok	/site/core/vendor/ramsey/uuid/src/Exception/NodeException.php	0.00		cached
ok	/site/core/vendor/ramsey/uuid/src/Exception/RandomSourceException.php	0.00		cached
ok	/site/core/vendor/ramsey/uuid/src/Exception/TimeSourceException.php	0.00		cached
ok	/site/core/vendor/ramsey/uuid/src/Exception/UnableToBuildUuidException.php	0.00		cached
ok	/site/core/vendor/ramsey/uuid/src/Exception/UnsupportedOperationException.php	0.00		cached
ok	/site/core/vendor/ramsey/uuid/src/Exception/UuidExceptionInterface.php	0.00		cached
ok	/site/core/vendor/ramsey/uuid/src/FeatureSet.php	0.00		cached
ok	/site/core/vendor/ramsey/uuid/src/Fields/FieldsInterface.php	0.00		cached
ok	/site/core/vendor/ramsey/uuid/src/Fields/SerializableFieldsTrait.php	0.00		cached
ok	/site/core/vendor/ramsey/uuid/src/Generator/CombGenerator.php	0.00		cached
ok	/site/core/vendor/ramsey/uuid/src/Generator/DceSecurityGenerator.php	0.00		cached
ok	/site/core/vendor/ramsey/uuid/src/Generator/DceSecurityGeneratorInterface.php	0.00		cached
ok	/site/core/vendor/ramsey/uuid/src/Generator/DefaultNameGenerator.php	0.00		cached
ok	/site/core/vendor/ramsey/uuid/src/Generator/DefaultTimeGenerator.php	0.00		cached
ok	/site/core/vendor/ramsey/uuid/src/Generator/NameGeneratorFactory.php	0.00		cached
ok	/site/core/vendor/ramsey/uuid/src/Generator/NameGeneratorInterface.php	0.00		cached
ok	/site/core/vendor/ramsey/uuid/src/Generator/PeclUuidNameGenerator.php	0.00		cached
ok	/site/core/vendor/ramsey/uuid/src/Generator/PeclUuidRandomGenerator.php	0.00		cached
ok	/site/core/vendor/ramsey/uuid/src/Generator/PeclUuidTimeGenerator.php	0.00		cached
ok	/site/core/vendor/ramsey/uuid/src/Generator/RandomBytesGenerator.php	0.00		cached
ok	/site/core/vendor/ramsey/uuid/src/Generator/RandomGeneratorFactory.php	0.00		cached
ok	/site/core/vendor/ramsey/uuid/src/Generator/RandomGeneratorInterface.php	0.00		cached
ok	/site/core/vendor/ramsey/uuid/src/Generator/RandomLibAdapter.php	0.00		cached
ok	/site/core/vendor/ramsey/uuid/src/Generator/TimeGeneratorFactory.php	0.00		cached
ok	/site/core/vendor/ramsey/uuid/src/Generator/TimeGeneratorInterface.php	0.00		cached
ok	/site/core/vendor/ramsey/uuid/src/Generator/UnixTimeGenerator.php	0.00		cached
ok	/site/core/vendor/ramsey/uuid/src/Guid/Fields.php	0.00		cached
ok	/site/core/vendor/ramsey/uuid/src/Guid/Guid.php	0.00		cached
ok	/site/core/vendor/ramsey/uuid/src/Guid/GuidBuilder.php	0.00		cached
ok	/site/core/vendor/ramsey/uuid/src/Lazy/LazyUuidFromString.php	0.00		cached
ok	/site/core/vendor/ramsey/uuid/src/Math/BrickMathCalculator.php	0.00		cached
ok	/site/core/vendor/ramsey/uuid/src/Math/BrickMathRoundingMode.php	0.00		cached
ok	/site/core/vendor/ramsey/uuid/src/Math/CalculatorInterface.php	0.00		cached
ok	/site/core/vendor/ramsey/uuid/src/Math/RoundingMode.php	0.00		cached
ok	/site/core/vendor/ramsey/uuid/src/Nonstandard/Fields.php	0.00		cached
ok	/site/core/vendor/ramsey/uuid/src/Nonstandard/Uuid.php	0.00		cached
ok	/site/core/vendor/ramsey/uuid/src/Nonstandard/UuidBuilder.php	0.00		cached
ok	/site/core/vendor/ramsey/uuid/src/Nonstandard/UuidV6.php	0.00		cached
ok	/site/core/vendor/ramsey/uuid/src/Provider/Dce/SystemDceSecurityProvider.php	0.00		cached
ok	/site/core/vendor/ramsey/uuid/src/Provider/DceSecurityProviderInterface.php	0.00		cached
ok	/site/core/vendor/ramsey/uuid/src/Provider/Node/FallbackNodeProvider.php	0.00		cached
ok	/site/core/vendor/ramsey/uuid/src/Provider/Node/NodeProviderCollection.php	0.00		cached
ok	/site/core/vendor/ramsey/uuid/src/Provider/Node/RandomNodeProvider.php	0.00		cached
ok	/site/core/vendor/ramsey/uuid/src/Provider/Node/StaticNodeProvider.php	0.00		cached
ok	/site/core/vendor/ramsey/uuid/src/Provider/Node/SystemNodeProvider.php	0.00		cached
ok	/site/core/vendor/ramsey/uuid/src/Provider/NodeProviderInterface.php	0.00		cached
ok	/site/core/vendor/ramsey/uuid/src/Provider/Time/FixedTimeProvider.php	0.00		cached
ok	/site/core/vendor/ramsey/uuid/src/Provider/Time/SystemTimeProvider.php	0.00		cached
ok	/site/core/vendor/ramsey/uuid/src/Provider/TimeProviderInterface.php	0.00		cached
ok	/site/core/vendor/ramsey/uuid/src/Rfc4122/Fields.php	0.00		cached
ok	/site/core/vendor/ramsey/uuid/src/Rfc4122/FieldsInterface.php	0.00		cached
ok	/site/core/vendor/ramsey/uuid/src/Rfc4122/MaxTrait.php	0.00		cached
ok	/site/core/vendor/ramsey/uuid/src/Rfc4122/MaxUuid.php	0.00		cached
ok	/site/core/vendor/ramsey/uuid/src/Rfc4122/NilTrait.php	0.00		cached
ok	/site/core/vendor/ramsey/uuid/src/Rfc4122/NilUuid.php	0.00		cached
ok	/site/core/vendor/ramsey/uuid/src/Rfc4122/TimeTrait.php	0.00		cached
ok	/site/core/vendor/ramsey/uuid/src/Rfc4122/UuidBuilder.php	0.00		cached
ok	/site/core/vendor/ramsey/uuid/src/Rfc4122/UuidInterface.php	0.00		cached
ok	/site/core/vendor/ramsey/uuid/src/Rfc4122/UuidV1.php	0.00		cached
ok	/site/core/vendor/ramsey/uuid/src/Rfc4122/UuidV2.php	0.00		cached
ok	/site/core/vendor/ramsey/uuid/src/Rfc4122/UuidV3.php	0.00		cached
ok	/site/core/vendor/ramsey/uuid/src/Rfc4122/UuidV4.php	0.00		cached
ok	/site/core/vendor/ramsey/uuid/src/Rfc4122/UuidV5.php	0.00		cached
ok	/site/core/vendor/ramsey/uuid/src/Rfc4122/UuidV6.php	0.00		cached
ok	/site/core/vendor/ramsey/uuid/src/Rfc4122/UuidV7.php	0.00		cached
ok	/site/core/vendor/ramsey/uuid/src/Rfc4122/UuidV8.php	0.00		cached
ok	/site/core/vendor/ramsey/uuid/src/Rfc4122/Validator.php	0.00		cached
ok	/site/core/vendor/ramsey/uuid/src/Rfc4122/VariantTrait.php	0.00		cached
ok	/site/core/vendor/ramsey/uuid/src/Rfc4122/VersionTrait.php	0.00		cached
ok	/site/core/vendor/ramsey/uuid/src/Type/Decimal.php	0.00		cached
ok	/site/core/vendor/ramsey/uuid/src/Type/Hexadecimal.php	0.00		cached
ok	/site/core/vendor/ramsey/uuid/src/Type/Integer.php	0.00		cached
ok	/site/core/vendor/ramsey/uuid/src/Type/NumberInterface.php	0.00		cached
ok	/site/core/vendor/ramsey/uuid/src/Type/Time.php	0.00		cached
ok	/site/core/vendor/ramsey/uuid/src/Type/TypeInterface.php	0.00		cached
ok	/site/core/vendor/ramsey/uuid/src/Uuid.php	0.00		cached
ok	/site/core/vendor/ramsey/uuid/src/UuidFactory.php	0.00		cached
ok	/site/core/vendor/ramsey/uuid/src/UuidFactoryInterface.php	0.00		cached
ok	/site/core/vendor/ramsey/uuid/src/UuidInterface.php	0.00		cached
ok	/site/core/vendor/ramsey/uuid/src/Validator/GenericValidator.php	0.00		cached
ok	/site/core/vendor/ramsey/uuid/src/Validator/ValidatorInterface.php	0.00		cached
ok	/site/core/vendor/ramsey/uuid/src/functions.php	0.00		cached
ok	/site/core/vendor/react/promise/src/Deferred.php	0.00		cached
ok	/site/core/vendor/react/promise/src/Exception/CompositeException.php	0.00		cached
ok	/site/core/vendor/react/promise/src/Exception/LengthException.php	0.00		cached
ok	/site/core/vendor/react/promise/src/Internal/CancellationQueue.php	0.00		cached
ok	/site/core/vendor/react/promise/src/Internal/FulfilledPromise.php	0.00		cached
ok	/site/core/vendor/react/promise/src/Internal/RejectedPromise.php	0.00		cached
ok	/site/core/vendor/react/promise/src/Promise.php	0.00		cached
ok	/site/core/vendor/react/promise/src/PromiseInterface.php	0.00		cached
ok	/site/core/vendor/react/promise/src/functions.php	0.00		cached
ok	/site/core/vendor/react/promise/src/functions_include.php	0.00		cached
ok	/site/core/vendor/rosell-dk/exec-with-fallback/src/Availability.php	0.00		cached
ok	/site/core/vendor/rosell-dk/exec-with-fallback/src/ExecWithFallback.php	0.00		cached
ok	/site/core/vendor/rosell-dk/exec-with-fallback/src/ExecWithFallbackNoMercy.php	0.00		cached
ok	/site/core/vendor/rosell-dk/exec-with-fallback/src/POpen.php	0.00		cached
ok	/site/core/vendor/rosell-dk/exec-with-fallback/src/Passthru.php	0.00		cached
ok	/site/core/vendor/rosell-dk/exec-with-fallback/src/ProcOpen.php	0.00		cached
ok	/site/core/vendor/rosell-dk/exec-with-fallback/src/ShellExec.php	0.00		cached
ok	/site/core/vendor/rosell-dk/exec-with-fallback/test.php	0.00		cached
ok	/site/core/vendor/rosell-dk/file-util/src/FileExists.php	0.00		cached
fail	/site/core/vendor/rosell-dk/file-util/src/FileExistsUsingExec.php	0.00	compile failed: MIR.verify: dangling local $returnCode read in FileUtil\FileExistsUsingExec__fileExists but never defined	cached
ok	/site/core/vendor/rosell-dk/file-util/src/PathValidator.php	0.00		cached
ok	/site/core/vendor/rosell-dk/image-mime-type-guesser/src/Detectors/AbstractDetector.php	0.00		cached
ok	/site/core/vendor/rosell-dk/image-mime-type-guesser/src/Detectors/ExifImageType.php	0.00		cached
ok	/site/core/vendor/rosell-dk/image-mime-type-guesser/src/Detectors/FInfo.php	0.00		cached
ok	/site/core/vendor/rosell-dk/image-mime-type-guesser/src/Detectors/GetImageSize.php	0.00		cached
ok	/site/core/vendor/rosell-dk/image-mime-type-guesser/src/Detectors/MimeContentType.php	0.00		cached
ok	/site/core/vendor/rosell-dk/image-mime-type-guesser/src/Detectors/SignatureSniffer.php	0.00		cached
ok	/site/core/vendor/rosell-dk/image-mime-type-guesser/src/Detectors/Stack.php	0.00		cached
ok	/site/core/vendor/rosell-dk/image-mime-type-guesser/src/GuessFromExtension.php	0.00		cached
ok	/site/core/vendor/rosell-dk/image-mime-type-guesser/src/ImageMimeTypeGuesser.php	0.00		cached
ok	/site/core/vendor/rosell-dk/image-mime-type-guesser/src/MimeMap.php	0.00		cached
ok	/site/core/vendor/rosell-dk/image-mime-type-sniffer/src/ImageMimeTypeSniffer.php	0.00		cached
fail	/site/core/vendor/rosell-dk/locate-binaries/src/LocateBinaries.php	0.00	compile failed: MIR.verify: dangling local $returnCode read in LocateBinaries\LocateBinaries__locateBinariesUsingWhereIs but never defined	cached
ok	/site/core/vendor/rosell-dk/webp-convert/src/Convert/ConverterFactory.php	0.00		cached
ok	/site/core/vendor/rosell-dk/webp-convert/src/Convert/Converters/AbstractConverter.php	0.00		cached
ok	/site/core/vendor/rosell-dk/webp-convert/src/Convert/Converters/BaseTraits/AutoQualityTrait.php	0.00		cached
ok	/site/core/vendor/rosell-dk/webp-convert/src/Convert/Converters/BaseTraits/DestinationPreparationTrait.php	0.00		cached
ok	/site/core/vendor/rosell-dk/webp-convert/src/Convert/Converters/BaseTraits/LoggerTrait.php	0.00		cached
ok	/site/core/vendor/rosell-dk/webp-convert/src/Convert/Converters/BaseTraits/OptionsTrait.php	0.00		cached
ok	/site/core/vendor/rosell-dk/webp-convert/src/Convert/Converters/BaseTraits/WarningLoggerTrait.php	0.00		cached
ok	/site/core/vendor/rosell-dk/webp-convert/src/Convert/Converters/ConverterTraits/CloudConverterTrait.php	0.00		cached
ok	/site/core/vendor/rosell-dk/webp-convert/src/Convert/Converters/ConverterTraits/CurlTrait.php	0.00		cached
ok	/site/core/vendor/rosell-dk/webp-convert/src/Convert/Converters/ConverterTraits/EncodingAutoTrait.php	0.00		cached
ok	/site/core/vendor/rosell-dk/webp-convert/src/Convert/Converters/ConverterTraits/ExecTrait.php	0.00		cached
fail	/site/core/vendor/rosell-dk/webp-convert/src/Convert/Converters/Cwebp.php	0.00	compile failed: lazy body /site/core/vendor/rosell-dk/webp-convert/src/Convert/Converters/Cwebp.php:240 [{         //$version = $this->detectVersion($binary);          // Redirect stderr to same place as stdout with "2>&1"   ]: unexpected token in expression: Semicolon at line 251, column 9	cached
ok	/site/core/vendor/rosell-dk/webp-convert/src/Convert/Converters/Ewww.php	0.00		cached
fail	/site/core/vendor/rosell-dk/webp-convert/src/Convert/Converters/FFMpeg.php	0.00	compile failed: MIR.verify: dangling local $returnCode read in WebPConvert\Convert\Converters\FFMpeg__isInstalled but never defined	cached
fail	/site/core/vendor/rosell-dk/webp-convert/src/Convert/Converters/Gd.php	0.00	compile failed: lazy body /site/core/vendor/rosell-dk/webp-convert/src/Convert/Converters/Gd.php:129 [{         //return $this->makeTrueColor($image);         /*         if (function_exists('imageistruecolor') && imageistr]: unexpected token in expression: Semicolon at line 158, column 26	cached
ok	/site/core/vendor/rosell-dk/webp-convert/src/Convert/Converters/Gmagick.php	0.00		cached
ok	/site/core/vendor/rosell-dk/webp-convert/src/Convert/Converters/GmagickBinary.php	0.00		cached
fail	/site/core/vendor/rosell-dk/webp-convert/src/Convert/Converters/GraphicsMagick.php	0.00	compile failed: MIR.verify: dangling local $returnCode read in WebPConvert\Convert\Converters\GraphicsMagick__isInstalled but never defined	cached
fail	/site/core/vendor/rosell-dk/webp-convert/src/Convert/Converters/ImageMagick.php	0.00	compile failed: MIR.verify: dangling local $returnCode read in WebPConvert\Convert\Converters\ImageMagick__getVersion but never defined	cached
ok	/site/core/vendor/rosell-dk/webp-convert/src/Convert/Converters/Imagick.php	0.00		cached
ok	/site/core/vendor/rosell-dk/webp-convert/src/Convert/Converters/ImagickBinary.php	0.00		cached
ok	/site/core/vendor/rosell-dk/webp-convert/src/Convert/Converters/Stack.php	0.00		cached
ok	/site/core/vendor/rosell-dk/webp-convert/src/Convert/Converters/Vips.php	0.00		cached
fail	/site/core/vendor/rosell-dk/webp-convert/src/Convert/Converters/Wpc.php	0.00	compile failed: lazy body /site/core/vendor/rosell-dk/webp-convert/src/Convert/Converters/Wpc.php:417 [{         $ch = self::initCurl();         curl_setopt($ch, CURLOPT_FOLLOWLOCATION, false);         curl_setopt($ch, CURL]: unexpected token in expression: Semicolon at line 457, column 10	cached
ok	/site/core/vendor/rosell-dk/webp-convert/src/Convert/Exceptions/ConversionFailed/ConversionSkippedException.php	0.00		cached
ok	/site/core/vendor/rosell-dk/webp-convert/src/Convert/Exceptions/ConversionFailed/ConverterNotOperational/InvalidApiKeyException.php	0.00		cached
ok	/site/core/vendor/rosell-dk/webp-convert/src/Convert/Exceptions/ConversionFailed/ConverterNotOperational/SystemRequirementsNotMetException.php	0.00		cached
ok	/site/core/vendor/rosell-dk/webp-convert/src/Convert/Exceptions/ConversionFailed/ConverterNotOperationalException.php	0.00		cached
ok	/site/core/vendor/rosell-dk/webp-convert/src/Convert/Exceptions/ConversionFailed/FileSystemProblems/CreateDestinationFileException.php	0.00		cached
ok	/site/core/vendor/rosell-dk/webp-convert/src/Convert/Exceptions/ConversionFailed/FileSystemProblems/CreateDestinationFolderException.php	0.00		cached
ok	/site/core/vendor/rosell-dk/webp-convert/src/Convert/Exceptions/ConversionFailed/FileSystemProblemsException.php	0.00		cached
ok	/site/core/vendor/rosell-dk/webp-convert/src/Convert/Exceptions/ConversionFailed/InvalidInput/ConverterNotFoundException.php	0.00		cached
ok	/site/core/vendor/rosell-dk/webp-convert/src/Convert/Exceptions/ConversionFailed/InvalidInput/InvalidImageTypeException.php	0.00		cached
ok	/site/core/vendor/rosell-dk/webp-convert/src/Convert/Exceptions/ConversionFailed/InvalidInput/TargetNotFoundException.php	0.00		cached
ok	/site/core/vendor/rosell-dk/webp-convert/src/Convert/Exceptions/ConversionFailed/InvalidInputException.php	0.00		cached
ok	/site/core/vendor/rosell-dk/webp-convert/src/Convert/Exceptions/ConversionFailedException.php	0.00		cached
fail	/site/core/vendor/rosell-dk/webp-convert/src/Convert/Helpers/JpegQualityDetector.php	0.00	compile failed: MIR.verify: dangling local $returnCode read in WebPConvert\Convert\Helpers\JpegQualityDetector__detectQualityOfJpgUsingImageMagick but never defined	cached
ok	/site/core/vendor/rosell-dk/webp-convert/src/Convert/Helpers/PhpIniSizes.php	0.00		cached
ok	/site/core/vendor/rosell-dk/webp-convert/src/Exceptions/InvalidInput/InvalidImageTypeException.php	0.00		cached
ok	/site/core/vendor/rosell-dk/webp-convert/src/Exceptions/InvalidInput/TargetNotFoundException.php	0.00		cached
ok	/site/core/vendor/rosell-dk/webp-convert/src/Exceptions/InvalidInputException.php	0.00		cached
ok	/site/core/vendor/rosell-dk/webp-convert/src/Exceptions/WebPConvertException.php	0.00		cached
ok	/site/core/vendor/rosell-dk/webp-convert/src/Helpers/InputValidator.php	0.00		cached
ok	/site/core/vendor/rosell-dk/webp-convert/src/Helpers/MimeType.php	0.00		cached
ok	/site/core/vendor/rosell-dk/webp-convert/src/Helpers/PathChecker.php	0.00		cached
ok	/site/core/vendor/rosell-dk/webp-convert/src/Helpers/Sanitize.php	0.00		cached
ok	/site/core/vendor/rosell-dk/webp-convert/src/Loggers/BaseLogger.php	0.00		cached
ok	/site/core/vendor/rosell-dk/webp-convert/src/Loggers/BufferLogger.php	0.00		cached
ok	/site/core/vendor/rosell-dk/webp-convert/src/Loggers/EchoLogger.php	0.00		cached
ok	/site/core/vendor/rosell-dk/webp-convert/src/Options/ArrayOption.php	0.00		cached
ok	/site/core/vendor/rosell-dk/webp-convert/src/Options/BooleanOption.php	0.00		cached
ok	/site/core/vendor/rosell-dk/webp-convert/src/Options/Exceptions/InvalidOptionTypeException.php	0.00		cached
ok	/site/core/vendor/rosell-dk/webp-convert/src/Options/Exceptions/InvalidOptionValueException.php	0.00		cached
ok	/site/core/vendor/rosell-dk/webp-convert/src/Options/Exceptions/OptionNotFoundException.php	0.00		cached
ok	/site/core/vendor/rosell-dk/webp-convert/src/Options/GhostOption.php	0.00		cached
ok	/site/core/vendor/rosell-dk/webp-convert/src/Options/IntegerOption.php	0.00		cached
ok	/site/core/vendor/rosell-dk/webp-convert/src/Options/IntegerOrNullOption.php	0.00		cached
ok	/site/core/vendor/rosell-dk/webp-convert/src/Options/MetadataOption.php	0.00		cached
ok	/site/core/vendor/rosell-dk/webp-convert/src/Options/Option.php	0.00		cached
ok	/site/core/vendor/rosell-dk/webp-convert/src/Options/OptionFactory.php	0.00		cached
ok	/site/core/vendor/rosell-dk/webp-convert/src/Options/Options.php	0.00		cached
ok	/site/core/vendor/rosell-dk/webp-convert/src/Options/QualityOption.php	0.00		cached
ok	/site/core/vendor/rosell-dk/webp-convert/src/Options/SensitiveArrayOption.php	0.00		cached
ok	/site/core/vendor/rosell-dk/webp-convert/src/Options/SensitiveStringOption.php	0.00		cached
ok	/site/core/vendor/rosell-dk/webp-convert/src/Options/StringOption.php	0.00		cached
ok	/site/core/vendor/rosell-dk/webp-convert/src/Serve/Exceptions/ServeFailedException.php	0.00		cached
ok	/site/core/vendor/rosell-dk/webp-convert/src/Serve/Header.php	0.00		cached
fail	/site/core/vendor/rosell-dk/webp-convert/src/Serve/Report.php	0.00	compile failed: lazy body /site/core/vendor/rosell-dk/webp-convert/src/Serve/Report.php:18 [{         InputValidator::checkSourceAndDestination($source, $destination);         ?> <html>     <head>         <style>]: expected ';' after echo at line 33, column 77	cached
ok	/site/core/vendor/rosell-dk/webp-convert/src/Serve/ServeConvertedWebP.php	0.00		cached
ok	/site/core/vendor/rosell-dk/webp-convert/src/Serve/ServeConvertedWebPWithErrorHandling.php	0.00		cached
ok	/site/core/vendor/rosell-dk/webp-convert/src/Serve/ServeFile.php	0.00		cached
ok	/site/core/vendor/rosell-dk/webp-convert/src/WebPConvert.php	0.00		cached
ok	/site/core/vendor/sebastian/cli-parser/src/Parser.php	0.00		cached
ok	/site/core/vendor/sebastian/cli-parser/src/exceptions/AmbiguousOptionException.php	0.00		cached
ok	/site/core/vendor/sebastian/cli-parser/src/exceptions/Exception.php	0.00		cached
ok	/site/core/vendor/sebastian/cli-parser/src/exceptions/OptionDoesNotAllowArgumentException.php	0.00		cached
ok	/site/core/vendor/sebastian/cli-parser/src/exceptions/RequiredOptionArgumentMissingException.php	0.00		cached
ok	/site/core/vendor/sebastian/cli-parser/src/exceptions/UnknownOptionException.php	0.00		cached
ok	/site/core/vendor/sebastian/comparator/src/ArrayComparator.php	0.00		cached
ok	/site/core/vendor/sebastian/comparator/src/ClosureComparator.php	0.00		cached
ok	/site/core/vendor/sebastian/comparator/src/Comparator.php	0.00		cached
ok	/site/core/vendor/sebastian/comparator/src/ComparisonFailure.php	0.00		cached
ok	/site/core/vendor/sebastian/comparator/src/DOMNodeComparator.php	0.00		cached
ok	/site/core/vendor/sebastian/comparator/src/DateTimeComparator.php	0.00		cached
ok	/site/core/vendor/sebastian/comparator/src/EnumerationComparator.php	0.00		cached
ok	/site/core/vendor/sebastian/comparator/src/ExceptionComparator.php	0.00		cached
ok	/site/core/vendor/sebastian/comparator/src/Factory.php	0.00		cached
ok	/site/core/vendor/sebastian/comparator/src/MockObjectComparator.php	0.00		cached
ok	/site/core/vendor/sebastian/comparator/src/NumberComparator.php	0.00		cached
ok	/site/core/vendor/sebastian/comparator/src/NumericComparator.php	0.00		cached
ok	/site/core/vendor/sebastian/comparator/src/ObjectComparator.php	0.00		cached
ok	/site/core/vendor/sebastian/comparator/src/ResourceComparator.php	0.00		cached
ok	/site/core/vendor/sebastian/comparator/src/ScalarComparator.php	0.00		cached
ok	/site/core/vendor/sebastian/comparator/src/SplObjectStorageComparator.php	0.00		cached
ok	/site/core/vendor/sebastian/comparator/src/TypeComparator.php	0.00		cached
ok	/site/core/vendor/sebastian/comparator/src/exceptions/Exception.php	0.00		cached
ok	/site/core/vendor/sebastian/comparator/src/exceptions/RuntimeException.php	0.00		cached
ok	/site/core/vendor/sebastian/complexity/src/Calculator.php	0.00		cached
ok	/site/core/vendor/sebastian/complexity/src/Complexity/Complexity.php	0.00		cached
ok	/site/core/vendor/sebastian/complexity/src/Complexity/ComplexityCollection.php	0.00		cached
ok	/site/core/vendor/sebastian/complexity/src/Complexity/ComplexityCollectionIterator.php	0.00		cached
ok	/site/core/vendor/sebastian/complexity/src/Exception/Exception.php	0.00		cached
ok	/site/core/vendor/sebastian/complexity/src/Exception/RuntimeException.php	0.00		cached
ok	/site/core/vendor/sebastian/complexity/src/Visitor/ComplexityCalculatingVisitor.php	0.00		cached
ok	/site/core/vendor/sebastian/complexity/src/Visitor/CyclomaticComplexityCalculatingVisitor.php	0.00		cached
ok	/site/core/vendor/sebastian/diff/src/Chunk.php	0.00		cached
ok	/site/core/vendor/sebastian/diff/src/Diff.php	0.00		cached
ok	/site/core/vendor/sebastian/diff/src/Differ.php	0.00		cached
ok	/site/core/vendor/sebastian/diff/src/Exception/ConfigurationException.php	0.00		cached
ok	/site/core/vendor/sebastian/diff/src/Exception/Exception.php	0.00		cached
ok	/site/core/vendor/sebastian/diff/src/Line.php	0.00		cached
ok	/site/core/vendor/sebastian/diff/src/LongestCommonSubsequenceCalculator.php	0.00		cached
ok	/site/core/vendor/sebastian/diff/src/MemoryEfficientLongestCommonSubsequenceCalculator.php	0.00		cached
ok	/site/core/vendor/sebastian/diff/src/Output/AbstractChunkOutputBuilder.php	0.00		cached
ok	/site/core/vendor/sebastian/diff/src/Output/DiffOnlyOutputBuilder.php	0.00		cached
ok	/site/core/vendor/sebastian/diff/src/Output/DiffOutputBuilderInterface.php	0.00		cached
ok	/site/core/vendor/sebastian/diff/src/Output/StrictUnifiedDiffOutputBuilder.php	0.00		cached
ok	/site/core/vendor/sebastian/diff/src/Output/UnifiedDiffOutputBuilder.php	0.00		cached
ok	/site/core/vendor/sebastian/diff/src/Parser.php	0.00		cached
ok	/site/core/vendor/sebastian/diff/src/TimeEfficientLongestCommonSubsequenceCalculator.php	0.00		cached
ok	/site/core/vendor/sebastian/environment/src/Console.php	0.00		cached
ok	/site/core/vendor/sebastian/environment/src/Runtime.php	0.00		cached
ok	/site/core/vendor/sebastian/exporter/src/Exporter.php	0.00		cached
ok	/site/core/vendor/sebastian/global-state/src/CodeExporter.php	0.00		cached
ok	/site/core/vendor/sebastian/global-state/src/ExcludeList.php	0.00		cached
fail	/site/core/vendor/sebastian/global-state/src/Restorer.php	0.00	compile failed: MIR.lower: $GLOBALS as a whole array is unsupported (it would need a runtime name table); use $GLOBALS['name']	cached
fail	/site/core/vendor/sebastian/global-state/src/Snapshot.php	0.00	compile failed: MIR.lower: $GLOBALS as a whole array is unsupported (it would need a runtime name table); use $GLOBALS['name']	cached
ok	/site/core/vendor/sebastian/global-state/src/exceptions/Exception.php	0.00		cached
ok	/site/core/vendor/sebastian/global-state/src/exceptions/RuntimeException.php	0.00		cached
ok	/site/core/vendor/sebastian/lines-of-code/src/Counter.php	0.00		cached
ok	/site/core/vendor/sebastian/lines-of-code/src/Exception/Exception.php	0.00		cached
ok	/site/core/vendor/sebastian/lines-of-code/src/Exception/IllogicalValuesException.php	0.00		cached
ok	/site/core/vendor/sebastian/lines-of-code/src/Exception/RuntimeException.php	0.00		cached
ok	/site/core/vendor/sebastian/lines-of-code/src/LineCountingVisitor.php	0.00		cached
ok	/site/core/vendor/sebastian/lines-of-code/src/LinesOfCode.php	0.00		cached
ok	/site/core/vendor/sebastian/object-enumerator/src/Enumerator.php	0.00		cached
ok	/site/core/vendor/sebastian/object-reflector/src/ObjectReflector.php	0.00		cached
ok	/site/core/vendor/sebastian/recursion-context/src/Context.php	0.00		cached
ok	/site/core/vendor/sebastian/type/src/Parameter.php	0.00		cached
ok	/site/core/vendor/sebastian/type/src/ReflectionMapper.php	0.00		cached
ok	/site/core/vendor/sebastian/type/src/TypeName.php	0.00		cached
ok	/site/core/vendor/sebastian/type/src/exception/Exception.php	0.00		cached
ok	/site/core/vendor/sebastian/type/src/exception/RuntimeException.php	0.00		cached
ok	/site/core/vendor/sebastian/type/src/type/CallableType.php	0.00		cached
ok	/site/core/vendor/sebastian/type/src/type/FalseType.php	0.00		cached
ok	/site/core/vendor/sebastian/type/src/type/GenericObjectType.php	0.00		cached
ok	/site/core/vendor/sebastian/type/src/type/IntersectionType.php	0.00		cached
ok	/site/core/vendor/sebastian/type/src/type/IterableType.php	0.00		cached
ok	/site/core/vendor/sebastian/type/src/type/MixedType.php	0.00		cached
ok	/site/core/vendor/sebastian/type/src/type/NeverType.php	0.00		cached
ok	/site/core/vendor/sebastian/type/src/type/NullType.php	0.00		cached
ok	/site/core/vendor/sebastian/type/src/type/ObjectType.php	0.00		cached
ok	/site/core/vendor/sebastian/type/src/type/SimpleType.php	0.00		cached
ok	/site/core/vendor/sebastian/type/src/type/StaticType.php	0.00		cached
ok	/site/core/vendor/sebastian/type/src/type/TrueType.php	0.00		cached
ok	/site/core/vendor/sebastian/type/src/type/Type.php	0.00		cached
ok	/site/core/vendor/sebastian/type/src/type/UnionType.php	0.00		cached
ok	/site/core/vendor/sebastian/type/src/type/UnknownType.php	0.00		cached
ok	/site/core/vendor/sebastian/type/src/type/VoidType.php	0.00		cached
ok	/site/core/vendor/sebastian/version/src/Version.php	0.00		cached
ok	/site/core/vendor/secondnetwork/blade-tabler-icons/config/blade-tabler-icons.php	0.00		cached
ok	/site/core/vendor/secondnetwork/blade-tabler-icons/src/BladeTablerIconsServiceProvider.php	0.00		cached
ok	/site/core/vendor/seld/jsonlint/src/Seld/JsonLint/DuplicateKeyException.php	0.00		cached
ok	/site/core/vendor/seld/jsonlint/src/Seld/JsonLint/InvalidEncodingException.php	0.00		cached
ok	/site/core/vendor/seld/jsonlint/src/Seld/JsonLint/JsonParser.php	0.00		cached
ok	/site/core/vendor/seld/jsonlint/src/Seld/JsonLint/Lexer.php	0.00		cached
ok	/site/core/vendor/seld/jsonlint/src/Seld/JsonLint/ParsingException.php	0.00		cached
ok	/site/core/vendor/seld/jsonlint/src/Seld/JsonLint/Undefined.php	0.00		cached
ok	/site/core/vendor/seld/jsonlint/src/Seld/JsonLint/Utf8Validator.php	0.00		cached
ok	/site/core/vendor/seld/phar-utils/src/Linter.php	0.00		cached
ok	/site/core/vendor/seld/phar-utils/src/Timestamps.php	0.00		cached
ok	/site/core/vendor/seld/signal-handler/src/SignalHandler.php	0.00		cached
ok	/site/core/vendor/simplepie/simplepie/autoloader.php	0.00		cached
fail	/site/core/vendor/simplepie/simplepie/library/SimplePie.php	0.00	compile failed: MIR.lower: unsupported statement kind Class at line 17	cached
fail	/site/core/vendor/simplepie/simplepie/library/SimplePie/Author.php	0.00	compile failed: MIR.lower: unsupported statement kind Class at line 17	cached
fail	/site/core/vendor/simplepie/simplepie/library/SimplePie/Cache.php	0.00	compile failed: MIR.lower: unsupported statement kind Class at line 17	cached
fail	/site/core/vendor/simplepie/simplepie/library/SimplePie/Cache/Base.php	0.00	compile failed: MIR.lower: unsupported statement kind Class at line 17	cached
fail	/site/core/vendor/simplepie/simplepie/library/SimplePie/Cache/DB.php	0.00	compile failed: MIR.lower: unsupported statement kind Class at line 17	cached
fail	/site/core/vendor/simplepie/simplepie/library/SimplePie/Cache/File.php	0.00	compile failed: MIR.lower: unsupported statement kind Class at line 17	cached
fail	/site/core/vendor/simplepie/simplepie/library/SimplePie/Cache/Memcache.php	0.00	compile failed: MIR.lower: unsupported statement kind Class at line 17	cached
fail	/site/core/vendor/simplepie/simplepie/library/SimplePie/Cache/Memcached.php	0.00	compile failed: MIR.lower: unsupported statement kind Class at line 17	cached
fail	/site/core/vendor/simplepie/simplepie/library/SimplePie/Cache/MySQL.php	0.00	compile failed: MIR.lower: unsupported statement kind Class at line 17	cached
fail	/site/core/vendor/simplepie/simplepie/library/SimplePie/Cache/Redis.php	0.00	compile failed: MIR.lower: unsupported statement kind Class at line 17	cached
fail	/site/core/vendor/simplepie/simplepie/library/SimplePie/Caption.php	0.00	compile failed: MIR.lower: unsupported statement kind Class at line 17	cached
fail	/site/core/vendor/simplepie/simplepie/library/SimplePie/Category.php	0.00	compile failed: MIR.lower: unsupported statement kind Class at line 17	cached
fail	/site/core/vendor/simplepie/simplepie/library/SimplePie/Content/Type/Sniffer.php	0.00	compile failed: MIR.lower: unsupported statement kind Class at line 17	cached
fail	/site/core/vendor/simplepie/simplepie/library/SimplePie/Copyright.php	0.00	compile failed: MIR.lower: unsupported statement kind Class at line 17	cached
ok	/site/core/vendor/simplepie/simplepie/library/SimplePie/Core.php	0.00		cached
fail	/site/core/vendor/simplepie/simplepie/library/SimplePie/Credit.php	0.00	compile failed: MIR.lower: unsupported statement kind Class at line 17	cached
ok	/site/core/vendor/simplepie/simplepie/library/SimplePie/Decode/HTML/Entities.php	0.00		cached
fail	/site/core/vendor/simplepie/simplepie/library/SimplePie/Enclosure.php	0.00	compile failed: MIR.lower: unsupported statement kind Class at line 17	cached
fail	/site/core/vendor/simplepie/simplepie/library/SimplePie/Exception.php	0.00	compile failed: MIR.lower: unsupported statement kind Class at line 17	cached
fail	/site/core/vendor/simplepie/simplepie/library/SimplePie/File.php	0.00	compile failed: MIR.lower: unsupported statement kind Class at line 17	cached
fail	/site/core/vendor/simplepie/simplepie/library/SimplePie/HTTP/Parser.php	0.00	compile failed: MIR.lower: unsupported statement kind Class at line 21	cached
fail	/site/core/vendor/simplepie/simplepie/library/SimplePie/IRI.php	0.00	compile failed: MIR.lower: unsupported statement kind Class at line 17	cached
fail	/site/core/vendor/simplepie/simplepie/library/SimplePie/Item.php	0.00	compile failed: MIR.lower: unsupported statement kind Class at line 17	cached
fail	/site/core/vendor/simplepie/simplepie/library/SimplePie/Locator.php	0.00	compile failed: MIR.lower: unsupported statement kind Class at line 17	cached
fail	/site/core/vendor/simplepie/simplepie/library/SimplePie/Misc.php	0.00	compile failed: MIR.lower: unsupported statement kind Class at line 17	cached
fail	/site/core/vendor/simplepie/simplepie/library/SimplePie/Net/IPv6.php	0.00	compile failed: MIR.lower: unsupported statement kind Class at line 17	cached
fail	/site/core/vendor/simplepie/simplepie/library/SimplePie/Parse/Date.php	0.00	compile failed: MIR.lower: unsupported statement kind Class at line 17	cached
fail	/site/core/vendor/simplepie/simplepie/library/SimplePie/Parser.php	0.00	compile failed: MIR.lower: unsupported statement kind Class at line 17	cached
fail	/site/core/vendor/simplepie/simplepie/library/SimplePie/Rating.php	0.00	compile failed: MIR.lower: unsupported statement kind Class at line 17	cached
fail	/site/core/vendor/simplepie/simplepie/library/SimplePie/Registry.php	0.00	compile failed: MIR.lower: unsupported statement kind Class at line 17	cached
fail	/site/core/vendor/simplepie/simplepie/library/SimplePie/Restriction.php	0.00	compile failed: MIR.lower: unsupported statement kind Class at line 17	cached
fail	/site/core/vendor/simplepie/simplepie/library/SimplePie/Sanitize.php	0.00	compile failed: MIR.lower: unsupported statement kind Class at line 17	cached
fail	/site/core/vendor/simplepie/simplepie/library/SimplePie/Source.php	0.00	compile failed: MIR.lower: unsupported statement kind Class at line 17	cached
fail	/site/core/vendor/simplepie/simplepie/library/SimplePie/XML/Declaration/Parser.php	0.00	compile failed: MIR.lower: unsupported statement kind Class at line 17	cached
fail	/site/core/vendor/simplepie/simplepie/library/SimplePie/gzdecode.php	0.00	compile failed: MIR.lower: unsupported statement kind Class at line 17	cached
ok	/site/core/vendor/simplepie/simplepie/src/Author.php	0.00		cached
ok	/site/core/vendor/simplepie/simplepie/src/Cache.php	0.00		cached
ok	/site/core/vendor/simplepie/simplepie/src/Cache/Base.php	0.00		cached
ok	/site/core/vendor/simplepie/simplepie/src/Cache/BaseDataCache.php	0.00		cached
ok	/site/core/vendor/simplepie/simplepie/src/Cache/CallableNameFilter.php	0.00		cached
ok	/site/core/vendor/simplepie/simplepie/src/Cache/DB.php	0.00		cached
ok	/site/core/vendor/simplepie/simplepie/src/Cache/DataCache.php	0.00		cached
ok	/site/core/vendor/simplepie/simplepie/src/Cache/File.php	0.00		cached
ok	/site/core/vendor/simplepie/simplepie/src/Cache/Memcache.php	0.00		cached
ok	/site/core/vendor/simplepie/simplepie/src/Cache/Memcached.php	0.00		cached
ok	/site/core/vendor/simplepie/simplepie/src/Cache/MySQL.php	0.00		cached
ok	/site/core/vendor/simplepie/simplepie/src/Cache/NameFilter.php	0.00		cached
ok	/site/core/vendor/simplepie/simplepie/src/Cache/Psr16.php	0.00		cached
ok	/site/core/vendor/simplepie/simplepie/src/Cache/Redis.php	0.00		cached
ok	/site/core/vendor/simplepie/simplepie/src/Caption.php	0.00		cached
ok	/site/core/vendor/simplepie/simplepie/src/Category.php	0.00		cached
ok	/site/core/vendor/simplepie/simplepie/src/Content/Type/Sniffer.php	0.00		cached
ok	/site/core/vendor/simplepie/simplepie/src/Copyright.php	0.00		cached
ok	/site/core/vendor/simplepie/simplepie/src/Credit.php	0.00		cached
ok	/site/core/vendor/simplepie/simplepie/src/Enclosure.php	0.00		cached
ok	/site/core/vendor/simplepie/simplepie/src/Exception.php	0.00		cached
ok	/site/core/vendor/simplepie/simplepie/src/File.php	0.00		cached
ok	/site/core/vendor/simplepie/simplepie/src/Gzdecode.php	0.00		cached
ok	/site/core/vendor/simplepie/simplepie/src/HTTP/Client.php	0.00		cached
ok	/site/core/vendor/simplepie/simplepie/src/HTTP/ClientException.php	0.00		cached
ok	/site/core/vendor/simplepie/simplepie/src/HTTP/FileClient.php	0.00		cached
ok	/site/core/vendor/simplepie/simplepie/src/HTTP/Parser.php	0.00		cached
ok	/site/core/vendor/simplepie/simplepie/src/HTTP/Psr18Client.php	0.00		cached
ok	/site/core/vendor/simplepie/simplepie/src/HTTP/Psr7Response.php	0.00		cached
ok	/site/core/vendor/simplepie/simplepie/src/HTTP/RawTextResponse.php	0.00		cached
ok	/site/core/vendor/simplepie/simplepie/src/HTTP/Response.php	0.00		cached
ok	/site/core/vendor/simplepie/simplepie/src/IRI.php	0.00		cached
fail	/site/core/vendor/simplepie/simplepie/src/Item.php	0.00	compile failed (emit): unsupported: cannot take a storable reference to this expression — it has no address, so the reference would be a copy and every write through it would be lost (:2644)	cached
ok	/site/core/vendor/simplepie/simplepie/src/Locator.php	0.00		cached
ok	/site/core/vendor/simplepie/simplepie/src/Misc.php	0.00		cached
ok	/site/core/vendor/simplepie/simplepie/src/Net/IPv6.php	0.00		cached
ok	/site/core/vendor/simplepie/simplepie/src/Parse/Date.php	0.00		cached
fail	/site/core/vendor/simplepie/simplepie/src/Parser.php	0.00	compile failed (emit): unsupported: a reference into an element of a array-elemented array (`$a[$k] = &$v`) — the element channel is raw and a reference cell is not. See docs/design/reference-cells.md. (:1591)	cached
ok	/site/core/vendor/simplepie/simplepie/src/Rating.php	0.00		cached
ok	/site/core/vendor/simplepie/simplepie/src/Registry.php	0.00		cached
ok	/site/core/vendor/simplepie/simplepie/src/RegistryAware.php	0.00		cached
ok	/site/core/vendor/simplepie/simplepie/src/Restriction.php	0.00		cached
ok	/site/core/vendor/simplepie/simplepie/src/Sanitize.php	0.00		cached
fail	/site/core/vendor/simplepie/simplepie/src/SimplePie.php	0.00	compile failed (emit): unsupported: cannot take a storable reference to this expression — it has no address, so the reference would be a copy and every write through it would be lost (:2644)	cached
fail	/site/core/vendor/simplepie/simplepie/src/Source.php	0.00	compile failed (emit): unsupported: cannot take a storable reference to this expression — it has no address, so the reference would be a copy and every write through it would be lost (:2644)	cached
ok	/site/core/vendor/simplepie/simplepie/src/XML/Declaration/Parser.php	0.00		cached
ok	/site/core/vendor/simplepie/simplepie/utils/PHPStan/RegistryCallMethodReturnTypeExtension.php	0.00		cached
ok	/site/core/vendor/staabm/side-effects-detector/lib/SideEffect.php	0.00		cached
ok	/site/core/vendor/staabm/side-effects-detector/lib/SideEffectsDetector.php	0.00		cached
ok	/site/core/vendor/staabm/side-effects-detector/lib/functionMetadata.php	0.00		cached
ok	/site/core/vendor/symfony/clock/Clock.php	0.00		cached
ok	/site/core/vendor/symfony/clock/ClockAwareTrait.php	0.00		cached
ok	/site/core/vendor/symfony/clock/ClockInterface.php	0.00		cached
ok	/site/core/vendor/symfony/clock/DatePoint.php	0.00		cached
ok	/site/core/vendor/symfony/clock/MockClock.php	0.00		cached
ok	/site/core/vendor/symfony/clock/MonotonicClock.php	0.00		cached
ok	/site/core/vendor/symfony/clock/NativeClock.php	0.00		cached
ok	/site/core/vendor/symfony/clock/Resources/now.php	0.00		cached
ok	/site/core/vendor/symfony/clock/Test/ClockSensitiveTrait.php	0.00		cached
ok	/site/core/vendor/symfony/console/Application.php	0.00		cached
ok	/site/core/vendor/symfony/console/Attribute/Argument.php	0.00		cached
ok	/site/core/vendor/symfony/console/Attribute/AsCommand.php	0.00		cached
ok	/site/core/vendor/symfony/console/Attribute/Ask.php	0.00		cached
ok	/site/core/vendor/symfony/console/Attribute/Interact.php	0.00		cached
ok	/site/core/vendor/symfony/console/Attribute/InteractiveAttributeInterface.php	0.00		cached
ok	/site/core/vendor/symfony/console/Attribute/MapInput.php	0.00		cached
ok	/site/core/vendor/symfony/console/Attribute/Option.php	0.00		cached
ok	/site/core/vendor/symfony/console/Attribute/Reflection/ReflectionMember.php	0.00		cached
ok	/site/core/vendor/symfony/console/CI/GithubActionReporter.php	0.00		cached
ok	/site/core/vendor/symfony/console/Color.php	0.00		cached
ok	/site/core/vendor/symfony/console/Command/Command.php	0.00		cached
ok	/site/core/vendor/symfony/console/Command/CompleteCommand.php	0.00		cached
ok	/site/core/vendor/symfony/console/Command/DumpCompletionCommand.php	0.00		cached
ok	/site/core/vendor/symfony/console/Command/HelpCommand.php	0.00		cached
ok	/site/core/vendor/symfony/console/Command/InvokableCommand.php	0.00		cached
ok	/site/core/vendor/symfony/console/Command/LazyCommand.php	0.00		cached
ok	/site/core/vendor/symfony/console/Command/ListCommand.php	0.00		cached
ok	/site/core/vendor/symfony/console/Command/LockableTrait.php	0.00		cached
ok	/site/core/vendor/symfony/console/Command/SignalableCommandInterface.php	0.00		cached
ok	/site/core/vendor/symfony/console/Command/TraceableCommand.php	0.00		cached
ok	/site/core/vendor/symfony/console/CommandLoader/CommandLoaderInterface.php	0.00		cached
ok	/site/core/vendor/symfony/console/CommandLoader/ContainerCommandLoader.php	0.00		cached
ok	/site/core/vendor/symfony/console/CommandLoader/FactoryCommandLoader.php	0.00		cached
ok	/site/core/vendor/symfony/console/Completion/CompletionInput.php	0.00		cached
ok	/site/core/vendor/symfony/console/Completion/CompletionSuggestions.php	0.00		cached
ok	/site/core/vendor/symfony/console/Completion/Output/BashCompletionOutput.php	0.00		cached
ok	/site/core/vendor/symfony/console/Completion/Output/CompletionOutputInterface.php	0.00		cached
ok	/site/core/vendor/symfony/console/Completion/Output/FishCompletionOutput.php	0.00		cached
ok	/site/core/vendor/symfony/console/Completion/Output/ZshCompletionOutput.php	0.00		cached
ok	/site/core/vendor/symfony/console/Completion/Suggestion.php	0.00		cached
ok	/site/core/vendor/symfony/console/ConsoleEvents.php	0.00		cached
ok	/site/core/vendor/symfony/console/Cursor.php	0.00		cached
ok	/site/core/vendor/symfony/console/DataCollector/CommandDataCollector.php	0.00		cached
ok	/site/core/vendor/symfony/console/Debug/CliRequest.php	0.00		cached
ok	/site/core/vendor/symfony/console/DependencyInjection/AddConsoleCommandPass.php	0.00		cached
ok	/site/core/vendor/symfony/console/Descriptor/ApplicationDescription.php	0.00		cached
ok	/site/core/vendor/symfony/console/Descriptor/Descriptor.php	0.00		cached
ok	/site/core/vendor/symfony/console/Descriptor/DescriptorInterface.php	0.00		cached
ok	/site/core/vendor/symfony/console/Descriptor/JsonDescriptor.php	0.00		cached
ok	/site/core/vendor/symfony/console/Descriptor/MarkdownDescriptor.php	0.00		cached
ok	/site/core/vendor/symfony/console/Descriptor/ReStructuredTextDescriptor.php	0.00		cached
ok	/site/core/vendor/symfony/console/Descriptor/TextDescriptor.php	0.00		cached
ok	/site/core/vendor/symfony/console/Descriptor/XmlDescriptor.php	0.00		cached
ok	/site/core/vendor/symfony/console/Event/ConsoleAlarmEvent.php	0.00		cached
ok	/site/core/vendor/symfony/console/Event/ConsoleCommandEvent.php	0.00		cached
ok	/site/core/vendor/symfony/console/Event/ConsoleErrorEvent.php	0.00		cached
ok	/site/core/vendor/symfony/console/Event/ConsoleEvent.php	0.00		cached
ok	/site/core/vendor/symfony/console/Event/ConsoleSignalEvent.php	0.00		cached
ok	/site/core/vendor/symfony/console/Event/ConsoleTerminateEvent.php	0.00		cached
ok	/site/core/vendor/symfony/console/EventListener/ErrorListener.php	0.00		cached
ok	/site/core/vendor/symfony/console/Exception/CommandNotFoundException.php	0.00		cached
ok	/site/core/vendor/symfony/console/Exception/ExceptionInterface.php	0.00		cached
ok	/site/core/vendor/symfony/console/Exception/InvalidArgumentException.php	0.00		cached
ok	/site/core/vendor/symfony/console/Exception/InvalidOptionException.php	0.00		cached
ok	/site/core/vendor/symfony/console/Exception/LogicException.php	0.00		cached
ok	/site/core/vendor/symfony/console/Exception/MissingInputException.php	0.00		cached
ok	/site/core/vendor/symfony/console/Exception/NamespaceNotFoundException.php	0.00		cached
ok	/site/core/vendor/symfony/console/Exception/RunCommandFailedException.php	0.00		cached
ok	/site/core/vendor/symfony/console/Exception/RuntimeException.php	0.00		cached
ok	/site/core/vendor/symfony/console/Formatter/NullOutputFormatter.php	0.00		cached
ok	/site/core/vendor/symfony/console/Formatter/NullOutputFormatterStyle.php	0.00		cached
ok	/site/core/vendor/symfony/console/Formatter/OutputFormatter.php	0.00		cached
ok	/site/core/vendor/symfony/console/Formatter/OutputFormatterInterface.php	0.00		cached
ok	/site/core/vendor/symfony/console/Formatter/OutputFormatterStyle.php	0.00		cached
ok	/site/core/vendor/symfony/console/Formatter/OutputFormatterStyleInterface.php	0.00		cached
ok	/site/core/vendor/symfony/console/Formatter/OutputFormatterStyleStack.php	0.00		cached
ok	/site/core/vendor/symfony/console/Formatter/WrappableOutputFormatterInterface.php	0.00		cached
ok	/site/core/vendor/symfony/console/Helper/DebugFormatterHelper.php	0.00		cached
ok	/site/core/vendor/symfony/console/Helper/DescriptorHelper.php	0.00		cached
ok	/site/core/vendor/symfony/console/Helper/Dumper.php	0.00		cached
ok	/site/core/vendor/symfony/console/Helper/FormatterHelper.php	0.00		cached
ok	/site/core/vendor/symfony/console/Helper/Helper.php	0.00		cached
ok	/site/core/vendor/symfony/console/Helper/HelperInterface.php	0.00		cached
ok	/site/core/vendor/symfony/console/Helper/HelperSet.php	0.00		cached
ok	/site/core/vendor/symfony/console/Helper/InputAwareHelper.php	0.00		cached
ok	/site/core/vendor/symfony/console/Helper/OutputWrapper.php	0.00		cached
ok	/site/core/vendor/symfony/console/Helper/ProcessHelper.php	0.00		cached
ok	/site/core/vendor/symfony/console/Helper/ProgressBar.php	0.00		cached
ok	/site/core/vendor/symfony/console/Helper/ProgressIndicator.php	0.00		cached
ok	/site/core/vendor/symfony/console/Helper/QuestionHelper.php	0.00		cached
ok	/site/core/vendor/symfony/console/Helper/SymfonyQuestionHelper.php	0.00		cached
ok	/site/core/vendor/symfony/console/Helper/Table.php	0.00		cached
ok	/site/core/vendor/symfony/console/Helper/TableCell.php	0.00		cached
ok	/site/core/vendor/symfony/console/Helper/TableCellStyle.php	0.00		cached
ok	/site/core/vendor/symfony/console/Helper/TableRows.php	0.00		cached
ok	/site/core/vendor/symfony/console/Helper/TableSeparator.php	0.00		cached
ok	/site/core/vendor/symfony/console/Helper/TableStyle.php	0.00		cached
ok	/site/core/vendor/symfony/console/Helper/TerminalInputHelper.php	0.00		cached
ok	/site/core/vendor/symfony/console/Helper/TreeHelper.php	0.00		cached
ok	/site/core/vendor/symfony/console/Helper/TreeNode.php	0.00		cached
ok	/site/core/vendor/symfony/console/Helper/TreeStyle.php	0.00		cached
ok	/site/core/vendor/symfony/console/Input/ArgvInput.php	0.00		cached
ok	/site/core/vendor/symfony/console/Input/ArrayInput.php	0.00		cached
ok	/site/core/vendor/symfony/console/Input/Input.php	0.00		cached
ok	/site/core/vendor/symfony/console/Input/InputArgument.php	0.00		cached
ok	/site/core/vendor/symfony/console/Input/InputAwareInterface.php	0.00		cached
ok	/site/core/vendor/symfony/console/Input/InputDefinition.php	0.00		cached
ok	/site/core/vendor/symfony/console/Input/InputInterface.php	0.00		cached
ok	/site/core/vendor/symfony/console/Input/InputOption.php	0.00		cached
ok	/site/core/vendor/symfony/console/Input/StreamableInputInterface.php	0.00		cached
ok	/site/core/vendor/symfony/console/Input/StringInput.php	0.00		cached
ok	/site/core/vendor/symfony/console/Interaction/Interaction.php	0.00		cached
ok	/site/core/vendor/symfony/console/Logger/ConsoleLogger.php	0.00		cached
ok	/site/core/vendor/symfony/console/Messenger/RunCommandContext.php	0.00		cached
ok	/site/core/vendor/symfony/console/Messenger/RunCommandMessage.php	0.00		cached
ok	/site/core/vendor/symfony/console/Messenger/RunCommandMessageHandler.php	0.00		cached
ok	/site/core/vendor/symfony/console/Output/AnsiColorMode.php	0.00		cached
ok	/site/core/vendor/symfony/console/Output/BufferedOutput.php	0.00		cached
ok	/site/core/vendor/symfony/console/Output/ConsoleOutput.php	0.00		cached
ok	/site/core/vendor/symfony/console/Output/ConsoleOutputInterface.php	0.00		cached
ok	/site/core/vendor/symfony/console/Output/ConsoleSectionOutput.php	0.00		cached
ok	/site/core/vendor/symfony/console/Output/NullOutput.php	0.00		cached
ok	/site/core/vendor/symfony/console/Output/Output.php	0.00		cached
ok	/site/core/vendor/symfony/console/Output/OutputInterface.php	0.00		cached
ok	/site/core/vendor/symfony/console/Output/StreamOutput.php	0.00		cached
ok	/site/core/vendor/symfony/console/Output/TrimmedBufferOutput.php	0.00		cached
ok	/site/core/vendor/symfony/console/Question/ChoiceQuestion.php	0.00		cached
ok	/site/core/vendor/symfony/console/Question/ConfirmationQuestion.php	0.00		cached
ok	/site/core/vendor/symfony/console/Question/Question.php	0.00		cached
ok	/site/core/vendor/symfony/console/SignalRegistry/SignalMap.php	0.00		cached
ok	/site/core/vendor/symfony/console/SignalRegistry/SignalRegistry.php	0.00		cached
ok	/site/core/vendor/symfony/console/SingleCommandApplication.php	0.00		cached
ok	/site/core/vendor/symfony/console/Style/OutputStyle.php	0.00		cached
ok	/site/core/vendor/symfony/console/Style/StyleInterface.php	0.00		cached
ok	/site/core/vendor/symfony/console/Style/SymfonyStyle.php	0.00		cached
ok	/site/core/vendor/symfony/console/Terminal.php	0.00		cached
ok	/site/core/vendor/symfony/console/Tester/ApplicationTester.php	0.00		cached
ok	/site/core/vendor/symfony/console/Tester/CommandCompletionTester.php	0.00		cached
ok	/site/core/vendor/symfony/console/Tester/CommandTester.php	0.00		cached
ok	/site/core/vendor/symfony/console/Tester/Constraint/CommandIsSuccessful.php	0.00		cached
ok	/site/core/vendor/symfony/console/Tester/TesterTrait.php	0.00		cached
ok	/site/core/vendor/symfony/deprecation-contracts/function.php	0.00		cached
ok	/site/core/vendor/symfony/error-handler/BufferingLogger.php	0.00		cached
ok	/site/core/vendor/symfony/error-handler/Command/ErrorDumpCommand.php	0.00		cached
ok	/site/core/vendor/symfony/error-handler/Debug.php	0.00		cached
fail	/site/core/vendor/symfony/error-handler/DebugClassLoader.php	0.00	compile failed (emit): unsupported: cannot take a storable reference to this expression — it has no address, so the reference would be a copy and every write through it would be lost (:2644)	cached
ok	/site/core/vendor/symfony/error-handler/Error/ClassNotFoundError.php	0.00		cached
ok	/site/core/vendor/symfony/error-handler/Error/FatalError.php	0.00		cached
ok	/site/core/vendor/symfony/error-handler/Error/MaxExecutionTimeError.php	0.00		cached
ok	/site/core/vendor/symfony/error-handler/Error/OutOfMemoryError.php	0.00		cached
ok	/site/core/vendor/symfony/error-handler/Error/UndefinedFunctionError.php	0.00		cached
ok	/site/core/vendor/symfony/error-handler/Error/UndefinedMethodError.php	0.00		cached
ok	/site/core/vendor/symfony/error-handler/ErrorEnhancer/ClassNotFoundErrorEnhancer.php	0.00		cached
ok	/site/core/vendor/symfony/error-handler/ErrorEnhancer/ErrorEnhancerInterface.php	0.00		cached
ok	/site/core/vendor/symfony/error-handler/ErrorEnhancer/UndefinedFunctionErrorEnhancer.php	0.00		cached
ok	/site/core/vendor/symfony/error-handler/ErrorEnhancer/UndefinedMethodErrorEnhancer.php	0.00		cached
ok	/site/core/vendor/symfony/error-handler/ErrorHandler.php	0.00		cached
ok	/site/core/vendor/symfony/error-handler/ErrorRenderer/CliErrorRenderer.php	0.00		cached
ok	/site/core/vendor/symfony/error-handler/ErrorRenderer/ErrorRendererInterface.php	0.00		cached
ok	/site/core/vendor/symfony/error-handler/ErrorRenderer/FileLinkFormatter.php	0.00		cached
ok	/site/core/vendor/symfony/error-handler/ErrorRenderer/HtmlErrorRenderer.php	0.00		cached
ok	/site/core/vendor/symfony/error-handler/ErrorRenderer/SerializerErrorRenderer.php	0.00		cached
ok	/site/core/vendor/symfony/error-handler/Exception/FlattenException.php	0.00		cached
ok	/site/core/vendor/symfony/error-handler/Exception/SilencedErrorContext.php	0.00		cached
ok	/site/core/vendor/symfony/error-handler/Internal/TentativeTypes.php	0.00		cached
fail	/site/core/vendor/symfony/error-handler/Resources/assets/images/symfony-ghost.svg.php	0.00	compile failed: MIR.verify: dangling local $this read in __main but never defined	cached
ok	/site/core/vendor/symfony/error-handler/Resources/bin/extract-tentative-return-types.php	0.00		cached
fail	/site/core/vendor/symfony/error-handler/Resources/views/error.html.php	0.00	compile failed: MIR.verify: dangling local $this read in __main but never defined	cached
fail	/site/core/vendor/symfony/error-handler/Resources/views/exception.html.php	0.00	compile failed: MIR.verify: dangling local $exception read in __main but never defined	cached
fail	/site/core/vendor/symfony/error-handler/Resources/views/exception_full.html.php	0.00	compile failed: MIR.verify: dangling local $exceptionMessage read in __main but never defined	cached
fail	/site/core/vendor/symfony/error-handler/Resources/views/logs.html.php	0.00	compile failed: MIR.verify: dangling local $logs read in __main but never defined	cached
fail	/site/core/vendor/symfony/error-handler/Resources/views/trace.html.php	0.00	compile failed: MIR.verify: dangling local $trace read in __main but never defined	cached
fail	/site/core/vendor/symfony/error-handler/Resources/views/traces.html.php	0.00	compile failed: MIR.verify: dangling local $index read in __main but never defined	cached
fail	/site/core/vendor/symfony/error-handler/Resources/views/traces_text.html.php	0.00	compile failed: MIR.verify: dangling local $index read in __main but never defined	cached
ok	/site/core/vendor/symfony/error-handler/ThrowableUtils.php	0.00		cached
ok	/site/core/vendor/symfony/event-dispatcher-contracts/Event.php	0.00		cached
ok	/site/core/vendor/symfony/event-dispatcher-contracts/EventDispatcherInterface.php	0.00		cached
ok	/site/core/vendor/symfony/event-dispatcher/Attribute/AsEventListener.php	0.00		cached
ok	/site/core/vendor/symfony/event-dispatcher/Debug/TraceableEventDispatcher.php	0.00		cached
ok	/site/core/vendor/symfony/event-dispatcher/Debug/WrappedListener.php	0.00		cached
ok	/site/core/vendor/symfony/event-dispatcher/DependencyInjection/AddEventAliasesPass.php	0.00		cached
ok	/site/core/vendor/symfony/event-dispatcher/DependencyInjection/RegisterListenersPass.php	0.00		cached
ok	/site/core/vendor/symfony/event-dispatcher/EventDispatcher.php	0.00		cached
ok	/site/core/vendor/symfony/event-dispatcher/EventDispatcherInterface.php	0.00		cached
ok	/site/core/vendor/symfony/event-dispatcher/EventSubscriberInterface.php	0.00		cached
ok	/site/core/vendor/symfony/event-dispatcher/GenericEvent.php	0.00		cached
ok	/site/core/vendor/symfony/event-dispatcher/ImmutableEventDispatcher.php	0.00		cached
ok	/site/core/vendor/symfony/filesystem/Exception/ExceptionInterface.php	0.00		cached
ok	/site/core/vendor/symfony/filesystem/Exception/FileNotFoundException.php	0.00		cached
ok	/site/core/vendor/symfony/filesystem/Exception/IOException.php	0.00		cached
ok	/site/core/vendor/symfony/filesystem/Exception/IOExceptionInterface.php	0.00		cached
ok	/site/core/vendor/symfony/filesystem/Exception/InvalidArgumentException.php	0.00		cached
ok	/site/core/vendor/symfony/filesystem/Exception/RuntimeException.php	0.00		cached
ok	/site/core/vendor/symfony/filesystem/Filesystem.php	0.00		cached
ok	/site/core/vendor/symfony/filesystem/Path.php	0.00		cached
ok	/site/core/vendor/symfony/finder/Comparator/Comparator.php	0.00		cached
ok	/site/core/vendor/symfony/finder/Comparator/DateComparator.php	0.00		cached
ok	/site/core/vendor/symfony/finder/Comparator/NumberComparator.php	0.00		cached
ok	/site/core/vendor/symfony/finder/Exception/AccessDeniedException.php	0.00		cached
ok	/site/core/vendor/symfony/finder/Exception/DirectoryNotFoundException.php	0.00		cached
ok	/site/core/vendor/symfony/finder/Finder.php	0.00		cached
ok	/site/core/vendor/symfony/finder/Gitignore.php	0.00		cached
ok	/site/core/vendor/symfony/finder/Glob.php	0.00		cached
ok	/site/core/vendor/symfony/finder/Iterator/CustomFilterIterator.php	0.00		cached
ok	/site/core/vendor/symfony/finder/Iterator/DateRangeFilterIterator.php	0.00		cached
ok	/site/core/vendor/symfony/finder/Iterator/DepthRangeFilterIterator.php	0.00		cached
ok	/site/core/vendor/symfony/finder/Iterator/ExcludeDirectoryFilterIterator.php	0.00		cached
ok	/site/core/vendor/symfony/finder/Iterator/FileTypeFilterIterator.php	0.00		cached
ok	/site/core/vendor/symfony/finder/Iterator/FilecontentFilterIterator.php	0.00		cached
ok	/site/core/vendor/symfony/finder/Iterator/FilenameFilterIterator.php	0.00		cached
ok	/site/core/vendor/symfony/finder/Iterator/LazyIterator.php	0.00		cached
ok	/site/core/vendor/symfony/finder/Iterator/MultiplePcreFilterIterator.php	0.00		cached
ok	/site/core/vendor/symfony/finder/Iterator/PathFilterIterator.php	0.00		cached
ok	/site/core/vendor/symfony/finder/Iterator/RecursiveDirectoryIterator.php	0.00		cached
ok	/site/core/vendor/symfony/finder/Iterator/SizeRangeFilterIterator.php	0.00		cached
ok	/site/core/vendor/symfony/finder/Iterator/SortableIterator.php	0.00		cached
fail	/site/core/vendor/symfony/finder/Iterator/VcsIgnoredFilterIterator.php	0.00	line 139: error: Symfony\Component\Finder\Iterator\VcsIgnoredFilterIterator__parentDirectoriesDownwards(): argument 1 to array_reverse() — array ELEMENT repr conflict — string elements read as array (vec[string] given, vec[vec[cell]] expected)	cached
ok	/site/core/vendor/symfony/finder/SplFileInfo.php	0.00		cached
ok	/site/core/vendor/symfony/http-foundation/AcceptHeader.php	0.00		cached
ok	/site/core/vendor/symfony/http-foundation/AcceptHeaderItem.php	0.00		cached
ok	/site/core/vendor/symfony/http-foundation/BinaryFileResponse.php	0.00		cached
ok	/site/core/vendor/symfony/http-foundation/ChainRequestMatcher.php	0.00		cached
ok	/site/core/vendor/symfony/http-foundation/Cookie.php	0.00		cached
ok	/site/core/vendor/symfony/http-foundation/EventStreamResponse.php	0.00		cached
ok	/site/core/vendor/symfony/http-foundation/Exception/BadRequestException.php	0.00		cached
ok	/site/core/vendor/symfony/http-foundation/Exception/ConflictingHeadersException.php	0.00		cached
ok	/site/core/vendor/symfony/http-foundation/Exception/ExceptionInterface.php	0.00		cached
ok	/site/core/vendor/symfony/http-foundation/Exception/ExpiredSignedUriException.php	0.00		cached
ok	/site/core/vendor/symfony/http-foundation/Exception/JsonException.php	0.00		cached
ok	/site/core/vendor/symfony/http-foundation/Exception/LogicException.php	0.00		cached
ok	/site/core/vendor/symfony/http-foundation/Exception/RequestExceptionInterface.php	0.00		cached
ok	/site/core/vendor/symfony/http-foundation/Exception/SessionNotFoundException.php	0.00		cached
ok	/site/core/vendor/symfony/http-foundation/Exception/SignedUriException.php	0.00		cached
ok	/site/core/vendor/symfony/http-foundation/Exception/SuspiciousOperationException.php	0.00		cached
ok	/site/core/vendor/symfony/http-foundation/Exception/UnexpectedValueException.php	0.00		cached
ok	/site/core/vendor/symfony/http-foundation/Exception/UnsignedUriException.php	0.00		cached
ok	/site/core/vendor/symfony/http-foundation/Exception/UnverifiedSignedUriException.php	0.00		cached
ok	/site/core/vendor/symfony/http-foundation/File/Exception/AccessDeniedException.php	0.00		cached
ok	/site/core/vendor/symfony/http-foundation/File/Exception/CannotWriteFileException.php	0.00		cached
ok	/site/core/vendor/symfony/http-foundation/File/Exception/ExtensionFileException.php	0.00		cached
ok	/site/core/vendor/symfony/http-foundation/File/Exception/FileException.php	0.00		cached
ok	/site/core/vendor/symfony/http-foundation/File/Exception/FileNotFoundException.php	0.00		cached
ok	/site/core/vendor/symfony/http-foundation/File/Exception/FormSizeFileException.php	0.00		cached
ok	/site/core/vendor/symfony/http-foundation/File/Exception/IniSizeFileException.php	0.00		cached
ok	/site/core/vendor/symfony/http-foundation/File/Exception/NoFileException.php	0.00		cached
ok	/site/core/vendor/symfony/http-foundation/File/Exception/NoTmpDirFileException.php	0.00		cached
ok	/site/core/vendor/symfony/http-foundation/File/Exception/PartialFileException.php	0.00		cached
ok	/site/core/vendor/symfony/http-foundation/File/Exception/UnexpectedTypeException.php	0.00		cached
ok	/site/core/vendor/symfony/http-foundation/File/Exception/UploadException.php	0.00		cached
ok	/site/core/vendor/symfony/http-foundation/File/File.php	0.00		cached
ok	/site/core/vendor/symfony/http-foundation/File/Stream.php	0.00		cached
ok	/site/core/vendor/symfony/http-foundation/File/UploadedFile.php	0.00		cached
ok	/site/core/vendor/symfony/http-foundation/FileBag.php	0.00		cached
ok	/site/core/vendor/symfony/http-foundation/HeaderBag.php	0.00		cached
ok	/site/core/vendor/symfony/http-foundation/HeaderUtils.php	0.00		cached
ok	/site/core/vendor/symfony/http-foundation/InputBag.php	0.00		cached
ok	/site/core/vendor/symfony/http-foundation/IpUtils.php	0.00		cached
ok	/site/core/vendor/symfony/http-foundation/JsonResponse.php	0.00		cached
ok	/site/core/vendor/symfony/http-foundation/ParameterBag.php	0.00		cached
ok	/site/core/vendor/symfony/http-foundation/RateLimiter/AbstractRequestRateLimiter.php	0.00		cached
ok	/site/core/vendor/symfony/http-foundation/RateLimiter/PeekableRequestRateLimiterInterface.php	0.00		cached
ok	/site/core/vendor/symfony/http-foundation/RateLimiter/RequestRateLimiterInterface.php	0.00		cached
ok	/site/core/vendor/symfony/http-foundation/RedirectResponse.php	0.00		cached
ok	/site/core/vendor/symfony/http-foundation/Request.php	0.00		cached
ok	/site/core/vendor/symfony/http-foundation/RequestMatcher/AttributesRequestMatcher.php	0.00		cached
ok	/site/core/vendor/symfony/http-foundation/RequestMatcher/ExpressionRequestMatcher.php	0.00		cached
ok	/site/core/vendor/symfony/http-foundation/RequestMatcher/HeaderRequestMatcher.php	0.00		cached
ok	/site/core/vendor/symfony/http-foundation/RequestMatcher/HostRequestMatcher.php	0.00		cached
ok	/site/core/vendor/symfony/http-foundation/RequestMatcher/IpsRequestMatcher.php	0.00		cached
ok	/site/core/vendor/symfony/http-foundation/RequestMatcher/IsJsonRequestMatcher.php	0.00		cached
ok	/site/core/vendor/symfony/http-foundation/RequestMatcher/MethodRequestMatcher.php	0.00		cached
ok	/site/core/vendor/symfony/http-foundation/RequestMatcher/PathRequestMatcher.php	0.00		cached
ok	/site/core/vendor/symfony/http-foundation/RequestMatcher/PortRequestMatcher.php	0.00		cached
ok	/site/core/vendor/symfony/http-foundation/RequestMatcher/QueryParameterRequestMatcher.php	0.00		cached
ok	/site/core/vendor/symfony/http-foundation/RequestMatcher/SchemeRequestMatcher.php	0.00		cached
ok	/site/core/vendor/symfony/http-foundation/RequestMatcherInterface.php	0.00		cached
fail	/site/core/vendor/symfony/http-foundation/RequestStack.php	0.00	compile failed: MIR.lower: unsupported assign target kind StaticAccess at /site/core/vendor/symfony/http-foundation/RequestStack.php:121	cached
ok	/site/core/vendor/symfony/http-foundation/Response.php	0.00		cached
ok	/site/core/vendor/symfony/http-foundation/ResponseHeaderBag.php	0.00		cached
ok	/site/core/vendor/symfony/http-foundation/ServerBag.php	0.00		cached
ok	/site/core/vendor/symfony/http-foundation/ServerEvent.php	0.00		cached
ok	/site/core/vendor/symfony/http-foundation/Session/Attribute/AttributeBag.php	0.00		cached
ok	/site/core/vendor/symfony/http-foundation/Session/Attribute/AttributeBagInterface.php	0.00		cached
ok	/site/core/vendor/symfony/http-foundation/Session/Flash/AutoExpireFlashBag.php	0.00		cached
ok	/site/core/vendor/symfony/http-foundation/Session/Flash/FlashBag.php	0.00		cached
ok	/site/core/vendor/symfony/http-foundation/Session/Flash/FlashBagInterface.php	0.00		cached
ok	/site/core/vendor/symfony/http-foundation/Session/FlashBagAwareSessionInterface.php	0.00		cached
ok	/site/core/vendor/symfony/http-foundation/Session/Session.php	0.00		cached
ok	/site/core/vendor/symfony/http-foundation/Session/SessionBagInterface.php	0.00		cached
ok	/site/core/vendor/symfony/http-foundation/Session/SessionBagProxy.php	0.00		cached
ok	/site/core/vendor/symfony/http-foundation/Session/SessionFactory.php	0.00		cached
ok	/site/core/vendor/symfony/http-foundation/Session/SessionFactoryInterface.php	0.00		cached
ok	/site/core/vendor/symfony/http-foundation/Session/SessionInterface.php	0.00		cached
ok	/site/core/vendor/symfony/http-foundation/Session/SessionUtils.php	0.00		cached
ok	/site/core/vendor/symfony/http-foundation/Session/Storage/Handler/AbstractSessionHandler.php	0.00		cached
ok	/site/core/vendor/symfony/http-foundation/Session/Storage/Handler/IdentityMarshaller.php	0.00		cached
ok	/site/core/vendor/symfony/http-foundation/Session/Storage/Handler/MarshallingSessionHandler.php	0.00		cached
ok	/site/core/vendor/symfony/http-foundation/Session/Storage/Handler/MemcachedSessionHandler.php	0.00		cached
ok	/site/core/vendor/symfony/http-foundation/Session/Storage/Handler/MigratingSessionHandler.php	0.00		cached
ok	/site/core/vendor/symfony/http-foundation/Session/Storage/Handler/MongoDbSessionHandler.php	0.00		cached
ok	/site/core/vendor/symfony/http-foundation/Session/Storage/Handler/NativeFileSessionHandler.php	0.00		cached
ok	/site/core/vendor/symfony/http-foundation/Session/Storage/Handler/NullSessionHandler.php	0.00		cached
ok	/site/core/vendor/symfony/http-foundation/Session/Storage/Handler/PdoSessionHandler.php	0.00		cached
ok	/site/core/vendor/symfony/http-foundation/Session/Storage/Handler/RedisSessionHandler.php	0.00		cached
ok	/site/core/vendor/symfony/http-foundation/Session/Storage/Handler/SessionHandlerFactory.php	0.00		cached
ok	/site/core/vendor/symfony/http-foundation/Session/Storage/Handler/StrictSessionHandler.php	0.00		cached
ok	/site/core/vendor/symfony/http-foundation/Session/Storage/MetadataBag.php	0.00		cached
ok	/site/core/vendor/symfony/http-foundation/Session/Storage/MockArraySessionStorage.php	0.00		cached
ok	/site/core/vendor/symfony/http-foundation/Session/Storage/MockFileSessionStorage.php	0.00		cached
ok	/site/core/vendor/symfony/http-foundation/Session/Storage/MockFileSessionStorageFactory.php	0.00		cached
ok	/site/core/vendor/symfony/http-foundation/Session/Storage/NativeSessionStorage.php	0.00		cached
ok	/site/core/vendor/symfony/http-foundation/Session/Storage/NativeSessionStorageFactory.php	0.00		cached
ok	/site/core/vendor/symfony/http-foundation/Session/Storage/PhpBridgeSessionStorage.php	0.00		cached
ok	/site/core/vendor/symfony/http-foundation/Session/Storage/PhpBridgeSessionStorageFactory.php	0.00		cached
ok	/site/core/vendor/symfony/http-foundation/Session/Storage/Proxy/AbstractProxy.php	0.00		cached
ok	/site/core/vendor/symfony/http-foundation/Session/Storage/Proxy/SessionHandlerProxy.php	0.00		cached
ok	/site/core/vendor/symfony/http-foundation/Session/Storage/SessionStorageFactoryInterface.php	0.00		cached
ok	/site/core/vendor/symfony/http-foundation/Session/Storage/SessionStorageInterface.php	0.00		cached
ok	/site/core/vendor/symfony/http-foundation/StreamedJsonResponse.php	0.00		cached
ok	/site/core/vendor/symfony/http-foundation/StreamedResponse.php	0.00		cached
ok	/site/core/vendor/symfony/http-foundation/Test/Constraint/RequestAttributeValueSame.php	0.00		cached
ok	/site/core/vendor/symfony/http-foundation/Test/Constraint/ResponseCookieValueSame.php	0.00		cached
ok	/site/core/vendor/symfony/http-foundation/Test/Constraint/ResponseFormatSame.php	0.00		cached
ok	/site/core/vendor/symfony/http-foundation/Test/Constraint/ResponseHasCookie.php	0.00		cached
ok	/site/core/vendor/symfony/http-foundation/Test/Constraint/ResponseHasHeader.php	0.00		cached
ok	/site/core/vendor/symfony/http-foundation/Test/Constraint/ResponseHeaderLocationSame.php	0.00		cached
ok	/site/core/vendor/symfony/http-foundation/Test/Constraint/ResponseHeaderSame.php	0.00		cached
ok	/site/core/vendor/symfony/http-foundation/Test/Constraint/ResponseIsRedirected.php	0.00		cached
ok	/site/core/vendor/symfony/http-foundation/Test/Constraint/ResponseIsSuccessful.php	0.00		cached
ok	/site/core/vendor/symfony/http-foundation/Test/Constraint/ResponseIsUnprocessable.php	0.00		cached
ok	/site/core/vendor/symfony/http-foundation/Test/Constraint/ResponseStatusCodeSame.php	0.00		cached
ok	/site/core/vendor/symfony/http-foundation/UriSigner.php	0.00		cached
ok	/site/core/vendor/symfony/http-foundation/UrlHelper.php	0.00		cached
ok	/site/core/vendor/symfony/http-kernel/Attribute/AsController.php	0.00		cached
ok	/site/core/vendor/symfony/http-kernel/Attribute/AsTargetedValueResolver.php	0.00		cached
ok	/site/core/vendor/symfony/http-kernel/Attribute/Cache.php	0.00		cached
ok	/site/core/vendor/symfony/http-kernel/Attribute/IsSignatureValid.php	0.00		cached
ok	/site/core/vendor/symfony/http-kernel/Attribute/MapDateTime.php	0.00		cached
ok	/site/core/vendor/symfony/http-kernel/Attribute/MapQueryParameter.php	0.00		cached
ok	/site/core/vendor/symfony/http-kernel/Attribute/MapQueryString.php	0.00		cached
ok	/site/core/vendor/symfony/http-kernel/Attribute/MapRequestPayload.php	0.00		cached
ok	/site/core/vendor/symfony/http-kernel/Attribute/MapUploadedFile.php	0.00		cached
ok	/site/core/vendor/symfony/http-kernel/Attribute/ValueResolver.php	0.00		cached
ok	/site/core/vendor/symfony/http-kernel/Attribute/WithHttpStatus.php	0.00		cached
ok	/site/core/vendor/symfony/http-kernel/Attribute/WithLogLevel.php	0.00		cached
ok	/site/core/vendor/symfony/http-kernel/Bundle/AbstractBundle.php	0.00		cached
ok	/site/core/vendor/symfony/http-kernel/Bundle/Bundle.php	0.00		cached
ok	/site/core/vendor/symfony/http-kernel/Bundle/BundleExtension.php	0.00		cached
ok	/site/core/vendor/symfony/http-kernel/Bundle/BundleInterface.php	0.00		cached
ok	/site/core/vendor/symfony/http-kernel/CacheClearer/CacheClearerInterface.php	0.00		cached
ok	/site/core/vendor/symfony/http-kernel/CacheClearer/ChainCacheClearer.php	0.00		cached
ok	/site/core/vendor/symfony/http-kernel/CacheClearer/Psr6CacheClearer.php	0.00		cached
ok	/site/core/vendor/symfony/http-kernel/CacheWarmer/CacheWarmer.php	0.00		cached
ok	/site/core/vendor/symfony/http-kernel/CacheWarmer/CacheWarmerAggregate.php	0.00		cached
ok	/site/core/vendor/symfony/http-kernel/CacheWarmer/CacheWarmerInterface.php	0.00		cached
ok	/site/core/vendor/symfony/http-kernel/CacheWarmer/WarmableInterface.php	0.00		cached
ok	/site/core/vendor/symfony/http-kernel/Config/FileLocator.php	0.00		cached
ok	/site/core/vendor/symfony/http-kernel/Controller/ArgumentResolver.php	0.00		cached
ok	/site/core/vendor/symfony/http-kernel/Controller/ArgumentResolver/BackedEnumValueResolver.php	0.00		cached
ok	/site/core/vendor/symfony/http-kernel/Controller/ArgumentResolver/DateTimeValueResolver.php	0.00		cached
ok	/site/core/vendor/symfony/http-kernel/Controller/ArgumentResolver/DefaultValueResolver.php	0.00		cached
ok	/site/core/vendor/symfony/http-kernel/Controller/ArgumentResolver/NotTaggedControllerValueResolver.php	0.00		cached
ok	/site/core/vendor/symfony/http-kernel/Controller/ArgumentResolver/QueryParameterValueResolver.php	0.00		cached
ok	/site/core/vendor/symfony/http-kernel/Controller/ArgumentResolver/RequestAttributeValueResolver.php	0.00		cached
ok	/site/core/vendor/symfony/http-kernel/Controller/ArgumentResolver/RequestPayloadValueResolver.php	0.00		cached
ok	/site/core/vendor/symfony/http-kernel/Controller/ArgumentResolver/RequestValueResolver.php	0.00		cached
ok	/site/core/vendor/symfony/http-kernel/Controller/ArgumentResolver/ServiceValueResolver.php	0.00		cached
ok	/site/core/vendor/symfony/http-kernel/Controller/ArgumentResolver/SessionValueResolver.php	0.00		cached
ok	/site/core/vendor/symfony/http-kernel/Controller/ArgumentResolver/TraceableValueResolver.php	0.00		cached
ok	/site/core/vendor/symfony/http-kernel/Controller/ArgumentResolver/UidValueResolver.php	0.00		cached
ok	/site/core/vendor/symfony/http-kernel/Controller/ArgumentResolver/VariadicValueResolver.php	0.00		cached
ok	/site/core/vendor/symfony/http-kernel/Controller/ArgumentResolverInterface.php	0.00		cached
ok	/site/core/vendor/symfony/http-kernel/Controller/ContainerControllerResolver.php	0.00		cached
ok	/site/core/vendor/symfony/http-kernel/Controller/ControllerReference.php	0.00		cached
ok	/site/core/vendor/symfony/http-kernel/Controller/ControllerResolver.php	0.00		cached
ok	/site/core/vendor/symfony/http-kernel/Controller/ControllerResolverInterface.php	0.00		cached
ok	/site/core/vendor/symfony/http-kernel/Controller/ErrorController.php	0.00		cached
ok	/site/core/vendor/symfony/http-kernel/Controller/TraceableArgumentResolver.php	0.00		cached
ok	/site/core/vendor/symfony/http-kernel/Controller/TraceableControllerResolver.php	0.00		cached
ok	/site/core/vendor/symfony/http-kernel/Controller/ValueResolverInterface.php	0.00		cached
ok	/site/core/vendor/symfony/http-kernel/ControllerMetadata/ArgumentMetadata.php	0.00		cached
ok	/site/core/vendor/symfony/http-kernel/ControllerMetadata/ArgumentMetadataFactory.php	0.00		cached
ok	/site/core/vendor/symfony/http-kernel/ControllerMetadata/ArgumentMetadataFactoryInterface.php	0.00		cached
ok	/site/core/vendor/symfony/http-kernel/DataCollector/AjaxDataCollector.php	0.00		cached
ok	/site/core/vendor/symfony/http-kernel/DataCollector/ConfigDataCollector.php	0.00		cached
ok	/site/core/vendor/symfony/http-kernel/DataCollector/DataCollector.php	0.00		cached
ok	/site/core/vendor/symfony/http-kernel/DataCollector/DataCollectorInterface.php	0.00		cached
fail	/site/core/vendor/symfony/http-kernel/DataCollector/DumpDataCollector.php	0.00	compile failed (emit): unsupported: cannot take a storable reference to this expression — it has no address, so the reference would be a copy and every write through it would be lost (:2644)	cached
ok	/site/core/vendor/symfony/http-kernel/DataCollector/EventDataCollector.php	0.00		cached
ok	/site/core/vendor/symfony/http-kernel/DataCollector/ExceptionDataCollector.php	0.00		cached
ok	/site/core/vendor/symfony/http-kernel/DataCollector/LateDataCollectorInterface.php	0.00		cached
ok	/site/core/vendor/symfony/http-kernel/DataCollector/LoggerDataCollector.php	0.00		cached
ok	/site/core/vendor/symfony/http-kernel/DataCollector/MemoryDataCollector.php	0.00		cached
ok	/site/core/vendor/symfony/http-kernel/DataCollector/RequestDataCollector.php	0.00		cached
ok	/site/core/vendor/symfony/http-kernel/DataCollector/RouterDataCollector.php	0.00		cached
ok	/site/core/vendor/symfony/http-kernel/DataCollector/TimeDataCollector.php	0.00		cached
ok	/site/core/vendor/symfony/http-kernel/Debug/ErrorHandlerConfigurator.php	0.00		cached
ok	/site/core/vendor/symfony/http-kernel/Debug/TraceableEventDispatcher.php	0.00		cached
ok	/site/core/vendor/symfony/http-kernel/Debug/VirtualRequestStack.php	0.00		cached
ok	/site/core/vendor/symfony/http-kernel/DependencyInjection/AddAnnotatedClassesToCachePass.php	0.00		cached
ok	/site/core/vendor/symfony/http-kernel/DependencyInjection/ConfigurableExtension.php	0.00		cached
ok	/site/core/vendor/symfony/http-kernel/DependencyInjection/ControllerArgumentValueResolverPass.php	0.00		cached
ok	/site/core/vendor/symfony/http-kernel/DependencyInjection/Extension.php	0.00		cached
ok	/site/core/vendor/symfony/http-kernel/DependencyInjection/FragmentRendererPass.php	0.00		cached
ok	/site/core/vendor/symfony/http-kernel/DependencyInjection/LazyLoadingFragmentHandler.php	0.00		cached
ok	/site/core/vendor/symfony/http-kernel/DependencyInjection/LoggerPass.php	0.00		cached
ok	/site/core/vendor/symfony/http-kernel/DependencyInjection/MergeExtensionConfigurationPass.php	0.00		cached
ok	/site/core/vendor/symfony/http-kernel/DependencyInjection/RegisterControllerArgumentLocatorsPass.php	0.00		cached
ok	/site/core/vendor/symfony/http-kernel/DependencyInjection/RegisterLocaleAwareServicesPass.php	0.00		cached
ok	/site/core/vendor/symfony/http-kernel/DependencyInjection/RemoveEmptyControllerArgumentLocatorsPass.php	0.00		cached
ok	/site/core/vendor/symfony/http-kernel/DependencyInjection/ResettableServicePass.php	0.00		cached
ok	/site/core/vendor/symfony/http-kernel/DependencyInjection/ServicesResetter.php	0.00		cached
ok	/site/core/vendor/symfony/http-kernel/DependencyInjection/ServicesResetterInterface.php	0.00		cached
ok	/site/core/vendor/symfony/http-kernel/Event/ControllerArgumentsEvent.php	0.00		cached
ok	/site/core/vendor/symfony/http-kernel/Event/ControllerEvent.php	0.00		cached
ok	/site/core/vendor/symfony/http-kernel/Event/ExceptionEvent.php	0.00		cached
ok	/site/core/vendor/symfony/http-kernel/Event/FinishRequestEvent.php	0.00		cached
ok	/site/core/vendor/symfony/http-kernel/Event/KernelEvent.php	0.00		cached
ok	/site/core/vendor/symfony/http-kernel/Event/RequestEvent.php	0.00		cached
ok	/site/core/vendor/symfony/http-kernel/Event/ResponseEvent.php	0.00		cached
ok	/site/core/vendor/symfony/http-kernel/Event/TerminateEvent.php	0.00		cached
ok	/site/core/vendor/symfony/http-kernel/Event/ViewEvent.php	0.00		cached
ok	/site/core/vendor/symfony/http-kernel/EventListener/AbstractSessionListener.php	0.00		cached
ok	/site/core/vendor/symfony/http-kernel/EventListener/AddRequestFormatsListener.php	0.00		cached
ok	/site/core/vendor/symfony/http-kernel/EventListener/CacheAttributeListener.php	0.00		cached
ok	/site/core/vendor/symfony/http-kernel/EventListener/DebugHandlersListener.php	0.00		cached
ok	/site/core/vendor/symfony/http-kernel/EventListener/DisallowRobotsIndexingListener.php	0.00		cached
ok	/site/core/vendor/symfony/http-kernel/EventListener/DumpListener.php	0.00		cached
ok	/site/core/vendor/symfony/http-kernel/EventListener/ErrorListener.php	0.00		cached
ok	/site/core/vendor/symfony/http-kernel/EventListener/FragmentListener.php	0.00		cached
ok	/site/core/vendor/symfony/http-kernel/EventListener/IsSignatureValidAttributeListener.php	0.00		cached
ok	/site/core/vendor/symfony/http-kernel/EventListener/LocaleAwareListener.php	0.00		cached
ok	/site/core/vendor/symfony/http-kernel/EventListener/LocaleListener.php	0.00		cached
ok	/site/core/vendor/symfony/http-kernel/EventListener/ProfilerListener.php	0.00		cached
ok	/site/core/vendor/symfony/http-kernel/EventListener/ResponseListener.php	0.00		cached
ok	/site/core/vendor/symfony/http-kernel/EventListener/RouterListener.php	0.00		cached
ok	/site/core/vendor/symfony/http-kernel/EventListener/SessionListener.php	0.00		cached
ok	/site/core/vendor/symfony/http-kernel/EventListener/SurrogateListener.php	0.00		cached
ok	/site/core/vendor/symfony/http-kernel/EventListener/ValidateRequestListener.php	0.00		cached
ok	/site/core/vendor/symfony/http-kernel/Exception/AccessDeniedHttpException.php	0.00		cached
ok	/site/core/vendor/symfony/http-kernel/Exception/BadRequestHttpException.php	0.00		cached
ok	/site/core/vendor/symfony/http-kernel/Exception/ConflictHttpException.php	0.00		cached
ok	/site/core/vendor/symfony/http-kernel/Exception/ControllerDoesNotReturnResponseException.php	0.00		cached
ok	/site/core/vendor/symfony/http-kernel/Exception/GoneHttpException.php	0.00		cached
ok	/site/core/vendor/symfony/http-kernel/Exception/HttpException.php	0.00		cached
ok	/site/core/vendor/symfony/http-kernel/Exception/HttpExceptionInterface.php	0.00		cached
ok	/site/core/vendor/symfony/http-kernel/Exception/InvalidMetadataException.php	0.00		cached
ok	/site/core/vendor/symfony/http-kernel/Exception/LengthRequiredHttpException.php	0.00		cached
ok	/site/core/vendor/symfony/http-kernel/Exception/LockedHttpException.php	0.00		cached
ok	/site/core/vendor/symfony/http-kernel/Exception/MethodNotAllowedHttpException.php	0.00		cached
ok	/site/core/vendor/symfony/http-kernel/Exception/NearMissValueResolverException.php	0.00		cached
ok	/site/core/vendor/symfony/http-kernel/Exception/NotAcceptableHttpException.php	0.00		cached
ok	/site/core/vendor/symfony/http-kernel/Exception/NotFoundHttpException.php	0.00		cached
ok	/site/core/vendor/symfony/http-kernel/Exception/PreconditionFailedHttpException.php	0.00		cached
ok	/site/core/vendor/symfony/http-kernel/Exception/PreconditionRequiredHttpException.php	0.00		cached
ok	/site/core/vendor/symfony/http-kernel/Exception/ResolverNotFoundException.php	0.00		cached
ok	/site/core/vendor/symfony/http-kernel/Exception/ServiceUnavailableHttpException.php	0.00		cached
ok	/site/core/vendor/symfony/http-kernel/Exception/TooManyRequestsHttpException.php	0.00		cached
ok	/site/core/vendor/symfony/http-kernel/Exception/UnauthorizedHttpException.php	0.00		cached
ok	/site/core/vendor/symfony/http-kernel/Exception/UnexpectedSessionUsageException.php	0.00		cached
ok	/site/core/vendor/symfony/http-kernel/Exception/UnprocessableEntityHttpException.php	0.00		cached
ok	/site/core/vendor/symfony/http-kernel/Exception/UnsupportedMediaTypeHttpException.php	0.00		cached
ok	/site/core/vendor/symfony/http-kernel/Fragment/AbstractSurrogateFragmentRenderer.php	0.00		cached
ok	/site/core/vendor/symfony/http-kernel/Fragment/EsiFragmentRenderer.php	0.00		cached
ok	/site/core/vendor/symfony/http-kernel/Fragment/FragmentHandler.php	0.00		cached
ok	/site/core/vendor/symfony/http-kernel/Fragment/FragmentRendererInterface.php	0.00		cached
ok	/site/core/vendor/symfony/http-kernel/Fragment/FragmentUriGenerator.php	0.00		cached
ok	/site/core/vendor/symfony/http-kernel/Fragment/FragmentUriGeneratorInterface.php	0.00		cached
ok	/site/core/vendor/symfony/http-kernel/Fragment/HIncludeFragmentRenderer.php	0.00		cached
ok	/site/core/vendor/symfony/http-kernel/Fragment/InlineFragmentRenderer.php	0.00		cached
ok	/site/core/vendor/symfony/http-kernel/Fragment/RoutableFragmentRenderer.php	0.00		cached
ok	/site/core/vendor/symfony/http-kernel/Fragment/SsiFragmentRenderer.php	0.00		cached
ok	/site/core/vendor/symfony/http-kernel/HttpCache/AbstractSurrogate.php	0.00		cached
ok	/site/core/vendor/symfony/http-kernel/HttpCache/CacheWasLockedException.php	0.00		cached
ok	/site/core/vendor/symfony/http-kernel/HttpCache/Esi.php	0.00		cached
ok	/site/core/vendor/symfony/http-kernel/HttpCache/HttpCache.php	0.00		cached
ok	/site/core/vendor/symfony/http-kernel/HttpCache/ResponseCacheStrategy.php	0.00		cached
ok	/site/core/vendor/symfony/http-kernel/HttpCache/ResponseCacheStrategyInterface.php	0.00		cached
ok	/site/core/vendor/symfony/http-kernel/HttpCache/Ssi.php	0.00		cached
ok	/site/core/vendor/symfony/http-kernel/HttpCache/Store.php	0.00		cached
ok	/site/core/vendor/symfony/http-kernel/HttpCache/StoreInterface.php	0.00		cached
ok	/site/core/vendor/symfony/http-kernel/HttpCache/SubRequestHandler.php	0.00		cached
ok	/site/core/vendor/symfony/http-kernel/HttpCache/SurrogateInterface.php	0.00		cached
ok	/site/core/vendor/symfony/http-kernel/HttpClientKernel.php	0.00		cached
ok	/site/core/vendor/symfony/http-kernel/HttpKernel.php	0.00		cached
ok	/site/core/vendor/symfony/http-kernel/HttpKernelBrowser.php	0.00		cached
ok	/site/core/vendor/symfony/http-kernel/HttpKernelInterface.php	0.00		cached
ok	/site/core/vendor/symfony/http-kernel/Kernel.php	0.00		cached
ok	/site/core/vendor/symfony/http-kernel/KernelEvents.php	0.00		cached
ok	/site/core/vendor/symfony/http-kernel/KernelInterface.php	0.00		cached
ok	/site/core/vendor/symfony/http-kernel/Log/DebugLoggerConfigurator.php	0.00		cached
ok	/site/core/vendor/symfony/http-kernel/Log/DebugLoggerInterface.php	0.00		cached
ok	/site/core/vendor/symfony/http-kernel/Log/Logger.php	0.00		cached
ok	/site/core/vendor/symfony/http-kernel/Profiler/FileProfilerStorage.php	0.00		cached
ok	/site/core/vendor/symfony/http-kernel/Profiler/Profile.php	0.00		cached
ok	/site/core/vendor/symfony/http-kernel/Profiler/Profiler.php	0.00		cached
ok	/site/core/vendor/symfony/http-kernel/Profiler/ProfilerStateChecker.php	0.00		cached
ok	/site/core/vendor/symfony/http-kernel/Profiler/ProfilerStorageInterface.php	0.00		cached
ok	/site/core/vendor/symfony/http-kernel/RebootableInterface.php	0.00		cached
fail	/site/core/vendor/symfony/http-kernel/Resources/welcome.html.php	0.00	compile failed: MIR.verify: dangling local $version read in __main but never defined	cached
ok	/site/core/vendor/symfony/http-kernel/TerminableInterface.php	0.00		cached
ok	/site/core/vendor/symfony/mime/Address.php	0.00		cached
ok	/site/core/vendor/symfony/mime/BodyRendererInterface.php	0.00		cached
ok	/site/core/vendor/symfony/mime/CharacterStream.php	0.00		cached
ok	/site/core/vendor/symfony/mime/Crypto/DkimOptions.php	0.00		cached
ok	/site/core/vendor/symfony/mime/Crypto/DkimSigner.php	0.00		cached
ok	/site/core/vendor/symfony/mime/Crypto/SMime.php	0.00		cached
ok	/site/core/vendor/symfony/mime/Crypto/SMimeEncrypter.php	0.00		cached
ok	/site/core/vendor/symfony/mime/Crypto/SMimeSigner.php	0.00		cached
ok	/site/core/vendor/symfony/mime/DependencyInjection/AddMimeTypeGuesserPass.php	0.00		cached
ok	/site/core/vendor/symfony/mime/DraftEmail.php	0.00		cached
ok	/site/core/vendor/symfony/mime/Email.php	0.00		cached
ok	/site/core/vendor/symfony/mime/Encoder/AddressEncoderInterface.php	0.00		cached
ok	/site/core/vendor/symfony/mime/Encoder/Base64ContentEncoder.php	0.00		cached
ok	/site/core/vendor/symfony/mime/Encoder/Base64Encoder.php	0.00		cached
ok	/site/core/vendor/symfony/mime/Encoder/Base64MimeHeaderEncoder.php	0.00		cached
ok	/site/core/vendor/symfony/mime/Encoder/ContentEncoderInterface.php	0.00		cached
ok	/site/core/vendor/symfony/mime/Encoder/EightBitContentEncoder.php	0.00		cached
ok	/site/core/vendor/symfony/mime/Encoder/EncoderInterface.php	0.00		cached
ok	/site/core/vendor/symfony/mime/Encoder/IdnAddressEncoder.php	0.00		cached
ok	/site/core/vendor/symfony/mime/Encoder/MimeHeaderEncoderInterface.php	0.00		cached
ok	/site/core/vendor/symfony/mime/Encoder/QpContentEncoder.php	0.00		cached
ok	/site/core/vendor/symfony/mime/Encoder/QpEncoder.php	0.00		cached
ok	/site/core/vendor/symfony/mime/Encoder/QpMimeHeaderEncoder.php	0.00		cached
ok	/site/core/vendor/symfony/mime/Encoder/Rfc2231Encoder.php	0.00		cached
ok	/site/core/vendor/symfony/mime/Exception/AddressEncoderException.php	0.00		cached
ok	/site/core/vendor/symfony/mime/Exception/ExceptionInterface.php	0.00		cached
ok	/site/core/vendor/symfony/mime/Exception/InvalidArgumentException.php	0.00		cached
ok	/site/core/vendor/symfony/mime/Exception/LogicException.php	0.00		cached
ok	/site/core/vendor/symfony/mime/Exception/RfcComplianceException.php	0.00		cached
ok	/site/core/vendor/symfony/mime/Exception/RuntimeException.php	0.00		cached
ok	/site/core/vendor/symfony/mime/FileBinaryMimeTypeGuesser.php	0.00		cached
ok	/site/core/vendor/symfony/mime/FileinfoMimeTypeGuesser.php	0.00		cached
ok	/site/core/vendor/symfony/mime/Header/AbstractHeader.php	0.00		cached
ok	/site/core/vendor/symfony/mime/Header/DateHeader.php	0.00		cached
ok	/site/core/vendor/symfony/mime/Header/HeaderInterface.php	0.00		cached
ok	/site/core/vendor/symfony/mime/Header/Headers.php	0.00		cached
ok	/site/core/vendor/symfony/mime/Header/IdentificationHeader.php	0.00		cached
ok	/site/core/vendor/symfony/mime/Header/MailboxHeader.php	0.00		cached
ok	/site/core/vendor/symfony/mime/Header/MailboxListHeader.php	0.00		cached
ok	/site/core/vendor/symfony/mime/Header/ParameterizedHeader.php	0.00		cached
ok	/site/core/vendor/symfony/mime/Header/PathHeader.php	0.00		cached
ok	/site/core/vendor/symfony/mime/Header/UnstructuredHeader.php	0.00		cached
ok	/site/core/vendor/symfony/mime/HtmlToTextConverter/DefaultHtmlToTextConverter.php	0.00		cached
ok	/site/core/vendor/symfony/mime/HtmlToTextConverter/HtmlToTextConverterInterface.php	0.00		cached
ok	/site/core/vendor/symfony/mime/HtmlToTextConverter/LeagueHtmlToMarkdownConverter.php	0.00		cached
ok	/site/core/vendor/symfony/mime/Message.php	0.00		cached
ok	/site/core/vendor/symfony/mime/MessageConverter.php	0.00		cached
ok	/site/core/vendor/symfony/mime/MimeTypeGuesserInterface.php	0.00		cached
ok	/site/core/vendor/symfony/mime/MimeTypes.php	0.00		cached
ok	/site/core/vendor/symfony/mime/MimeTypesInterface.php	0.00		cached
ok	/site/core/vendor/symfony/mime/Part/AbstractMultipartPart.php	0.00		cached
ok	/site/core/vendor/symfony/mime/Part/AbstractPart.php	0.00		cached
ok	/site/core/vendor/symfony/mime/Part/DataPart.php	0.00		cached
ok	/site/core/vendor/symfony/mime/Part/File.php	0.00		cached
ok	/site/core/vendor/symfony/mime/Part/MessagePart.php	0.00		cached
ok	/site/core/vendor/symfony/mime/Part/Multipart/AlternativePart.php	0.00		cached
ok	/site/core/vendor/symfony/mime/Part/Multipart/DigestPart.php	0.00		cached
ok	/site/core/vendor/symfony/mime/Part/Multipart/FormDataPart.php	0.00		cached
ok	/site/core/vendor/symfony/mime/Part/Multipart/MixedPart.php	0.00		cached
ok	/site/core/vendor/symfony/mime/Part/Multipart/RelatedPart.php	0.00		cached
ok	/site/core/vendor/symfony/mime/Part/SMimePart.php	0.00		cached
ok	/site/core/vendor/symfony/mime/Part/TextPart.php	0.00		cached
ok	/site/core/vendor/symfony/mime/RawMessage.php	0.00		cached
ok	/site/core/vendor/symfony/mime/Test/Constraint/EmailAddressContains.php	0.00		cached
ok	/site/core/vendor/symfony/mime/Test/Constraint/EmailAttachmentCount.php	0.00		cached
ok	/site/core/vendor/symfony/mime/Test/Constraint/EmailHasHeader.php	0.00		cached
ok	/site/core/vendor/symfony/mime/Test/Constraint/EmailHeaderSame.php	0.00		cached
ok	/site/core/vendor/symfony/mime/Test/Constraint/EmailHtmlBodyContains.php	0.00		cached
ok	/site/core/vendor/symfony/mime/Test/Constraint/EmailSubjectContains.php	0.00		cached
ok	/site/core/vendor/symfony/mime/Test/Constraint/EmailTextBodyContains.php	0.00		cached
ok	/site/core/vendor/symfony/polyfill-ctype/Ctype.php	0.00		cached
ok	/site/core/vendor/symfony/polyfill-ctype/bootstrap.php	0.00		cached
ok	/site/core/vendor/symfony/polyfill-ctype/bootstrap80.php	0.00		cached
ok	/site/core/vendor/symfony/polyfill-intl-grapheme/Grapheme.php	0.00		cached
fail	/site/core/vendor/symfony/polyfill-intl-grapheme/bootstrap.php	0.00	compile failed: MIR.lower: unsupported statement kind Class at line 19	cached
ok	/site/core/vendor/symfony/polyfill-intl-grapheme/bootstrap80.php	0.00		cached
ok	/site/core/vendor/symfony/polyfill-intl-grapheme/bootstrap85.php	0.00		cached
ok	/site/core/vendor/symfony/polyfill-intl-idn/Idn.php	0.00		cached
ok	/site/core/vendor/symfony/polyfill-intl-idn/Info.php	0.00		cached
ok	/site/core/vendor/symfony/polyfill-intl-idn/Resources/unidata/DisallowedRanges.php	0.00		cached
ok	/site/core/vendor/symfony/polyfill-intl-idn/Resources/unidata/Regex.php	0.00		cached
ok	/site/core/vendor/symfony/polyfill-intl-idn/Resources/unidata/deviation.php	0.00		cached
ok	/site/core/vendor/symfony/polyfill-intl-idn/Resources/unidata/disallowed.php	0.00		cached
ok	/site/core/vendor/symfony/polyfill-intl-idn/Resources/unidata/disallowed_STD3_mapped.php	0.00		cached
ok	/site/core/vendor/symfony/polyfill-intl-idn/Resources/unidata/disallowed_STD3_valid.php	0.00		cached
ok	/site/core/vendor/symfony/polyfill-intl-idn/Resources/unidata/ignored.php	0.00		cached
ok	/site/core/vendor/symfony/polyfill-intl-idn/Resources/unidata/mapped.php	0.00		cached
ok	/site/core/vendor/symfony/polyfill-intl-idn/Resources/unidata/virama.php	0.00		cached
ok	/site/core/vendor/symfony/polyfill-intl-idn/bootstrap.php	0.00		cached
ok	/site/core/vendor/symfony/polyfill-intl-idn/bootstrap80.php	0.00		cached
ok	/site/core/vendor/symfony/polyfill-intl-normalizer/Normalizer.php	0.00		cached
ok	/site/core/vendor/symfony/polyfill-intl-normalizer/Resources/stubs/Normalizer.php	0.00		cached
ok	/site/core/vendor/symfony/polyfill-intl-normalizer/Resources/unidata/canonicalComposition.php	0.00		cached
ok	/site/core/vendor/symfony/polyfill-intl-normalizer/Resources/unidata/canonicalDecomposition.php	0.00		cached
ok	/site/core/vendor/symfony/polyfill-intl-normalizer/Resources/unidata/combiningClass.php	0.00		cached
ok	/site/core/vendor/symfony/polyfill-intl-normalizer/Resources/unidata/compatibilityDecomposition.php	0.00		cached
ok	/site/core/vendor/symfony/polyfill-intl-normalizer/Resources/unidata/rawCanonicalDecomposition.php	0.00		cached
ok	/site/core/vendor/symfony/polyfill-intl-normalizer/Resources/unidata/rawCompatibilityDecomposition.php	0.00		cached
ok	/site/core/vendor/symfony/polyfill-intl-normalizer/bootstrap.php	0.00		cached
ok	/site/core/vendor/symfony/polyfill-intl-normalizer/bootstrap80.php	0.00		cached
ok	/site/core/vendor/symfony/polyfill-mbstring/Mbstring.php	0.00		cached
ok	/site/core/vendor/symfony/polyfill-mbstring/Resources/unidata/caseFolding.php	0.00		cached
ok	/site/core/vendor/symfony/polyfill-mbstring/Resources/unidata/lowerCase.php	0.00		cached
ok	/site/core/vendor/symfony/polyfill-mbstring/Resources/unidata/titleCaseRegexp.php	0.00		cached
ok	/site/core/vendor/symfony/polyfill-mbstring/Resources/unidata/upperCase.php	0.00		cached
ok	/site/core/vendor/symfony/polyfill-mbstring/bootstrap.php	0.00		cached
ok	/site/core/vendor/symfony/polyfill-mbstring/bootstrap72.php	0.00		cached
ok	/site/core/vendor/symfony/polyfill-mbstring/bootstrap80.php	0.00		cached
ok	/site/core/vendor/symfony/polyfill-php84/Php84.php	0.00		cached
ok	/site/core/vendor/symfony/polyfill-php84/Resources/Deprecated.php	0.00		cached
ok	/site/core/vendor/symfony/polyfill-php84/Resources/RoundingMode.php	0.00		cached
ok	/site/core/vendor/symfony/polyfill-php84/Resources/stubs/Deprecated.php	0.00		cached
ok	/site/core/vendor/symfony/polyfill-php84/Resources/stubs/Pdo/Dblib.php	0.00		cached
ok	/site/core/vendor/symfony/polyfill-php84/Resources/stubs/Pdo/Firebird.php	0.00		cached
ok	/site/core/vendor/symfony/polyfill-php84/Resources/stubs/Pdo/Mysql.php	0.00		cached
ok	/site/core/vendor/symfony/polyfill-php84/Resources/stubs/Pdo/Odbc.php	0.00		cached
ok	/site/core/vendor/symfony/polyfill-php84/Resources/stubs/Pdo/Pgsql.php	0.00		cached
ok	/site/core/vendor/symfony/polyfill-php84/Resources/stubs/Pdo/Sqlite.php	0.00		cached
ok	/site/core/vendor/symfony/polyfill-php84/Resources/stubs/ReflectionConstant.php	0.00		cached
ok	/site/core/vendor/symfony/polyfill-php84/Resources/stubs/RoundingMode.php	0.00		cached
ok	/site/core/vendor/symfony/polyfill-php84/bootstrap.php	0.00		cached
ok	/site/core/vendor/symfony/polyfill-php84/bootstrap72.php	0.00		cached
ok	/site/core/vendor/symfony/polyfill-php84/bootstrap82.php	0.00		cached
ok	/site/core/vendor/symfony/polyfill-php85/Php85.php	0.00		cached
ok	/site/core/vendor/symfony/polyfill-php85/Resources/stubs/DelayedTargetValidation.php	0.00		cached
ok	/site/core/vendor/symfony/polyfill-php85/Resources/stubs/Filter/FilterException.php	0.00		cached
ok	/site/core/vendor/symfony/polyfill-php85/Resources/stubs/Filter/FilterFailedException.php	0.00		cached
ok	/site/core/vendor/symfony/polyfill-php85/Resources/stubs/NoDiscard.php	0.00		cached
fail	/site/core/vendor/symfony/polyfill-php85/bootstrap.php	0.00	compile failed: MIR.lower: unsupported statement kind Class at line 45	cached
ok	/site/core/vendor/symfony/polyfill-php85/bootstrap80.php	0.00		cached
ok	/site/core/vendor/symfony/process/Exception/ExceptionInterface.php	0.00		cached
ok	/site/core/vendor/symfony/process/Exception/InvalidArgumentException.php	0.00		cached
ok	/site/core/vendor/symfony/process/Exception/LogicException.php	0.00		cached
ok	/site/core/vendor/symfony/process/Exception/ProcessFailedException.php	0.00		cached
ok	/site/core/vendor/symfony/process/Exception/ProcessSignaledException.php	0.00		cached
ok	/site/core/vendor/symfony/process/Exception/ProcessStartFailedException.php	0.00		cached
ok	/site/core/vendor/symfony/process/Exception/ProcessTimedOutException.php	0.00		cached
ok	/site/core/vendor/symfony/process/Exception/RunProcessFailedException.php	0.00		cached
ok	/site/core/vendor/symfony/process/Exception/RuntimeException.php	0.00		cached
ok	/site/core/vendor/symfony/process/ExecutableFinder.php	0.00		cached
ok	/site/core/vendor/symfony/process/InputStream.php	0.00		cached
ok	/site/core/vendor/symfony/process/Messenger/RunProcessContext.php	0.00		cached
ok	/site/core/vendor/symfony/process/Messenger/RunProcessMessage.php	0.00		cached
ok	/site/core/vendor/symfony/process/Messenger/RunProcessMessageHandler.php	0.00		cached
ok	/site/core/vendor/symfony/process/PhpExecutableFinder.php	0.00		cached
ok	/site/core/vendor/symfony/process/PhpProcess.php	0.00		cached
ok	/site/core/vendor/symfony/process/PhpSubprocess.php	0.00		cached
ok	/site/core/vendor/symfony/process/Pipes/AbstractPipes.php	0.00		cached
ok	/site/core/vendor/symfony/process/Pipes/PipesInterface.php	0.00		cached
ok	/site/core/vendor/symfony/process/Pipes/UnixPipes.php	0.00		cached
ok	/site/core/vendor/symfony/process/Pipes/WindowsPipes.php	0.00		cached
ok	/site/core/vendor/symfony/process/Process.php	0.00		cached
ok	/site/core/vendor/symfony/process/ProcessUtils.php	0.00		cached
ok	/site/core/vendor/symfony/routing/Alias.php	0.00		cached
ok	/site/core/vendor/symfony/routing/Annotation/Route.php	0.00		cached
ok	/site/core/vendor/symfony/routing/Attribute/DeprecatedAlias.php	0.00		cached
ok	/site/core/vendor/symfony/routing/Attribute/Route.php	0.00		cached
ok	/site/core/vendor/symfony/routing/CompiledRoute.php	0.00		cached
ok	/site/core/vendor/symfony/routing/DependencyInjection/AddExpressionLanguageProvidersPass.php	0.00		cached
ok	/site/core/vendor/symfony/routing/DependencyInjection/RoutingControllerPass.php	0.00		cached
ok	/site/core/vendor/symfony/routing/DependencyInjection/RoutingResolverPass.php	0.00		cached
ok	/site/core/vendor/symfony/routing/Exception/ExceptionInterface.php	0.00		cached
ok	/site/core/vendor/symfony/routing/Exception/InvalidArgumentException.php	0.00		cached
ok	/site/core/vendor/symfony/routing/Exception/InvalidParameterException.php	0.00		cached
ok	/site/core/vendor/symfony/routing/Exception/LogicException.php	0.00		cached
ok	/site/core/vendor/symfony/routing/Exception/MethodNotAllowedException.php	0.00		cached
ok	/site/core/vendor/symfony/routing/Exception/MissingMandatoryParametersException.php	0.00		cached
ok	/site/core/vendor/symfony/routing/Exception/NoConfigurationException.php	0.00		cached
ok	/site/core/vendor/symfony/routing/Exception/ResourceNotFoundException.php	0.00		cached
ok	/site/core/vendor/symfony/routing/Exception/RouteCircularReferenceException.php	0.00		cached
ok	/site/core/vendor/symfony/routing/Exception/RouteNotFoundException.php	0.00		cached
ok	/site/core/vendor/symfony/routing/Exception/RuntimeException.php	0.00		cached
ok	/site/core/vendor/symfony/routing/Generator/CompiledUrlGenerator.php	0.00		cached
ok	/site/core/vendor/symfony/routing/Generator/ConfigurableRequirementsInterface.php	0.00		cached
ok	/site/core/vendor/symfony/routing/Generator/Dumper/CompiledUrlGeneratorDumper.php	0.00		cached
ok	/site/core/vendor/symfony/routing/Generator/Dumper/GeneratorDumper.php	0.00		cached
ok	/site/core/vendor/symfony/routing/Generator/Dumper/GeneratorDumperInterface.php	0.00		cached
ok	/site/core/vendor/symfony/routing/Generator/UrlGenerator.php	0.00		cached
ok	/site/core/vendor/symfony/routing/Generator/UrlGeneratorInterface.php	0.00		cached
ok	/site/core/vendor/symfony/routing/Loader/AttributeClassLoader.php	0.00		cached
ok	/site/core/vendor/symfony/routing/Loader/AttributeDirectoryLoader.php	0.00		cached
ok	/site/core/vendor/symfony/routing/Loader/AttributeFileLoader.php	0.00		cached
ok	/site/core/vendor/symfony/routing/Loader/AttributeServicesLoader.php	0.00		cached
fail	/site/core/vendor/symfony/routing/Loader/ClosureLoader.php	0.00	timeout: the monitored command dumped core	cached
ok	/site/core/vendor/symfony/routing/Loader/Configurator/AliasConfigurator.php	0.00		cached
ok	/site/core/vendor/symfony/routing/Loader/Configurator/CollectionConfigurator.php	0.00		cached
ok	/site/core/vendor/symfony/routing/Loader/Configurator/ImportConfigurator.php	0.00		cached
ok	/site/core/vendor/symfony/routing/Loader/Configurator/RouteConfigurator.php	0.00		cached
ok	/site/core/vendor/symfony/routing/Loader/Configurator/RoutesReference.php	0.00		cached
ok	/site/core/vendor/symfony/routing/Loader/Configurator/RoutingConfigurator.php	0.00		cached
ok	/site/core/vendor/symfony/routing/Loader/Configurator/Traits/AddTrait.php	0.00		cached
ok	/site/core/vendor/symfony/routing/Loader/Configurator/Traits/HostTrait.php	0.00		cached
ok	/site/core/vendor/symfony/routing/Loader/Configurator/Traits/LocalizedRouteTrait.php	0.00		cached
ok	/site/core/vendor/symfony/routing/Loader/Configurator/Traits/PrefixTrait.php	0.00		cached
ok	/site/core/vendor/symfony/routing/Loader/Configurator/Traits/RouteTrait.php	0.00		cached
ok	/site/core/vendor/symfony/routing/Loader/ContainerLoader.php	0.00		cached
ok	/site/core/vendor/symfony/routing/Loader/DirectoryLoader.php	0.00		cached
ok	/site/core/vendor/symfony/routing/Loader/GlobFileLoader.php	0.00		cached
ok	/site/core/vendor/symfony/routing/Loader/ObjectLoader.php	0.00		cached
ok	/site/core/vendor/symfony/routing/Loader/PhpFileLoader.php	0.00		cached
ok	/site/core/vendor/symfony/routing/Loader/Psr4DirectoryLoader.php	0.00		cached
ok	/site/core/vendor/symfony/routing/Loader/XmlFileLoader.php	0.00		cached
ok	/site/core/vendor/symfony/routing/Loader/YamlFileLoader.php	0.00		cached
ok	/site/core/vendor/symfony/routing/Matcher/CompiledUrlMatcher.php	0.00		cached
ok	/site/core/vendor/symfony/routing/Matcher/Dumper/CompiledUrlMatcherDumper.php	0.00		cached
ok	/site/core/vendor/symfony/routing/Matcher/Dumper/CompiledUrlMatcherTrait.php	0.00		cached
ok	/site/core/vendor/symfony/routing/Matcher/Dumper/MatcherDumper.php	0.00		cached
ok	/site/core/vendor/symfony/routing/Matcher/Dumper/MatcherDumperInterface.php	0.00		cached
ok	/site/core/vendor/symfony/routing/Matcher/Dumper/StaticPrefixCollection.php	0.00		cached
ok	/site/core/vendor/symfony/routing/Matcher/ExpressionLanguageProvider.php	0.00		cached
ok	/site/core/vendor/symfony/routing/Matcher/RedirectableUrlMatcher.php	0.00		cached
ok	/site/core/vendor/symfony/routing/Matcher/RedirectableUrlMatcherInterface.php	0.00		cached
ok	/site/core/vendor/symfony/routing/Matcher/RequestMatcherInterface.php	0.00		cached
ok	/site/core/vendor/symfony/routing/Matcher/TraceableUrlMatcher.php	0.00		cached
ok	/site/core/vendor/symfony/routing/Matcher/UrlMatcher.php	0.00		cached
ok	/site/core/vendor/symfony/routing/Matcher/UrlMatcherInterface.php	0.00		cached
ok	/site/core/vendor/symfony/routing/RequestContext.php	0.00		cached
ok	/site/core/vendor/symfony/routing/RequestContextAwareInterface.php	0.00		cached
ok	/site/core/vendor/symfony/routing/Requirement/EnumRequirement.php	0.00		cached
ok	/site/core/vendor/symfony/routing/Requirement/Requirement.php	0.00		cached
ok	/site/core/vendor/symfony/routing/Route.php	0.00		cached
ok	/site/core/vendor/symfony/routing/RouteCollection.php	0.00		cached
ok	/site/core/vendor/symfony/routing/RouteCompiler.php	0.00		cached
ok	/site/core/vendor/symfony/routing/RouteCompilerInterface.php	0.00		cached
ok	/site/core/vendor/symfony/routing/Router.php	0.00		cached
ok	/site/core/vendor/symfony/routing/RouterInterface.php	0.00		cached
ok	/site/core/vendor/symfony/service-contracts/Attribute/Required.php	0.00		cached
ok	/site/core/vendor/symfony/service-contracts/Attribute/SubscribedService.php	0.00		cached
ok	/site/core/vendor/symfony/service-contracts/ContainerAwareInterface.php	0.00		cached
ok	/site/core/vendor/symfony/service-contracts/ContainerProviderInterface.php	0.00		cached
ok	/site/core/vendor/symfony/service-contracts/ResetInterface.php	0.00		cached
ok	/site/core/vendor/symfony/service-contracts/ServiceCollectionInterface.php	0.00		cached
ok	/site/core/vendor/symfony/service-contracts/ServiceLocatorTrait.php	0.00		cached
ok	/site/core/vendor/symfony/service-contracts/ServiceMethodsSubscriberTrait.php	0.00		cached
ok	/site/core/vendor/symfony/service-contracts/ServiceProviderInterface.php	0.00		cached
ok	/site/core/vendor/symfony/service-contracts/ServiceSubscriberInterface.php	0.00		cached
ok	/site/core/vendor/symfony/service-contracts/ServiceSubscriberTrait.php	0.00		cached
ok	/site/core/vendor/symfony/service-contracts/Test/ServiceLocatorTest.php	0.00		cached
ok	/site/core/vendor/symfony/service-contracts/Test/ServiceLocatorTestCase.php	0.00		cached
ok	/site/core/vendor/symfony/string/AbstractString.php	0.00		cached
fail	/site/core/vendor/symfony/string/AbstractUnicodeString.php	0.00	timeout: the monitored command dumped core	cached
ok	/site/core/vendor/symfony/string/ByteString.php	0.00		cached
ok	/site/core/vendor/symfony/string/CodePointString.php	0.00		cached
ok	/site/core/vendor/symfony/string/Exception/ExceptionInterface.php	0.00		cached
ok	/site/core/vendor/symfony/string/Exception/InvalidArgumentException.php	0.00		cached
ok	/site/core/vendor/symfony/string/Exception/RuntimeException.php	0.00		cached
ok	/site/core/vendor/symfony/string/Inflector/EnglishInflector.php	0.00		cached
ok	/site/core/vendor/symfony/string/Inflector/FrenchInflector.php	0.00		cached
ok	/site/core/vendor/symfony/string/Inflector/InflectorInterface.php	0.00		cached
ok	/site/core/vendor/symfony/string/Inflector/SpanishInflector.php	0.00		cached
ok	/site/core/vendor/symfony/string/LazyString.php	0.00		cached
ok	/site/core/vendor/symfony/string/Resources/data/wcswidth_table_wide.php	0.00		cached
ok	/site/core/vendor/symfony/string/Resources/data/wcswidth_table_zero.php	0.00		cached
ok	/site/core/vendor/symfony/string/Resources/functions.php	0.00		cached
ok	/site/core/vendor/symfony/string/Slugger/AsciiSlugger.php	0.00		cached
ok	/site/core/vendor/symfony/string/Slugger/SluggerInterface.php	0.00		cached
ok	/site/core/vendor/symfony/string/TruncateMode.php	0.00		cached
ok	/site/core/vendor/symfony/string/UnicodeString.php	0.00		cached
ok	/site/core/vendor/symfony/translation-contracts/LocaleAwareInterface.php	0.00		cached
ok	/site/core/vendor/symfony/translation-contracts/Test/TranslatorTest.php	0.00		cached
ok	/site/core/vendor/symfony/translation-contracts/TranslatableInterface.php	0.00		cached
ok	/site/core/vendor/symfony/translation-contracts/TranslatorInterface.php	0.00		cached
ok	/site/core/vendor/symfony/translation-contracts/TranslatorTrait.php	0.00		cached
ok	/site/core/vendor/symfony/translation/Catalogue/AbstractOperation.php	0.00		cached
ok	/site/core/vendor/symfony/translation/Catalogue/MergeOperation.php	0.00		cached
ok	/site/core/vendor/symfony/translation/Catalogue/OperationInterface.php	0.00		cached
ok	/site/core/vendor/symfony/translation/Catalogue/TargetOperation.php	0.00		cached
ok	/site/core/vendor/symfony/translation/CatalogueMetadataAwareInterface.php	0.00		cached
ok	/site/core/vendor/symfony/translation/Command/TranslationLintCommand.php	0.00		cached
ok	/site/core/vendor/symfony/translation/Command/TranslationPullCommand.php	0.00		cached
ok	/site/core/vendor/symfony/translation/Command/TranslationPushCommand.php	0.00		cached
ok	/site/core/vendor/symfony/translation/Command/TranslationTrait.php	0.00		cached
ok	/site/core/vendor/symfony/translation/Command/XliffLintCommand.php	0.00		cached
ok	/site/core/vendor/symfony/translation/DataCollector/TranslationDataCollector.php	0.00		cached
ok	/site/core/vendor/symfony/translation/DataCollectorTranslator.php	0.00		cached
ok	/site/core/vendor/symfony/translation/DependencyInjection/DataCollectorTranslatorPass.php	0.00		cached
ok	/site/core/vendor/symfony/translation/DependencyInjection/LoggingTranslatorPass.php	0.00		cached
ok	/site/core/vendor/symfony/translation/DependencyInjection/TranslationDumperPass.php	0.00		cached
ok	/site/core/vendor/symfony/translation/DependencyInjection/TranslationExtractorPass.php	0.00		cached
ok	/site/core/vendor/symfony/translation/DependencyInjection/TranslatorPass.php	0.00		cached
ok	/site/core/vendor/symfony/translation/DependencyInjection/TranslatorPathsPass.php	0.00		cached
ok	/site/core/vendor/symfony/translation/Dumper/CsvFileDumper.php	0.00		cached
ok	/site/core/vendor/symfony/translation/Dumper/DumperInterface.php	0.00		cached
ok	/site/core/vendor/symfony/translation/Dumper/FileDumper.php	0.00		cached
ok	/site/core/vendor/symfony/translation/Dumper/IcuResFileDumper.php	0.00		cached
ok	/site/core/vendor/symfony/translation/Dumper/IniFileDumper.php	0.00		cached
ok	/site/core/vendor/symfony/translation/Dumper/JsonFileDumper.php	0.00		cached
ok	/site/core/vendor/symfony/translation/Dumper/MoFileDumper.php	0.00		cached
ok	/site/core/vendor/symfony/translation/Dumper/PhpFileDumper.php	0.00		cached
ok	/site/core/vendor/symfony/translation/Dumper/PoFileDumper.php	0.00		cached
ok	/site/core/vendor/symfony/translation/Dumper/QtFileDumper.php	0.00		cached
ok	/site/core/vendor/symfony/translation/Dumper/XliffFileDumper.php	0.00		cached
ok	/site/core/vendor/symfony/translation/Dumper/YamlFileDumper.php	0.00		cached
ok	/site/core/vendor/symfony/translation/Exception/ExceptionInterface.php	0.00		cached
ok	/site/core/vendor/symfony/translation/Exception/IncompleteDsnException.php	0.00		cached
ok	/site/core/vendor/symfony/translation/Exception/InvalidArgumentException.php	0.00		cached
ok	/site/core/vendor/symfony/translation/Exception/InvalidResourceException.php	0.00		cached
ok	/site/core/vendor/symfony/translation/Exception/LogicException.php	0.00		cached
ok	/site/core/vendor/symfony/translation/Exception/MissingRequiredOptionException.php	0.00		cached
ok	/site/core/vendor/symfony/translation/Exception/NotFoundResourceException.php	0.00		cached
ok	/site/core/vendor/symfony/translation/Exception/ProviderException.php	0.00		cached
ok	/site/core/vendor/symfony/translation/Exception/ProviderExceptionInterface.php	0.00		cached
ok	/site/core/vendor/symfony/translation/Exception/RuntimeException.php	0.00		cached
ok	/site/core/vendor/symfony/translation/Exception/UnsupportedSchemeException.php	0.00		cached
ok	/site/core/vendor/symfony/translation/Extractor/AbstractFileExtractor.php	0.00		cached
ok	/site/core/vendor/symfony/translation/Extractor/ChainExtractor.php	0.00		cached
ok	/site/core/vendor/symfony/translation/Extractor/ExtractorInterface.php	0.00		cached
ok	/site/core/vendor/symfony/translation/Extractor/PhpAstExtractor.php	0.00		cached
ok	/site/core/vendor/symfony/translation/Extractor/Visitor/AbstractVisitor.php	0.00		cached
ok	/site/core/vendor/symfony/translation/Extractor/Visitor/ConstraintVisitor.php	0.00		cached
ok	/site/core/vendor/symfony/translation/Extractor/Visitor/TransMethodVisitor.php	0.00		cached
ok	/site/core/vendor/symfony/translation/Extractor/Visitor/TranslatableMessageVisitor.php	0.00		cached
ok	/site/core/vendor/symfony/translation/Formatter/IntlFormatter.php	0.00		cached
ok	/site/core/vendor/symfony/translation/Formatter/IntlFormatterInterface.php	0.00		cached
ok	/site/core/vendor/symfony/translation/Formatter/MessageFormatter.php	0.00		cached
ok	/site/core/vendor/symfony/translation/Formatter/MessageFormatterInterface.php	0.00		cached
ok	/site/core/vendor/symfony/translation/IdentityTranslator.php	0.00		cached
ok	/site/core/vendor/symfony/translation/Loader/ArrayLoader.php	0.00		cached
ok	/site/core/vendor/symfony/translation/Loader/CsvFileLoader.php	0.00		cached
ok	/site/core/vendor/symfony/translation/Loader/FileLoader.php	0.00		cached
ok	/site/core/vendor/symfony/translation/Loader/IcuDatFileLoader.php	0.00		cached
ok	/site/core/vendor/symfony/translation/Loader/IcuResFileLoader.php	0.00		cached
ok	/site/core/vendor/symfony/translation/Loader/IniFileLoader.php	0.00		cached
ok	/site/core/vendor/symfony/translation/Loader/JsonFileLoader.php	0.00		cached
ok	/site/core/vendor/symfony/translation/Loader/LoaderInterface.php	0.00		cached
ok	/site/core/vendor/symfony/translation/Loader/MoFileLoader.php	0.00		cached
ok	/site/core/vendor/symfony/translation/Loader/PhpFileLoader.php	0.00		cached
ok	/site/core/vendor/symfony/translation/Loader/PoFileLoader.php	0.00		cached
ok	/site/core/vendor/symfony/translation/Loader/QtFileLoader.php	0.00		cached
fail	/site/core/vendor/symfony/translation/Loader/XliffFileLoader.php	0.00	line 278: error: Symfony\Component\Translation\Loader\XliffFileLoader__extractPgsSegmentText(): argument 2 to Symfony\Component\Translation\Loader\XliffFileLoader->collectPgsText() — array KEY repr conflict — a string-keyed array read as int-keyed walks the key as the wrong type (assoc[string, bool] given, vec[bool] expected)	cached
ok	/site/core/vendor/symfony/translation/Loader/YamlFileLoader.php	0.00		cached
ok	/site/core/vendor/symfony/translation/LocaleFallbackProvider.php	0.00		cached
ok	/site/core/vendor/symfony/translation/LocaleSwitcher.php	0.00		cached
ok	/site/core/vendor/symfony/translation/LoggingTranslator.php	0.00		cached
ok	/site/core/vendor/symfony/translation/MessageCatalogue.php	0.00		cached
ok	/site/core/vendor/symfony/translation/MessageCatalogueInterface.php	0.00		cached
ok	/site/core/vendor/symfony/translation/MetadataAwareInterface.php	0.00		cached
ok	/site/core/vendor/symfony/translation/Provider/AbstractProviderFactory.php	0.00		cached
ok	/site/core/vendor/symfony/translation/Provider/Dsn.php	0.00		cached
ok	/site/core/vendor/symfony/translation/Provider/FilteringProvider.php	0.00		cached
ok	/site/core/vendor/symfony/translation/Provider/NullProvider.php	0.00		cached
ok	/site/core/vendor/symfony/translation/Provider/NullProviderFactory.php	0.00		cached
ok	/site/core/vendor/symfony/translation/Provider/ProviderFactoryInterface.php	0.00		cached
ok	/site/core/vendor/symfony/translation/Provider/ProviderInterface.php	0.00		cached
ok	/site/core/vendor/symfony/translation/Provider/TranslationProviderCollection.php	0.00		cached
ok	/site/core/vendor/symfony/translation/Provider/TranslationProviderCollectionFactory.php	0.00		cached
ok	/site/core/vendor/symfony/translation/PseudoLocalizationTranslator.php	0.00		cached
ok	/site/core/vendor/symfony/translation/Reader/TranslationReader.php	0.00		cached
ok	/site/core/vendor/symfony/translation/Reader/TranslationReaderInterface.php	0.00		cached
ok	/site/core/vendor/symfony/translation/Resources/bin/translation-status.php	0.00		cached
ok	/site/core/vendor/symfony/translation/Resources/data/parents.php	0.00		cached
ok	/site/core/vendor/symfony/translation/Resources/functions.php	0.00		cached
ok	/site/core/vendor/symfony/translation/StaticMessage.php	0.00		cached
ok	/site/core/vendor/symfony/translation/Test/AbstractProviderFactoryTestCase.php	0.00		cached
ok	/site/core/vendor/symfony/translation/Test/IncompleteDsnTestTrait.php	0.00		cached
ok	/site/core/vendor/symfony/translation/Test/ProviderTestCase.php	0.00		cached
ok	/site/core/vendor/symfony/translation/TranslatableMessage.php	0.00		cached
ok	/site/core/vendor/symfony/translation/Translator.php	0.00		cached
ok	/site/core/vendor/symfony/translation/TranslatorBag.php	0.00		cached
ok	/site/core/vendor/symfony/translation/TranslatorBagInterface.php	0.00		cached
ok	/site/core/vendor/symfony/translation/Util/ArrayConverter.php	0.00		cached
ok	/site/core/vendor/symfony/translation/Util/XliffUtils.php	0.00		cached
ok	/site/core/vendor/symfony/translation/Writer/TranslationWriter.php	0.00		cached
ok	/site/core/vendor/symfony/translation/Writer/TranslationWriterInterface.php	0.00		cached
ok	/site/core/vendor/symfony/var-dumper/Caster/AddressInfoCaster.php	0.00		cached
ok	/site/core/vendor/symfony/var-dumper/Caster/AmqpCaster.php	0.00		cached
ok	/site/core/vendor/symfony/var-dumper/Caster/ArgsStub.php	0.00		cached
ok	/site/core/vendor/symfony/var-dumper/Caster/Caster.php	0.00		cached
ok	/site/core/vendor/symfony/var-dumper/Caster/ClassDumpStub.php	0.00		cached
ok	/site/core/vendor/symfony/var-dumper/Caster/ClassStub.php	0.00		cached
ok	/site/core/vendor/symfony/var-dumper/Caster/ConstStub.php	0.00		cached
ok	/site/core/vendor/symfony/var-dumper/Caster/CurlCaster.php	0.00		cached
ok	/site/core/vendor/symfony/var-dumper/Caster/CutArrayStub.php	0.00		cached
ok	/site/core/vendor/symfony/var-dumper/Caster/CutStub.php	0.00		cached
ok	/site/core/vendor/symfony/var-dumper/Caster/DOMCaster.php	0.00		cached
ok	/site/core/vendor/symfony/var-dumper/Caster/DateCaster.php	0.00		cached
ok	/site/core/vendor/symfony/var-dumper/Caster/DoctrineCaster.php	0.00		cached
ok	/site/core/vendor/symfony/var-dumper/Caster/DsCaster.php	0.00		cached
ok	/site/core/vendor/symfony/var-dumper/Caster/DsPairStub.php	0.00		cached
ok	/site/core/vendor/symfony/var-dumper/Caster/EnumStub.php	0.00		cached
ok	/site/core/vendor/symfony/var-dumper/Caster/ExceptionCaster.php	0.00		cached
ok	/site/core/vendor/symfony/var-dumper/Caster/FFICaster.php	0.00		cached
ok	/site/core/vendor/symfony/var-dumper/Caster/FiberCaster.php	0.00		cached
ok	/site/core/vendor/symfony/var-dumper/Caster/FrameStub.php	0.00		cached
ok	/site/core/vendor/symfony/var-dumper/Caster/GdCaster.php	0.00		cached
ok	/site/core/vendor/symfony/var-dumper/Caster/GmpCaster.php	0.00		cached
ok	/site/core/vendor/symfony/var-dumper/Caster/ImagineCaster.php	0.00		cached
ok	/site/core/vendor/symfony/var-dumper/Caster/ImgStub.php	0.00		cached
ok	/site/core/vendor/symfony/var-dumper/Caster/IntlCaster.php	0.00		cached
ok	/site/core/vendor/symfony/var-dumper/Caster/LinkStub.php	0.00		cached
ok	/site/core/vendor/symfony/var-dumper/Caster/MemcachedCaster.php	0.00		cached
ok	/site/core/vendor/symfony/var-dumper/Caster/MysqliCaster.php	0.00		cached
ok	/site/core/vendor/symfony/var-dumper/Caster/OpenSSLCaster.php	0.00		cached
ok	/site/core/vendor/symfony/var-dumper/Caster/PdoCaster.php	0.00		cached
ok	/site/core/vendor/symfony/var-dumper/Caster/PgSqlCaster.php	0.00		cached
ok	/site/core/vendor/symfony/var-dumper/Caster/ProxyManagerCaster.php	0.00		cached
ok	/site/core/vendor/symfony/var-dumper/Caster/RdKafkaCaster.php	0.00		cached
ok	/site/core/vendor/symfony/var-dumper/Caster/RedisCaster.php	0.00		cached
ok	/site/core/vendor/symfony/var-dumper/Caster/ReflectionCaster.php	0.00		cached
ok	/site/core/vendor/symfony/var-dumper/Caster/ResourceCaster.php	0.00		cached
ok	/site/core/vendor/symfony/var-dumper/Caster/ScalarStub.php	0.00		cached
ok	/site/core/vendor/symfony/var-dumper/Caster/SocketCaster.php	0.00		cached
ok	/site/core/vendor/symfony/var-dumper/Caster/SplCaster.php	0.00		cached
ok	/site/core/vendor/symfony/var-dumper/Caster/SqliteCaster.php	0.00		cached
ok	/site/core/vendor/symfony/var-dumper/Caster/StubCaster.php	0.00		cached
ok	/site/core/vendor/symfony/var-dumper/Caster/SymfonyCaster.php	0.00		cached
ok	/site/core/vendor/symfony/var-dumper/Caster/TraceStub.php	0.00		cached
ok	/site/core/vendor/symfony/var-dumper/Caster/UninitializedStub.php	0.00		cached
ok	/site/core/vendor/symfony/var-dumper/Caster/UuidCaster.php	0.00		cached
ok	/site/core/vendor/symfony/var-dumper/Caster/VirtualStub.php	0.00		cached
fail	/site/core/vendor/symfony/var-dumper/Caster/XmlReaderCaster.php	0.00	compile failed: MIR.verify: dangling local $count read in Symfony\Component\VarDumper\Caster\XmlReaderCaster__castXmlReader but never defined	cached
ok	/site/core/vendor/symfony/var-dumper/Caster/XmlResourceCaster.php	0.00		cached
ok	/site/core/vendor/symfony/var-dumper/Cloner/AbstractCloner.php	0.00		cached
ok	/site/core/vendor/symfony/var-dumper/Cloner/ClonerInterface.php	0.00		cached
ok	/site/core/vendor/symfony/var-dumper/Cloner/Cursor.php	0.00		cached
ok	/site/core/vendor/symfony/var-dumper/Cloner/Data.php	0.00		cached
ok	/site/core/vendor/symfony/var-dumper/Cloner/DumperInterface.php	0.00		cached
ok	/site/core/vendor/symfony/var-dumper/Cloner/Stub.php	0.00		cached
ok	/site/core/vendor/symfony/var-dumper/Cloner/VarCloner.php	0.00		cached
ok	/site/core/vendor/symfony/var-dumper/Command/Descriptor/CliDescriptor.php	0.00		cached
ok	/site/core/vendor/symfony/var-dumper/Command/Descriptor/DumpDescriptorInterface.php	0.00		cached
ok	/site/core/vendor/symfony/var-dumper/Command/Descriptor/HtmlDescriptor.php	0.00		cached
ok	/site/core/vendor/symfony/var-dumper/Command/ServerDumpCommand.php	0.00		cached
ok	/site/core/vendor/symfony/var-dumper/Dumper/AbstractDumper.php	0.00		cached
ok	/site/core/vendor/symfony/var-dumper/Dumper/CliDumper.php	0.00		cached
ok	/site/core/vendor/symfony/var-dumper/Dumper/ContextProvider/CliContextProvider.php	0.00		cached
ok	/site/core/vendor/symfony/var-dumper/Dumper/ContextProvider/ContextProviderInterface.php	0.00		cached
ok	/site/core/vendor/symfony/var-dumper/Dumper/ContextProvider/RequestContextProvider.php	0.00		cached
ok	/site/core/vendor/symfony/var-dumper/Dumper/ContextProvider/SourceContextProvider.php	0.00		cached
ok	/site/core/vendor/symfony/var-dumper/Dumper/ContextualizedDumper.php	0.00		cached
ok	/site/core/vendor/symfony/var-dumper/Dumper/DataDumperInterface.php	0.00		cached
ok	/site/core/vendor/symfony/var-dumper/Dumper/HtmlDumper.php	0.00		cached
ok	/site/core/vendor/symfony/var-dumper/Dumper/ServerDumper.php	0.00		cached
ok	/site/core/vendor/symfony/var-dumper/Exception/ThrowingCasterException.php	0.00		cached
ok	/site/core/vendor/symfony/var-dumper/Resources/functions/dump.php	0.00		cached
ok	/site/core/vendor/symfony/var-dumper/Server/Connection.php	0.00		cached
ok	/site/core/vendor/symfony/var-dumper/Server/DumpServer.php	0.00		cached
ok	/site/core/vendor/symfony/var-dumper/Test/VarDumperTestTrait.php	0.00		cached
ok	/site/core/vendor/symfony/var-dumper/VarDumper.php	0.00		cached
ok	/site/core/vendor/ta-tikoma/phpunit-architecture-test/src/ArchitectureAsserts.php	0.00		cached
ok	/site/core/vendor/ta-tikoma/phpunit-architecture-test/src/Asserts/Dependencies/DependenciesAsserts.php	0.00		cached
ok	/site/core/vendor/ta-tikoma/phpunit-architecture-test/src/Asserts/Dependencies/Elements/ObjectUses.php	0.00		cached
ok	/site/core/vendor/ta-tikoma/phpunit-architecture-test/src/Asserts/Dependencies/ObjectDependenciesDescription.php	0.00		cached
ok	/site/core/vendor/ta-tikoma/phpunit-architecture-test/src/Asserts/Inheritance/ObjectInheritanceDescription.php	0.00		cached
ok	/site/core/vendor/ta-tikoma/phpunit-architecture-test/src/Asserts/Iterator/IteratorAsserts.php	0.00		cached
ok	/site/core/vendor/ta-tikoma/phpunit-architecture-test/src/Asserts/Methods/Elements/MethodDescription.php	0.00		cached
ok	/site/core/vendor/ta-tikoma/phpunit-architecture-test/src/Asserts/Methods/Elements/ObjectMethods.php	0.00		cached
ok	/site/core/vendor/ta-tikoma/phpunit-architecture-test/src/Asserts/Methods/MethodsAsserts.php	0.00		cached
ok	/site/core/vendor/ta-tikoma/phpunit-architecture-test/src/Asserts/Methods/ObjectMethodsDescription.php	0.00		cached
ok	/site/core/vendor/ta-tikoma/phpunit-architecture-test/src/Asserts/Properties/Elements/ObjectProperties.php	0.00		cached
ok	/site/core/vendor/ta-tikoma/phpunit-architecture-test/src/Asserts/Properties/Elements/PropertyDescription.php	0.00		cached
ok	/site/core/vendor/ta-tikoma/phpunit-architecture-test/src/Asserts/Properties/ObjectPropertiesDescription.php	0.00		cached
ok	/site/core/vendor/ta-tikoma/phpunit-architecture-test/src/Asserts/Properties/PropertiesAsserts.php	0.00		cached
ok	/site/core/vendor/ta-tikoma/phpunit-architecture-test/src/Builders/BuildFromTest.php	0.00		cached
ok	/site/core/vendor/ta-tikoma/phpunit-architecture-test/src/Elements/Layer/Layer.php	0.00		cached
ok	/site/core/vendor/ta-tikoma/phpunit-architecture-test/src/Elements/Layer/LayerExclude.php	0.00		cached
ok	/site/core/vendor/ta-tikoma/phpunit-architecture-test/src/Elements/Layer/LayerLeave.php	0.00		cached
ok	/site/core/vendor/ta-tikoma/phpunit-architecture-test/src/Elements/Layer/LayerSplit.php	0.00		cached
ok	/site/core/vendor/ta-tikoma/phpunit-architecture-test/src/Elements/ObjectDescription.php	0.00		cached
ok	/site/core/vendor/ta-tikoma/phpunit-architecture-test/src/Elements/ObjectDescriptionBase.php	0.00		cached
ok	/site/core/vendor/ta-tikoma/phpunit-architecture-test/src/Enums/ObjectType.php	0.00		cached
ok	/site/core/vendor/ta-tikoma/phpunit-architecture-test/src/Enums/Visibility.php	0.00		cached
ok	/site/core/vendor/ta-tikoma/phpunit-architecture-test/src/Services/ServiceContainer.php	0.00		cached
ok	/site/core/vendor/ta-tikoma/phpunit-architecture-test/src/Storage/Filesystem.php	0.00		cached
ok	/site/core/vendor/ta-tikoma/phpunit-architecture-test/src/Storage/ObjectsStorage.php	0.00		cached
ok	/site/core/vendor/theseer/tokenizer/.php-cs-fixer.dist.php	0.00		cached
ok	/site/core/vendor/theseer/tokenizer/src/Exception.php	0.00		cached
ok	/site/core/vendor/theseer/tokenizer/src/NamespaceUri.php	0.00		cached
ok	/site/core/vendor/theseer/tokenizer/src/NamespaceUriException.php	0.00		cached
ok	/site/core/vendor/theseer/tokenizer/src/Token.php	0.00		cached
ok	/site/core/vendor/theseer/tokenizer/src/TokenCollection.php	0.00		cached
ok	/site/core/vendor/theseer/tokenizer/src/TokenCollectionException.php	0.00		cached
ok	/site/core/vendor/theseer/tokenizer/src/Tokenizer.php	0.00		cached
ok	/site/core/vendor/theseer/tokenizer/src/XMLSerializer.php	0.00		cached
ok	/site/core/vendor/theseer/tokenizer/tools/php-cs-fixer.d/PhpdocSingleLineVarFixer.php	0.00		cached
ok	/site/core/vendor/tracy/tracy/examples/ajax-fetch.php	0.00		cached
ok	/site/core/vendor/tracy/tracy/examples/ajax-jquery.php	0.00		cached
ok	/site/core/vendor/tracy/tracy/examples/assets/E_COMPILE_ERROR.php	0.00		cached
ok	/site/core/vendor/tracy/tracy/examples/barDump.php	0.00		cached
ok	/site/core/vendor/tracy/tracy/examples/dump-snapshot.php	0.00		cached
fail	/site/core/vendor/tracy/tracy/examples/dump.php	0.00	compile failed: MIR.lower: unsupported assign target kind StaticAccess at /site/core/vendor/tracy/tracy/examples/dump.php:27	cached
ok	/site/core/vendor/tracy/tracy/examples/exception.php	0.00		cached
ok	/site/core/vendor/tracy/tracy/examples/fatal-error.php	0.00		cached
fail	/site/core/vendor/tracy/tracy/examples/notice.php	0.00	compile failed: MIR.lower: unsupported assign target kind StaticAccess at /site/core/vendor/tracy/tracy/examples/notice.php:10	cached
ok	/site/core/vendor/tracy/tracy/examples/output-debugger.php	0.00		cached
fail	/site/core/vendor/tracy/tracy/examples/preloading.php	0.00	/site/core/vendor/tracy/tracy/examples/preloading.php: parse failed: expected ';' after expression at line 23, column 32	cached
ok	/site/core/vendor/tracy/tracy/examples/redirect.php	0.00		cached
fail	/site/core/vendor/tracy/tracy/examples/warning.php	0.00	compile failed: MIR.lower: unsupported assign target kind StaticAccess at /site/core/vendor/tracy/tracy/examples/warning.php:10	cached
ok	/site/core/vendor/tracy/tracy/phpstan-stubs.php	0.00		cached
ok	/site/core/vendor/tracy/tracy/src/Bridges/Nette/Bridge.php	0.00		cached
ok	/site/core/vendor/tracy/tracy/src/Bridges/Nette/MailSender.php	0.00		cached
ok	/site/core/vendor/tracy/tracy/src/Bridges/Nette/TracyExtension.php	0.00		cached
ok	/site/core/vendor/tracy/tracy/src/Bridges/Psr/PsrToTracyLoggerAdapter.php	0.00		cached
ok	/site/core/vendor/tracy/tracy/src/Bridges/Psr/TracyToPsrLoggerAdapter.php	0.00		cached
ok	/site/core/vendor/tracy/tracy/src/Tracy/Bar/Bar.php	0.00		cached
ok	/site/core/vendor/tracy/tracy/src/Tracy/Bar/DefaultBarPanel.php	0.00		cached
ok	/site/core/vendor/tracy/tracy/src/Tracy/Bar/IBarPanel.php	0.00		cached
fail	/site/core/vendor/tracy/tracy/src/Tracy/Bar/panels/info.panel.php	0.00	compile failed: MIR.verify: dangling local $this read in __main but never defined	cached
ok	/site/core/vendor/tracy/tracy/src/Tracy/BlueScreen/BlueScreen.php	0.00		cached
ok	/site/core/vendor/tracy/tracy/src/Tracy/BlueScreen/CodeHighlighter.php	0.00		cached
ok	/site/core/vendor/tracy/tracy/src/Tracy/Debugger/Debugger.php	0.00		cached
ok	/site/core/vendor/tracy/tracy/src/Tracy/Debugger/DeferredContent.php	0.00		cached
ok	/site/core/vendor/tracy/tracy/src/Tracy/Debugger/DevelopmentStrategy.php	0.00		cached
ok	/site/core/vendor/tracy/tracy/src/Tracy/Debugger/ProductionStrategy.php	0.00		cached
ok	/site/core/vendor/tracy/tracy/src/Tracy/Dumper/Describer.php	0.00		cached
ok	/site/core/vendor/tracy/tracy/src/Tracy/Dumper/Dumper.php	0.00		cached
ok	/site/core/vendor/tracy/tracy/src/Tracy/Dumper/Exposer.php	0.00		cached
ok	/site/core/vendor/tracy/tracy/src/Tracy/Dumper/Renderer.php	0.00		cached
ok	/site/core/vendor/tracy/tracy/src/Tracy/Dumper/Value.php	0.00		cached
ok	/site/core/vendor/tracy/tracy/src/Tracy/Helpers.php	0.00		cached
ok	/site/core/vendor/tracy/tracy/src/Tracy/Logger/ILogger.php	0.00		cached
ok	/site/core/vendor/tracy/tracy/src/Tracy/Logger/Logger.php	0.00		cached
ok	/site/core/vendor/tracy/tracy/src/Tracy/OutputDebugger/OutputDebugger.php	0.00		cached
ok	/site/core/vendor/tracy/tracy/src/Tracy/Session/FileSession.php	0.00		cached
ok	/site/core/vendor/tracy/tracy/src/Tracy/Session/NativeSession.php	0.00		cached
ok	/site/core/vendor/tracy/tracy/src/Tracy/Session/SessionStorage.php	0.00		cached
ok	/site/core/vendor/tracy/tracy/src/Tracy/functions.php	0.00		cached
ok	/site/core/vendor/tracy/tracy/src/tracy.php	0.00		cached
ok	/site/core/vendor/tracy/tracy/tools/create-phar/create-phar.php	0.00		cached
ok	/site/core/vendor/vlucas/phpdotenv/src/Dotenv.php	0.00		cached
ok	/site/core/vendor/vlucas/phpdotenv/src/Exception/ExceptionInterface.php	0.00		cached
ok	/site/core/vendor/vlucas/phpdotenv/src/Exception/InvalidEncodingException.php	0.00		cached
ok	/site/core/vendor/vlucas/phpdotenv/src/Exception/InvalidFileException.php	0.00		cached
ok	/site/core/vendor/vlucas/phpdotenv/src/Exception/InvalidPathException.php	0.00		cached
ok	/site/core/vendor/vlucas/phpdotenv/src/Exception/ValidationException.php	0.00		cached
ok	/site/core/vendor/vlucas/phpdotenv/src/Loader/Loader.php	0.00		cached
ok	/site/core/vendor/vlucas/phpdotenv/src/Loader/LoaderInterface.php	0.00		cached
ok	/site/core/vendor/vlucas/phpdotenv/src/Loader/Resolver.php	0.00		cached
ok	/site/core/vendor/vlucas/phpdotenv/src/Parser/Entry.php	0.00		cached
ok	/site/core/vendor/vlucas/phpdotenv/src/Parser/EntryParser.php	0.00		cached
ok	/site/core/vendor/vlucas/phpdotenv/src/Parser/Lexer.php	0.00		cached
ok	/site/core/vendor/vlucas/phpdotenv/src/Parser/Lines.php	0.00		cached
ok	/site/core/vendor/vlucas/phpdotenv/src/Parser/Parser.php	0.00		cached
ok	/site/core/vendor/vlucas/phpdotenv/src/Parser/ParserInterface.php	0.00		cached
ok	/site/core/vendor/vlucas/phpdotenv/src/Parser/Value.php	0.00		cached
ok	/site/core/vendor/vlucas/phpdotenv/src/Repository/Adapter/AdapterInterface.php	0.00		cached
ok	/site/core/vendor/vlucas/phpdotenv/src/Repository/Adapter/ApacheAdapter.php	0.00		cached
ok	/site/core/vendor/vlucas/phpdotenv/src/Repository/Adapter/ArrayAdapter.php	0.00		cached
ok	/site/core/vendor/vlucas/phpdotenv/src/Repository/Adapter/EnvConstAdapter.php	0.00		cached
ok	/site/core/vendor/vlucas/phpdotenv/src/Repository/Adapter/GuardedWriter.php	0.00		cached
ok	/site/core/vendor/vlucas/phpdotenv/src/Repository/Adapter/ImmutableWriter.php	0.00		cached
ok	/site/core/vendor/vlucas/phpdotenv/src/Repository/Adapter/MultiReader.php	0.00		cached
ok	/site/core/vendor/vlucas/phpdotenv/src/Repository/Adapter/MultiWriter.php	0.00		cached
ok	/site/core/vendor/vlucas/phpdotenv/src/Repository/Adapter/PutenvAdapter.php	0.00		cached
ok	/site/core/vendor/vlucas/phpdotenv/src/Repository/Adapter/ReaderInterface.php	0.00		cached
ok	/site/core/vendor/vlucas/phpdotenv/src/Repository/Adapter/ReplacingWriter.php	0.00		cached
ok	/site/core/vendor/vlucas/phpdotenv/src/Repository/Adapter/ServerConstAdapter.php	0.00		cached
ok	/site/core/vendor/vlucas/phpdotenv/src/Repository/Adapter/WriterInterface.php	0.00		cached
ok	/site/core/vendor/vlucas/phpdotenv/src/Repository/AdapterRepository.php	0.00		cached
ok	/site/core/vendor/vlucas/phpdotenv/src/Repository/RepositoryBuilder.php	0.00		cached
ok	/site/core/vendor/vlucas/phpdotenv/src/Repository/RepositoryInterface.php	0.00		cached
ok	/site/core/vendor/vlucas/phpdotenv/src/Store/File/Paths.php	0.00		cached
ok	/site/core/vendor/vlucas/phpdotenv/src/Store/File/Reader.php	0.00		cached
ok	/site/core/vendor/vlucas/phpdotenv/src/Store/FileStore.php	0.00		cached
ok	/site/core/vendor/vlucas/phpdotenv/src/Store/StoreBuilder.php	0.00		cached
ok	/site/core/vendor/vlucas/phpdotenv/src/Store/StoreInterface.php	0.00		cached
ok	/site/core/vendor/vlucas/phpdotenv/src/Store/StringStore.php	0.00		cached
ok	/site/core/vendor/vlucas/phpdotenv/src/Util/Regex.php	0.00		cached
ok	/site/core/vendor/vlucas/phpdotenv/src/Util/Str.php	0.00		cached
ok	/site/core/vendor/vlucas/phpdotenv/src/Validator.php	0.00		cached
ok	/site/core/vendor/voku/portable-ascii/src/voku/helper/ASCII.php	0.00		cached
ok	/site/core/vendor/voku/portable-ascii/src/voku/helper/data/ascii_by_languages.php	0.00		cached
ok	/site/core/vendor/voku/portable-ascii/src/voku/helper/data/ascii_extras_by_languages.php	0.00		cached
ok	/site/core/vendor/voku/portable-ascii/src/voku/helper/data/ascii_language_max_key.php	0.00		cached
ok	/site/core/vendor/voku/portable-ascii/src/voku/helper/data/ascii_ord.php	0.00		cached
ok	/site/core/vendor/voku/portable-ascii/src/voku/helper/data/x000.php	0.00		cached
ok	/site/core/vendor/voku/portable-ascii/src/voku/helper/data/x001.php	0.00		cached
ok	/site/core/vendor/voku/portable-ascii/src/voku/helper/data/x002.php	0.00		cached
ok	/site/core/vendor/voku/portable-ascii/src/voku/helper/data/x003.php	0.00		cached
ok	/site/core/vendor/voku/portable-ascii/src/voku/helper/data/x004.php	0.00		cached
ok	/site/core/vendor/voku/portable-ascii/src/voku/helper/data/x005.php	0.00		cached
ok	/site/core/vendor/voku/portable-ascii/src/voku/helper/data/x006.php	0.00		cached
ok	/site/core/vendor/voku/portable-ascii/src/voku/helper/data/x007.php	0.00		cached
ok	/site/core/vendor/voku/portable-ascii/src/voku/helper/data/x009.php	0.00		cached
ok	/site/core/vendor/voku/portable-ascii/src/voku/helper/data/x00a.php	0.00		cached
ok	/site/core/vendor/voku/portable-ascii/src/voku/helper/data/x00b.php	0.00		cached
ok	/site/core/vendor/voku/portable-ascii/src/voku/helper/data/x00c.php	0.00		cached
ok	/site/core/vendor/voku/portable-ascii/src/voku/helper/data/x00d.php	0.00		cached
ok	/site/core/vendor/voku/portable-ascii/src/voku/helper/data/x00e.php	0.00		cached
ok	/site/core/vendor/voku/portable-ascii/src/voku/helper/data/x00f.php	0.00		cached
ok	/site/core/vendor/voku/portable-ascii/src/voku/helper/data/x010.php	0.00		cached
ok	/site/core/vendor/voku/portable-ascii/src/voku/helper/data/x011.php	0.00		cached
ok	/site/core/vendor/voku/portable-ascii/src/voku/helper/data/x012.php	0.00		cached
ok	/site/core/vendor/voku/portable-ascii/src/voku/helper/data/x013.php	0.00		cached
ok	/site/core/vendor/voku/portable-ascii/src/voku/helper/data/x014.php	0.00		cached
ok	/site/core/vendor/voku/portable-ascii/src/voku/helper/data/x015.php	0.00		cached
ok	/site/core/vendor/voku/portable-ascii/src/voku/helper/data/x016.php	0.00		cached
ok	/site/core/vendor/voku/portable-ascii/src/voku/helper/data/x017.php	0.00		cached
ok	/site/core/vendor/voku/portable-ascii/src/voku/helper/data/x018.php	0.00		cached
ok	/site/core/vendor/voku/portable-ascii/src/voku/helper/data/x01d.php	0.00		cached
ok	/site/core/vendor/voku/portable-ascii/src/voku/helper/data/x01e.php	0.00		cached
ok	/site/core/vendor/voku/portable-ascii/src/voku/helper/data/x01f.php	0.00		cached
ok	/site/core/vendor/voku/portable-ascii/src/voku/helper/data/x020.php	0.00		cached
ok	/site/core/vendor/voku/portable-ascii/src/voku/helper/data/x021.php	0.00		cached
ok	/site/core/vendor/voku/portable-ascii/src/voku/helper/data/x022.php	0.00		cached
ok	/site/core/vendor/voku/portable-ascii/src/voku/helper/data/x023.php	0.00		cached
ok	/site/core/vendor/voku/portable-ascii/src/voku/helper/data/x024.php	0.00		cached
ok	/site/core/vendor/voku/portable-ascii/src/voku/helper/data/x025.php	0.00		cached
ok	/site/core/vendor/voku/portable-ascii/src/voku/helper/data/x026.php	0.00		cached
ok	/site/core/vendor/voku/portable-ascii/src/voku/helper/data/x027.php	0.00		cached
ok	/site/core/vendor/voku/portable-ascii/src/voku/helper/data/x028.php	0.00		cached
ok	/site/core/vendor/voku/portable-ascii/src/voku/helper/data/x029.php	0.00		cached
ok	/site/core/vendor/voku/portable-ascii/src/voku/helper/data/x02a.php	0.00		cached
ok	/site/core/vendor/voku/portable-ascii/src/voku/helper/data/x02c.php	0.00		cached
ok	/site/core/vendor/voku/portable-ascii/src/voku/helper/data/x02e.php	0.00		cached
ok	/site/core/vendor/voku/portable-ascii/src/voku/helper/data/x02f.php	0.00		cached
ok	/site/core/vendor/voku/portable-ascii/src/voku/helper/data/x030.php	0.00		cached
ok	/site/core/vendor/voku/portable-ascii/src/voku/helper/data/x031.php	0.00		cached
ok	/site/core/vendor/voku/portable-ascii/src/voku/helper/data/x032.php	0.00		cached
ok	/site/core/vendor/voku/portable-ascii/src/voku/helper/data/x033.php	0.00		cached
ok	/site/core/vendor/voku/portable-ascii/src/voku/helper/data/x04d.php	0.00		cached
ok	/site/core/vendor/voku/portable-ascii/src/voku/helper/data/x04e.php	0.00		cached
ok	/site/core/vendor/voku/portable-ascii/src/voku/helper/data/x04f.php	0.00		cached
ok	/site/core/vendor/voku/portable-ascii/src/voku/helper/data/x050.php	0.00		cached
ok	/site/core/vendor/voku/portable-ascii/src/voku/helper/data/x051.php	0.00		cached
ok	/site/core/vendor/voku/portable-ascii/src/voku/helper/data/x052.php	0.00		cached
ok	/site/core/vendor/voku/portable-ascii/src/voku/helper/data/x053.php	0.00		cached
ok	/site/core/vendor/voku/portable-ascii/src/voku/helper/data/x054.php	0.00		cached
ok	/site/core/vendor/voku/portable-ascii/src/voku/helper/data/x055.php	0.00		cached
ok	/site/core/vendor/voku/portable-ascii/src/voku/helper/data/x056.php	0.00		cached
ok	/site/core/vendor/voku/portable-ascii/src/voku/helper/data/x057.php	0.00		cached
ok	/site/core/vendor/voku/portable-ascii/src/voku/helper/data/x058.php	0.00		cached
ok	/site/core/vendor/voku/portable-ascii/src/voku/helper/data/x059.php	0.00		cached
ok	/site/core/vendor/voku/portable-ascii/src/voku/helper/data/x05a.php	0.00		cached
ok	/site/core/vendor/voku/portable-ascii/src/voku/helper/data/x05b.php	0.00		cached
ok	/site/core/vendor/voku/portable-ascii/src/voku/helper/data/x05c.php	0.00		cached
ok	/site/core/vendor/voku/portable-ascii/src/voku/helper/data/x05d.php	0.00		cached
ok	/site/core/vendor/voku/portable-ascii/src/voku/helper/data/x05e.php	0.00		cached
ok	/site/core/vendor/voku/portable-ascii/src/voku/helper/data/x05f.php	0.00		cached
ok	/site/core/vendor/voku/portable-ascii/src/voku/helper/data/x060.php	0.00		cached
ok	/site/core/vendor/voku/portable-ascii/src/voku/helper/data/x061.php	0.00		cached
ok	/site/core/vendor/voku/portable-ascii/src/voku/helper/data/x062.php	0.00		cached
ok	/site/core/vendor/voku/portable-ascii/src/voku/helper/data/x063.php	0.00		cached
ok	/site/core/vendor/voku/portable-ascii/src/voku/helper/data/x064.php	0.00		cached
ok	/site/core/vendor/voku/portable-ascii/src/voku/helper/data/x065.php	0.00		cached
ok	/site/core/vendor/voku/portable-ascii/src/voku/helper/data/x066.php	0.00		cached
ok	/site/core/vendor/voku/portable-ascii/src/voku/helper/data/x067.php	0.00		cached
ok	/site/core/vendor/voku/portable-ascii/src/voku/helper/data/x068.php	0.00		cached
ok	/site/core/vendor/voku/portable-ascii/src/voku/helper/data/x069.php	0.00		cached
ok	/site/core/vendor/voku/portable-ascii/src/voku/helper/data/x06a.php	0.00		cached
ok	/site/core/vendor/voku/portable-ascii/src/voku/helper/data/x06b.php	0.00		cached
ok	/site/core/vendor/voku/portable-ascii/src/voku/helper/data/x06c.php	0.00		cached
ok	/site/core/vendor/voku/portable-ascii/src/voku/helper/data/x06d.php	0.00		cached
ok	/site/core/vendor/voku/portable-ascii/src/voku/helper/data/x06e.php	0.00		cached
ok	/site/core/vendor/voku/portable-ascii/src/voku/helper/data/x06f.php	0.00		cached
ok	/site/core/vendor/voku/portable-ascii/src/voku/helper/data/x070.php	0.00		cached
ok	/site/core/vendor/voku/portable-ascii/src/voku/helper/data/x071.php	0.00		cached
ok	/site/core/vendor/voku/portable-ascii/src/voku/helper/data/x072.php	0.00		cached
ok	/site/core/vendor/voku/portable-ascii/src/voku/helper/data/x073.php	0.00		cached
ok	/site/core/vendor/voku/portable-ascii/src/voku/helper/data/x074.php	0.00		cached
ok	/site/core/vendor/voku/portable-ascii/src/voku/helper/data/x075.php	0.00		cached
ok	/site/core/vendor/voku/portable-ascii/src/voku/helper/data/x076.php	0.00		cached
ok	/site/core/vendor/voku/portable-ascii/src/voku/helper/data/x077.php	0.00		cached
ok	/site/core/vendor/voku/portable-ascii/src/voku/helper/data/x078.php	0.00		cached
ok	/site/core/vendor/voku/portable-ascii/src/voku/helper/data/x079.php	0.00		cached
ok	/site/core/vendor/voku/portable-ascii/src/voku/helper/data/x07a.php	0.00		cached
ok	/site/core/vendor/voku/portable-ascii/src/voku/helper/data/x07b.php	0.00		cached
ok	/site/core/vendor/voku/portable-ascii/src/voku/helper/data/x07c.php	0.00		cached
ok	/site/core/vendor/voku/portable-ascii/src/voku/helper/data/x07d.php	0.00		cached
ok	/site/core/vendor/voku/portable-ascii/src/voku/helper/data/x07e.php	0.00		cached
ok	/site/core/vendor/voku/portable-ascii/src/voku/helper/data/x07f.php	0.00		cached
ok	/site/core/vendor/voku/portable-ascii/src/voku/helper/data/x080.php	0.00		cached
ok	/site/core/vendor/voku/portable-ascii/src/voku/helper/data/x081.php	0.00		cached
ok	/site/core/vendor/voku/portable-ascii/src/voku/helper/data/x082.php	0.00		cached
ok	/site/core/vendor/voku/portable-ascii/src/voku/helper/data/x083.php	0.00		cached
ok	/site/core/vendor/voku/portable-ascii/src/voku/helper/data/x084.php	0.00		cached
ok	/site/core/vendor/voku/portable-ascii/src/voku/helper/data/x085.php	0.00		cached
ok	/site/core/vendor/voku/portable-ascii/src/voku/helper/data/x086.php	0.00		cached
ok	/site/core/vendor/voku/portable-ascii/src/voku/helper/data/x087.php	0.00		cached
ok	/site/core/vendor/voku/portable-ascii/src/voku/helper/data/x088.php	0.00		cached
ok	/site/core/vendor/voku/portable-ascii/src/voku/helper/data/x089.php	0.00		cached
ok	/site/core/vendor/voku/portable-ascii/src/voku/helper/data/x08a.php	0.00		cached
ok	/site/core/vendor/voku/portable-ascii/src/voku/helper/data/x08b.php	0.00		cached
ok	/site/core/vendor/voku/portable-ascii/src/voku/helper/data/x08c.php	0.00		cached
ok	/site/core/vendor/voku/portable-ascii/src/voku/helper/data/x08d.php	0.00		cached
ok	/site/core/vendor/voku/portable-ascii/src/voku/helper/data/x08e.php	0.00		cached
ok	/site/core/vendor/voku/portable-ascii/src/voku/helper/data/x08f.php	0.00		cached
ok	/site/core/vendor/voku/portable-ascii/src/voku/helper/data/x090.php	0.00		cached
ok	/site/core/vendor/voku/portable-ascii/src/voku/helper/data/x091.php	0.00		cached
ok	/site/core/vendor/voku/portable-ascii/src/voku/helper/data/x092.php	0.00		cached
ok	/site/core/vendor/voku/portable-ascii/src/voku/helper/data/x093.php	0.00		cached
ok	/site/core/vendor/voku/portable-ascii/src/voku/helper/data/x094.php	0.00		cached
ok	/site/core/vendor/voku/portable-ascii/src/voku/helper/data/x095.php	0.00		cached
ok	/site/core/vendor/voku/portable-ascii/src/voku/helper/data/x096.php	0.00		cached
ok	/site/core/vendor/voku/portable-ascii/src/voku/helper/data/x097.php	0.00		cached
ok	/site/core/vendor/voku/portable-ascii/src/voku/helper/data/x098.php	0.00		cached
ok	/site/core/vendor/voku/portable-ascii/src/voku/helper/data/x099.php	0.00		cached
ok	/site/core/vendor/voku/portable-ascii/src/voku/helper/data/x09a.php	0.00		cached
ok	/site/core/vendor/voku/portable-ascii/src/voku/helper/data/x09b.php	0.00		cached
ok	/site/core/vendor/voku/portable-ascii/src/voku/helper/data/x09c.php	0.00		cached
ok	/site/core/vendor/voku/portable-ascii/src/voku/helper/data/x09d.php	0.00		cached
ok	/site/core/vendor/voku/portable-ascii/src/voku/helper/data/x09e.php	0.00		cached
ok	/site/core/vendor/voku/portable-ascii/src/voku/helper/data/x09f.php	0.00		cached
ok	/site/core/vendor/voku/portable-ascii/src/voku/helper/data/x0a0.php	0.00		cached
ok	/site/core/vendor/voku/portable-ascii/src/voku/helper/data/x0a1.php	0.00		cached
ok	/site/core/vendor/voku/portable-ascii/src/voku/helper/data/x0a2.php	0.00		cached
ok	/site/core/vendor/voku/portable-ascii/src/voku/helper/data/x0a3.php	0.00		cached
ok	/site/core/vendor/voku/portable-ascii/src/voku/helper/data/x0a4.php	0.00		cached
ok	/site/core/vendor/voku/portable-ascii/src/voku/helper/data/x0ac.php	0.00		cached
ok	/site/core/vendor/voku/portable-ascii/src/voku/helper/data/x0ad.php	0.00		cached
ok	/site/core/vendor/voku/portable-ascii/src/voku/helper/data/x0ae.php	0.00		cached
ok	/site/core/vendor/voku/portable-ascii/src/voku/helper/data/x0af.php	0.00		cached
ok	/site/core/vendor/voku/portable-ascii/src/voku/helper/data/x0b0.php	0.00		cached
ok	/site/core/vendor/voku/portable-ascii/src/voku/helper/data/x0b1.php	0.00		cached
ok	/site/core/vendor/voku/portable-ascii/src/voku/helper/data/x0b2.php	0.00		cached
ok	/site/core/vendor/voku/portable-ascii/src/voku/helper/data/x0b3.php	0.00		cached
ok	/site/core/vendor/voku/portable-ascii/src/voku/helper/data/x0b4.php	0.00		cached
ok	/site/core/vendor/voku/portable-ascii/src/voku/helper/data/x0b5.php	0.00		cached
ok	/site/core/vendor/voku/portable-ascii/src/voku/helper/data/x0b6.php	0.00		cached
ok	/site/core/vendor/voku/portable-ascii/src/voku/helper/data/x0b7.php	0.00		cached
ok	/site/core/vendor/voku/portable-ascii/src/voku/helper/data/x0b8.php	0.00		cached
ok	/site/core/vendor/voku/portable-ascii/src/voku/helper/data/x0b9.php	0.00		cached
ok	/site/core/vendor/voku/portable-ascii/src/voku/helper/data/x0ba.php	0.00		cached
ok	/site/core/vendor/voku/portable-ascii/src/voku/helper/data/x0bb.php	0.00		cached
ok	/site/core/vendor/voku/portable-ascii/src/voku/helper/data/x0bc.php	0.00		cached
ok	/site/core/vendor/voku/portable-ascii/src/voku/helper/data/x0bd.php	0.00		cached
ok	/site/core/vendor/voku/portable-ascii/src/voku/helper/data/x0be.php	0.00		cached
ok	/site/core/vendor/voku/portable-ascii/src/voku/helper/data/x0bf.php	0.00		cached
ok	/site/core/vendor/voku/portable-ascii/src/voku/helper/data/x0c0.php	0.00		cached
ok	/site/core/vendor/voku/portable-ascii/src/voku/helper/data/x0c1.php	0.00		cached
ok	/site/core/vendor/voku/portable-ascii/src/voku/helper/data/x0c2.php	0.00		cached
ok	/site/core/vendor/voku/portable-ascii/src/voku/helper/data/x0c3.php	0.00		cached
ok	/site/core/vendor/voku/portable-ascii/src/voku/helper/data/x0c4.php	0.00		cached
ok	/site/core/vendor/voku/portable-ascii/src/voku/helper/data/x0c5.php	0.00		cached
ok	/site/core/vendor/voku/portable-ascii/src/voku/helper/data/x0c6.php	0.00		cached
ok	/site/core/vendor/voku/portable-ascii/src/voku/helper/data/x0c7.php	0.00		cached
ok	/site/core/vendor/voku/portable-ascii/src/voku/helper/data/x0c8.php	0.00		cached
ok	/site/core/vendor/voku/portable-ascii/src/voku/helper/data/x0c9.php	0.00		cached
ok	/site/core/vendor/voku/portable-ascii/src/voku/helper/data/x0ca.php	0.00		cached
ok	/site/core/vendor/voku/portable-ascii/src/voku/helper/data/x0cb.php	0.00		cached
ok	/site/core/vendor/voku/portable-ascii/src/voku/helper/data/x0cc.php	0.00		cached
ok	/site/core/vendor/voku/portable-ascii/src/voku/helper/data/x0cd.php	0.00		cached
ok	/site/core/vendor/voku/portable-ascii/src/voku/helper/data/x0ce.php	0.00		cached
ok	/site/core/vendor/voku/portable-ascii/src/voku/helper/data/x0cf.php	0.00		cached
ok	/site/core/vendor/voku/portable-ascii/src/voku/helper/data/x0d0.php	0.00		cached
ok	/site/core/vendor/voku/portable-ascii/src/voku/helper/data/x0d1.php	0.00		cached
ok	/site/core/vendor/voku/portable-ascii/src/voku/helper/data/x0d2.php	0.00		cached
ok	/site/core/vendor/voku/portable-ascii/src/voku/helper/data/x0d3.php	0.00		cached
ok	/site/core/vendor/voku/portable-ascii/src/voku/helper/data/x0d4.php	0.00		cached
ok	/site/core/vendor/voku/portable-ascii/src/voku/helper/data/x0d5.php	0.00		cached
ok	/site/core/vendor/voku/portable-ascii/src/voku/helper/data/x0d6.php	0.00		cached
ok	/site/core/vendor/voku/portable-ascii/src/voku/helper/data/x0d7.php	0.00		cached
ok	/site/core/vendor/voku/portable-ascii/src/voku/helper/data/x0f9.php	0.00		cached
ok	/site/core/vendor/voku/portable-ascii/src/voku/helper/data/x0fa.php	0.00		cached
ok	/site/core/vendor/voku/portable-ascii/src/voku/helper/data/x0fb.php	0.00		cached
ok	/site/core/vendor/voku/portable-ascii/src/voku/helper/data/x0fc.php	0.00		cached
ok	/site/core/vendor/voku/portable-ascii/src/voku/helper/data/x0fd.php	0.00		cached
ok	/site/core/vendor/voku/portable-ascii/src/voku/helper/data/x0fe.php	0.00		cached
ok	/site/core/vendor/voku/portable-ascii/src/voku/helper/data/x0ff.php	0.00		cached
ok	/site/core/vendor/voku/portable-ascii/src/voku/helper/data/x1d4.php	0.00		cached
ok	/site/core/vendor/voku/portable-ascii/src/voku/helper/data/x1d5.php	0.00		cached
ok	/site/core/vendor/voku/portable-ascii/src/voku/helper/data/x1d6.php	0.00		cached
ok	/site/core/vendor/voku/portable-ascii/src/voku/helper/data/x1d7.php	0.00		cached
ok	/site/core/vendor/voku/portable-ascii/src/voku/helper/data/x1f1.php	0.00		cached
ok	/site/core/vendor/webmozart/assert/src/Assert.php	0.00		cached
ok	/site/core/vendor/webmozart/assert/src/HasAssert.php	0.00		cached
ok	/site/core/vendor/webmozart/assert/src/InvalidArgumentException.php	0.00		cached
ok	/site/core/vendor/webmozart/assert/src/Mixin.php	0.00		cached
ok	/site/core/vendor/webmozart/assert/src/PsalmPlugin.php	0.00		cached
ok	/site/core/vendor/wikimedia/composer-merge-plugin/src/ExtraPackage.php	0.00		cached
ok	/site/core/vendor/wikimedia/composer-merge-plugin/src/Logger.php	0.00		cached
ok	/site/core/vendor/wikimedia/composer-merge-plugin/src/MergePlugin.php	0.00		cached
ok	/site/core/vendor/wikimedia/composer-merge-plugin/src/MissingFileException.php	0.00		cached
ok	/site/core/vendor/wikimedia/composer-merge-plugin/src/MultiConstraint.php	0.00		cached
ok	/site/core/vendor/wikimedia/composer-merge-plugin/src/NestedArray.php	0.00		cached
ok	/site/core/vendor/wikimedia/composer-merge-plugin/src/PluginState.php	0.00		cached
ok	/site/core/vendor/wikimedia/composer-merge-plugin/src/StabilityFlags.php	0.00		cached
fail	/site/index.php	0.00	timeout: the monitored command dumped core	cached
fail	/site/manager/actions/bkmanager.static.php	0.00	/site/manager/actions/bkmanager.static.php: parse failed: unexpected token in expression: Less at line 228, column 9	cached
ok	/site/manager/actions/category_mgr/inc/Categories.php	0.00		cached
fail	/site/manager/actions/category_mgr/inc/Module_Categories_Manager.php	0.00	compile failed: MIR.verify: dangling local $modx read in __main but never defined	cached
fail	/site/manager/actions/category_mgr/inc/request_trigger.inc.php	0.00	compile failed: MIR.verify: dangling local $cm read in __main but never defined	cached
fail	/site/manager/actions/files.dynamic.php	0.00	/site/manager/actions/files.dynamic.php: parse failed: unexpected token in expression: Less at line 815, column 17	cached
fail	/site/manager/actions/logging.static.php	0.00	/site/manager/actions/logging.static.php: parse failed: expected ';' after echo at line 105, column 91	cached
fail	/site/manager/actions/mutate_categories.dynamic.php	0.00	compile failed: MIR.verify: dangling local $_lang read in __main but never defined	cached
fail	/site/manager/actions/mutate_content.dynamic.php	0.00	/site/manager/actions/mutate_content.dynamic.php: parse failed: expected ';' after echo at line 556, column 79	cached
fail	/site/manager/actions/mutate_menuindex_sort.dynamic.php	0.00	compile failed: MIR.verify: dangling local $_lang read in __main but never defined	cached
fail	/site/manager/actions/mutate_module.dynamic.php	0.00	compile failed: MIR.verify: dangling local $modx read in __main but never defined	cached
fail	/site/manager/actions/mutate_module_resources.dynamic.php	0.00	/site/manager/actions/mutate_module_resources.dynamic.php: parse failed: expected ';' after echo at line 184, column 70	cached
fail	/site/manager/actions/mutate_template_tv_rank.dynamic.php	0.00	compile failed: MIR.verify: dangling local $_lang read in __main but never defined	cached
fail	/site/manager/actions/mutate_web_user.dynamic.php	0.00	/site/manager/actions/mutate_web_user.dynamic.php: parse failed: unexpected token in expression: Semicolon at line 103, column 2	cached
fail	/site/manager/actions/resource_selector.static.php	0.00	compile failed: MIR.verify: dangling local $_lang read in __main but never defined	cached
fail	/site/manager/actions/web_user_management.static.php	0.00	/site/manager/actions/web_user_management.static.php: parse failed: expected ';' after echo at line 172, column 88	cached
ok	/site/manager/captcha.php	0.00		cached
ok	/site/manager/includes/accesscontrol.inc.php	0.00		cached
ok	/site/manager/includes/actionlist.inc.php	0.00		cached
fail	/site/manager/includes/active_user_locks.inc.php	0.00	compile failed: MIR.verify: dangling local $lockElementId read in __main but never defined	cached
ok	/site/manager/includes/active_user_locks.php	0.00		cached
ok	/site/manager/includes/categories.inc.php	0.00		cached
fail	/site/manager/includes/config_check.inc.php	0.00	/site/manager/includes/config_check.inc.php: parse failed: unexpected token in expression: Semicolon at line 14, column 10	cached
ok	/site/manager/includes/controls/datagrid.class.php	0.00		cached
ok	/site/manager/includes/debug.inc.php	0.00		cached
ok	/site/manager/includes/document.parser.class.inc.php	0.00		cached
ok	/site/manager/includes/error.class.inc.php	0.00		cached
fail	/site/manager/includes/extenders/message.quit.inc.php	0.00	compile failed: MIR.verify: dangling local $version read in __main but never defined	cached
ok	/site/manager/includes/extenders/modxmailer.class.inc.php	0.00		cached
ok	/site/manager/includes/footer.inc.php	0.00		cached
ok	/site/manager/includes/header.inc.php	0.00		cached
ok	/site/manager/includes/lang/country/az_country.inc.php	0.00		cached
ok	/site/manager/includes/lang/country/be_country.inc.php	0.00		cached
ok	/site/manager/includes/lang/country/bg_country.inc.php	0.00		cached
ok	/site/manager/includes/lang/country/cs_country.inc.php	0.00		cached
ok	/site/manager/includes/lang/country/da_country.inc.php	0.00		cached
ok	/site/manager/includes/lang/country/de_country.inc.php	0.00		cached
ok	/site/manager/includes/lang/country/en_country.inc.php	0.00		cached
ok	/site/manager/includes/lang/country/es_country.inc.php	0.00		cached
ok	/site/manager/includes/lang/country/fa_country.inc.php	0.00		cached
ok	/site/manager/includes/lang/country/fi_country.inc.php	0.00		cached
ok	/site/manager/includes/lang/country/fr_country.inc.php	0.00		cached
ok	/site/manager/includes/lang/country/he_country.inc.php	0.00		cached
ok	/site/manager/includes/lang/country/it_country.inc.php	0.00		cached
ok	/site/manager/includes/lang/country/ja_country.inc.php	0.00		cached
ok	/site/manager/includes/lang/country/nl_country.inc.php	0.00		cached
ok	/site/manager/includes/lang/country/nn_country.inc.php	0.00		cached
ok	/site/manager/includes/lang/country/pl_country.inc.php	0.00		cached
ok	/site/manager/includes/lang/country/pt_country.inc.php	0.00		cached
ok	/site/manager/includes/lang/country/ru_country.inc.php	0.00		cached
ok	/site/manager/includes/lang/country/sv_country.inc.php	0.00		cached
ok	/site/manager/includes/lang/country/uk_country.inc.php	0.00		cached
ok	/site/manager/includes/lang/country/zh_country.inc.php	0.00		cached
ok	/site/manager/includes/lang/errormsg/az.inc.php	0.00		cached
ok	/site/manager/includes/lang/errormsg/be.inc.php	0.00		cached
ok	/site/manager/includes/lang/errormsg/bg.inc.php	0.00		cached
ok	/site/manager/includes/lang/errormsg/cs.inc.php	0.00		cached
ok	/site/manager/includes/lang/errormsg/da.inc.php	0.00		cached
ok	/site/manager/includes/lang/errormsg/de.inc.php	0.00		cached
ok	/site/manager/includes/lang/errormsg/en.inc.php	0.00		cached
ok	/site/manager/includes/lang/errormsg/es.inc.php	0.00		cached
ok	/site/manager/includes/lang/errormsg/fa.inc.php	0.00		cached
ok	/site/manager/includes/lang/errormsg/fi.inc.php	0.00		cached
ok	/site/manager/includes/lang/errormsg/fr.inc.php	0.00		cached
ok	/site/manager/includes/lang/errormsg/he.inc.php	0.00		cached
ok	/site/manager/includes/lang/errormsg/it.inc.php	0.00		cached
ok	/site/manager/includes/lang/errormsg/ja.inc.php	0.00		cached
ok	/site/manager/includes/lang/errormsg/nl.inc.php	0.00		cached
ok	/site/manager/includes/lang/errormsg/nn.inc.php	0.00		cached
ok	/site/manager/includes/lang/errormsg/pl.inc.php	0.00		cached
ok	/site/manager/includes/lang/errormsg/pt.inc.php	0.00		cached
ok	/site/manager/includes/lang/errormsg/ru.inc.php	0.00		cached
ok	/site/manager/includes/lang/errormsg/sv.inc.php	0.00		cached
ok	/site/manager/includes/lang/errormsg/uk.inc.php	0.00		cached
ok	/site/manager/includes/lang/errormsg/zh.inc.php	0.00		cached
ok	/site/manager/includes/lang/override/example.english.inc.php	0.00		cached
ok	/site/manager/includes/log.class.inc.php	0.00		cached
ok	/site/manager/includes/manager.lockout.inc.php	0.00		cached
ok	/site/manager/includes/menu.class.inc.php	0.00		cached
fail	/site/manager/includes/mutate_settings.ajax.php	0.00	compile failed: MIR.verify: dangling local $_lang read in __main but never defined	cached
ok	/site/manager/includes/paginate.inc.php	0.00		cached
ok	/site/manager/includes/preload.functions.inc.php	0.00		cached
ok	/site/manager/includes/secure_web_documents.inc.php	0.00		cached
ok	/site/manager/includes/session_keepalive.php	0.00		cached
fail	/site/manager/includes/settings.inc.php	0.00	compile failed: MIR.verify: dangling local $modx read in __main but never defined	cached
fail	/site/manager/includes/sysalert.display.inc.php	0.00	compile failed: MIR.verify: dangling local $_lang read in __main but never defined	cached
ok	/site/manager/includes/template.parser.class.inc.php	0.00		cached
ok	/site/manager/includes/tmplvars.commands.inc.php	0.00		cached
ok	/site/manager/includes/tmplvars.format.inc.php	0.00		cached
ok	/site/manager/includes/tmplvars.inc.php	0.00		cached
fail	/site/manager/includes/user_settings.inc.php	0.00	compile failed: MIR.verify: dangling local $which_browser read in __main but never defined	cached
ok	/site/manager/includes/veriword.php	0.00		cached
ok	/site/manager/includes/version.inc.php	0.00		cached
ok	/site/manager/index.php	0.00		cached
ok	/site/manager/media/browser/mcpuk/browse.php	0.00		cached
ok	/site/manager/media/browser/mcpuk/browser.php	0.00		cached
ok	/site/manager/media/browser/mcpuk/config.php	0.00		cached
ok	/site/manager/media/browser/mcpuk/core/autoload.php	0.00		cached
ok	/site/manager/media/browser/mcpuk/core/browser.php	0.00		cached
ok	/site/manager/media/browser/mcpuk/core/types/type_img.php	0.00		cached
ok	/site/manager/media/browser/mcpuk/core/types/type_mime.php	0.00		cached
fail	/site/manager/media/browser/mcpuk/core/uploader.php	0.00	compile failed: lazy body /site/manager/media/browser/mcpuk/core/uploader.php:755 [{         $message = text::jsValue($message);         $CKfuncNum = isset($this->opener['CKEditor']['funcNum'])          ]: expected ';' after echo at line 782, column 47	cached
fail	/site/manager/media/browser/mcpuk/css.php	0.00	/site/manager/media/browser/mcpuk/css.php: parse failed: expected ';' after echo at line 107, column 45	cached
ok	/site/manager/media/browser/mcpuk/js/browser/joiner.php	0.00		cached
fail	/site/manager/media/browser/mcpuk/js_localize.php	0.00	compile failed: MIR.verify: dangling local $lang read in __main but never defined	cached
ok	/site/manager/media/browser/mcpuk/lang/af.php	0.00		cached
ok	/site/manager/media/browser/mcpuk/lang/az.php	0.00		cached
ok	/site/manager/media/browser/mcpuk/lang/bg.php	0.00		cached
ok	/site/manager/media/browser/mcpuk/lang/ca.php	0.00		cached
ok	/site/manager/media/browser/mcpuk/lang/cs.php	0.00		cached
ok	/site/manager/media/browser/mcpuk/lang/da.php	0.00		cached
ok	/site/manager/media/browser/mcpuk/lang/de.php	0.00		cached
ok	/site/manager/media/browser/mcpuk/lang/el.php	0.00		cached
ok	/site/manager/media/browser/mcpuk/lang/en.php	0.00		cached
ok	/site/manager/media/browser/mcpuk/lang/es.php	0.00		cached
ok	/site/manager/media/browser/mcpuk/lang/et.php	0.00		cached
ok	/site/manager/media/browser/mcpuk/lang/fa.php	0.00		cached
ok	/site/manager/media/browser/mcpuk/lang/fi.php	0.00		cached
ok	/site/manager/media/browser/mcpuk/lang/fr.php	0.00		cached
ok	/site/manager/media/browser/mcpuk/lang/he.php	0.00		cached
ok	/site/manager/media/browser/mcpuk/lang/hu.php	0.00		cached
ok	/site/manager/media/browser/mcpuk/lang/id.php	0.00		cached
ok	/site/manager/media/browser/mcpuk/lang/it.php	0.00		cached
ok	/site/manager/media/browser/mcpuk/lang/ja.php	0.00		cached
ok	/site/manager/media/browser/mcpuk/lang/lt.php	0.00		cached
ok	/site/manager/media/browser/mcpuk/lang/nl.php	0.00		cached
ok	/site/manager/media/browser/mcpuk/lang/no.php	0.00		cached
ok	/site/manager/media/browser/mcpuk/lang/pl.php	0.00		cached
ok	/site/manager/media/browser/mcpuk/lang/pt-br.php	0.00		cached
ok	/site/manager/media/browser/mcpuk/lang/pt.php	0.00		cached
ok	/site/manager/media/browser/mcpuk/lang/ro.php	0.00		cached
ok	/site/manager/media/browser/mcpuk/lang/ru.php	0.00		cached
ok	/site/manager/media/browser/mcpuk/lang/sk.php	0.00		cached
ok	/site/manager/media/browser/mcpuk/lang/sv.php	0.00		cached
ok	/site/manager/media/browser/mcpuk/lang/tr.php	0.00		cached
ok	/site/manager/media/browser/mcpuk/lang/uk.php	0.00		cached
ok	/site/manager/media/browser/mcpuk/lang/vi.php	0.00		cached
ok	/site/manager/media/browser/mcpuk/lang/zh-cn.php	0.00		cached
ok	/site/manager/media/browser/mcpuk/lib/class_fastImage.php	0.00		cached
ok	/site/manager/media/browser/mcpuk/lib/class_gd.php	0.00		cached
fail	/site/manager/media/browser/mcpuk/lib/class_image.php	0.00	compile failed: MIR.verify: dangling local $avail read in image__getDriver but never defined	cached
ok	/site/manager/media/browser/mcpuk/lib/class_image_gd.php	0.00		cached
ok	/site/manager/media/browser/mcpuk/lib/class_image_gmagick.php	0.00		cached
ok	/site/manager/media/browser/mcpuk/lib/class_image_imagick.php	0.00		cached
ok	/site/manager/media/browser/mcpuk/lib/class_input.php	0.00		cached
ok	/site/manager/media/browser/mcpuk/lib/class_zipFolder.php	0.00		cached
ok	/site/manager/media/browser/mcpuk/lib/helper_dir.php	0.00		cached
ok	/site/manager/media/browser/mcpuk/lib/helper_file.php	0.00		cached
ok	/site/manager/media/browser/mcpuk/lib/helper_httpCache.php	0.00		cached
ok	/site/manager/media/browser/mcpuk/lib/helper_path.php	0.00		cached
ok	/site/manager/media/browser/mcpuk/lib/helper_text.php	0.00		cached
fail	/site/manager/media/browser/mcpuk/tpl/tpl_browser.php	0.00	/site/manager/media/browser/mcpuk/tpl/tpl_browser.php: parse failed: expected ';' after echo at line 6, column 42	cached
fail	/site/manager/media/browser/mcpuk/tpl/tpl_css.php	0.00	/site/manager/media/browser/mcpuk/tpl/tpl_css.php: parse failed: expected ';' after echo at line 1, column 49	cached
fail	/site/manager/media/browser/mcpuk/tpl/tpl_javascript.php	0.00	/site/manager/media/browser/mcpuk/tpl/tpl_javascript.php: parse failed: expected ';' after echo at line 9, column 57	cached
ok	/site/manager/media/calendar/datepicker.inc.php	0.00		cached
ok	/site/manager/media/script/air-datepicker/datepicker.inc.php	0.00		cached
ok	/site/manager/media/style/default/CSSMinify.php	0.00		cached
ok	/site/manager/media/style/default/ajax.php	0.00		cached
fail	/site/manager/media/style/default/color.switcher.php	0.00	compile failed: MIR.verify: dangling local $_style read in __main but never defined	cached
ok	/site/manager/media/style/default/snippets/welcome/RecentInfo.php	0.00		cached
fail	/site/manager/media/style/default/style.php	0.00	compile failed: MIR.verify: dangling local $_lang read in __main but never defined	cached
ok	/site/manager/processors/cache_sync.class.processor.php	0.00		cached
fail	/site/manager/processors/delete_category.processor.php	0.00	compile failed: MIR.verify: dangling local $_lang read in __main but never defined	cached
fail	/site/manager/processors/delete_content.processor.php	0.00	compile failed: MIR.verify: dangling local $_lang read in __main but never defined	cached
fail	/site/manager/processors/delete_eventlog.processor.php	0.00	compile failed: MIR.verify: dangling local $_lang read in __main but never defined	cached
fail	/site/manager/processors/delete_htmlsnippet.processor.php	0.00	compile failed: MIR.verify: dangling local $_lang read in __main but never defined	cached
fail	/site/manager/processors/delete_module.processor.php	0.00	compile failed: MIR.verify: dangling local $_lang read in __main but never defined	cached
fail	/site/manager/processors/delete_plugin.processor.php	0.00	compile failed: MIR.verify: dangling local $_lang read in __main but never defined	cached
fail	/site/manager/processors/delete_role.processor.php	0.00	compile failed: MIR.verify: dangling local $_lang read in __main but never defined	cached
fail	/site/manager/processors/delete_snippet.processor.php	0.00	compile failed: MIR.verify: dangling local $_lang read in __main but never defined	cached
fail	/site/manager/processors/delete_template.processor.php	0.00	compile failed: MIR.verify: dangling local $_lang read in __main but never defined	cached
fail	/site/manager/processors/delete_tmplvars.processor.php	0.00	compile failed: MIR.verify: dangling local $_lang read in __main but never defined	cached
fail	/site/manager/processors/duplicate_content.processor.php	0.00	compile failed: MIR.verify: dangling local $_lang read in __main but never defined	cached
fail	/site/manager/processors/duplicate_htmlsnippet.processor.php	0.00	compile failed: MIR.verify: dangling local $_lang read in __main but never defined	cached
fail	/site/manager/processors/duplicate_module.processor.php	0.00	compile failed: MIR.verify: dangling local $_lang read in __main but never defined	cached
fail	/site/manager/processors/duplicate_plugin.processor.php	0.00	compile failed: MIR.verify: dangling local $_lang read in __main but never defined	cached
fail	/site/manager/processors/duplicate_snippet.processor.php	0.00	compile failed: MIR.verify: dangling local $_lang read in __main but never defined	cached
fail	/site/manager/processors/duplicate_template.processor.php	0.00	compile failed: MIR.verify: dangling local $_lang read in __main but never defined	cached
fail	/site/manager/processors/duplicate_tmplvars.processor.php	0.00	compile failed: MIR.verify: dangling local $_lang read in __main but never defined	cached
fail	/site/manager/processors/empty_table.processor.php	0.00	compile failed: MIR.verify: dangling local $_lang read in __main but never defined	cached
fail	/site/manager/processors/execute_module.processor.php	0.00	compile failed: MIR.verify: dangling local $modx read in __main but never defined	cached
fail	/site/manager/processors/optimize_table.processor.php	0.00	compile failed: MIR.verify: dangling local $_lang read in __main but never defined	cached
fail	/site/manager/processors/publish_content.processor.php	0.00	compile failed: MIR.verify: dangling local $_lang read in __main but never defined	cached
fail	/site/manager/processors/purge_plugin.processor.php	0.00	compile failed: MIR.verify: dangling local $e read in __main but never defined	cached
fail	/site/manager/processors/remove_content.processor.php	0.00	compile failed: MIR.verify: dangling local $_lang read in __main but never defined	cached
ok	/site/manager/processors/remove_installer.processor.php	0.00		cached
fail	/site/manager/processors/remove_locks.processor.php	0.00	compile failed: MIR.verify: dangling local $_lang read in __main but never defined	cached
fail	/site/manager/processors/save_content.processor.php	0.00	compile failed: MIR.verify: dangling local $_lang read in __main but never defined	cached
fail	/site/manager/processors/save_htmlsnippet.processor.php	0.00	compile failed: MIR.verify: dangling local $_lang read in __main but never defined	cached
fail	/site/manager/processors/save_module.processor.php	0.00	compile failed: MIR.verify: dangling local $modx read in __main but never defined	cached
fail	/site/manager/processors/save_plugin.processor.php	0.00	compile failed: MIR.verify: dangling local $modx read in __main but never defined	cached
fail	/site/manager/processors/save_settings.processor.php	0.00	compile failed: MIR.verify: dangling local $modx read in __main but never defined	cached
fail	/site/manager/processors/save_snippet.processor.php	0.00	compile failed: MIR.verify: dangling local $modx read in __main but never defined	cached
fail	/site/manager/processors/save_template.processor.php	0.00	compile failed: MIR.verify: dangling local $docid read in __main but never defined	cached
fail	/site/manager/processors/save_tmplvars.processor.php	0.00	compile failed: MIR.verify: dangling local $modx read in __main but never defined	cached
fail	/site/manager/processors/undelete_content.processor.php	0.00	compile failed: MIR.verify: dangling local $_lang read in __main but never defined	cached
fail	/site/manager/processors/unpublish_content.processor.php	0.00	compile failed: MIR.verify: dangling local $_lang read in __main but never defined	cached
ok	/site/manager/processors/user_documents_permissions.class.php	0.00		cached
fail	/site/manager/processors/web_access_groups.processor.php	0.00	compile failed: MIR.verify: dangling local $modx read in __main but never defined	cached
ok	/site/manager/routes.php	0.00		cached
ok	/site/manager/views/form/checkbox.blade.php	0.00		cached
ok	/site/manager/views/form/input.blade.php	0.00		cached
ok	/site/manager/views/form/inputElement.blade.php	0.00		cached
ok	/site/manager/views/form/inputElementRole.blade.php	0.00		cached
ok	/site/manager/views/form/radio.blade.php	0.00		cached
ok	/site/manager/views/form/row.blade.php	0.00		cached
ok	/site/manager/views/form/select.blade.php	0.00		cached
ok	/site/manager/views/form/selectElement.blade.php	0.00		cached
ok	/site/manager/views/form/textarea.blade.php	0.00		cached
ok	/site/manager/views/form/textareaElement.blade.php	0.00		cached
fail	/site/manager/views/frame/1.blade.php	0.00	compile failed: MIR.verify: dangling local $unlockTranslations read in __main but never defined	cached
ok	/site/manager/views/frame/tree.blade.php	0.00		cached
ok	/site/manager/views/page/0.blade.php	0.00		cached
ok	/site/manager/views/page/103.php	0.00		cached
ok	/site/manager/views/page/104.php	0.00		cached
ok	/site/manager/views/page/105.php	0.00		cached
ok	/site/manager/views/page/107.php	0.00		cached
ok	/site/manager/views/page/108.php	0.00		cached
ok	/site/manager/views/page/109.php	0.00		cached
ok	/site/manager/views/page/11.php	0.00		cached
ok	/site/manager/views/page/110.php	0.00		cached
ok	/site/manager/views/page/111.php	0.00		cached
ok	/site/manager/views/page/112.php	0.00		cached
ok	/site/manager/views/page/113.php	0.00		cached
ok	/site/manager/views/page/116.php	0.00		cached
ok	/site/manager/views/page/117.php	0.00		cached
ok	/site/manager/views/page/118.php	0.00		cached
ok	/site/manager/views/page/119.php	0.00		cached
ok	/site/manager/views/page/12.php	0.00		cached
ok	/site/manager/views/page/120.php	0.00		cached
ok	/site/manager/views/page/121.php	0.00		cached
ok	/site/manager/views/page/13.php	0.00		cached
fail	/site/manager/views/page/2.blade.php	0.00	compile failed: MIR.verify: dangling local $_lang read in __main but never defined	cached
ok	/site/manager/views/page/20.php	0.00		cached
ok	/site/manager/views/page/21.php	0.00		cached
ok	/site/manager/views/page/24.php	0.00		cached
ok	/site/manager/views/page/25.php	0.00		cached
ok	/site/manager/views/page/27.php	0.00		cached
fail	/site/manager/views/page/3.blade.php	0.00	compile failed: MIR.verify: dangling local $_style read in __main but never defined	cached
ok	/site/manager/views/page/30.php	0.00		cached
ok	/site/manager/views/page/302.php	0.00		cached
ok	/site/manager/views/page/303.php	0.00		cached
ok	/site/manager/views/page/304.php	0.00		cached
ok	/site/manager/views/page/31.php	0.00		cached
ok	/site/manager/views/page/32.php	0.00		cached
ok	/site/manager/views/page/4.blade.php	0.00		cached
ok	/site/manager/views/page/5.php	0.00		cached
ok	/site/manager/views/page/501.php	0.00		cached
ok	/site/manager/views/page/54.php	0.00		cached
ok	/site/manager/views/page/55.php	0.00		cached
ok	/site/manager/views/page/56.php	0.00		cached
ok	/site/manager/views/page/6.php	0.00		cached
ok	/site/manager/views/page/61.php	0.00		cached
ok	/site/manager/views/page/62.php	0.00		cached
ok	/site/manager/views/page/63.php	0.00		cached
ok	/site/manager/views/page/64.php	0.00		cached
ok	/site/manager/views/page/67.php	0.00		cached
ok	/site/manager/views/page/7.blade.php	0.00		cached
ok	/site/manager/views/page/72.php	0.00		cached
ok	/site/manager/views/page/75.php	0.00		cached
ok	/site/manager/views/page/79.php	0.00		cached
ok	/site/manager/views/page/80.php	0.00		cached
ok	/site/manager/views/page/84.php	0.00		cached
ok	/site/manager/views/page/85.php	0.00		cached
ok	/site/manager/views/page/87.php	0.00		cached
ok	/site/manager/views/page/88.php	0.00		cached
ok	/site/manager/views/page/92.php	0.00		cached
ok	/site/manager/views/page/93.php	0.00		cached
ok	/site/manager/views/page/94.php	0.00		cached
ok	/site/manager/views/page/96.php	0.00		cached
ok	/site/manager/views/page/97.php	0.00		cached
ok	/site/manager/views/page/98.php	0.00		cached
ok	/site/manager/views/page/99.php	0.00		cached
ok	/site/manager/views/page/999.php	0.00		cached
ok	/site/manager/views/page/chunk.blade.php	0.00		cached
fail	/site/manager/views/page/eventlog.blade.php	0.00	compile failed: MIR.verify: dangling local $_style read in __main but never defined	cached
ok	/site/manager/views/page/eventlog_details.blade.php	0.00		cached
ok	/site/manager/views/page/help.blade.php	0.00		cached
ok	/site/manager/views/page/modules.blade.php	0.00		cached
ok	/site/manager/views/page/move_document.blade.php	0.00		cached
ok	/site/manager/views/page/password.blade.php	0.00		cached
ok	/site/manager/views/page/phpinfo.blade.php	0.00		cached
fail	/site/manager/views/page/plugin.blade.php	0.00	compile failed: MIR.verify: dangling local $data read in __main but never defined	cached
ok	/site/manager/views/page/plugin_priority.blade.php	0.00		cached
ok	/site/manager/views/page/refresh_site.blade.php	0.00		cached
ok	/site/manager/views/page/resources.blade.php	0.00		cached
ok	/site/manager/views/page/resources/chunks.blade.php	0.00		cached
fail	/site/manager/views/page/resources/elements/chunk.blade.php	0.00	compile failed: MIR.verify: dangling local $item read in __main but never defined	cached
fail	/site/manager/views/page/resources/elements/module.blade.php	0.00	compile failed: MIR.verify: dangling local $item read in __main but never defined	cached
fail	/site/manager/views/page/resources/elements/plugin.blade.php	0.00	compile failed: MIR.verify: dangling local $item read in __main but never defined	cached
fail	/site/manager/views/page/resources/elements/snippet.blade.php	0.00	compile failed: MIR.verify: dangling local $item read in __main but never defined	cached
fail	/site/manager/views/page/resources/elements/template.blade.php	0.00	compile failed: MIR.verify: dangling local $item read in __main but never defined	cached
fail	/site/manager/views/page/resources/elements/tv.blade.php	0.00	compile failed: MIR.verify: dangling local $item read in __main but never defined	cached
ok	/site/manager/views/page/resources/helper/switchButtons.blade.php	0.00		cached
ok	/site/manager/views/page/resources/modules.blade.php	0.00		cached
ok	/site/manager/views/page/resources/plugins.blade.php	0.00		cached
ok	/site/manager/views/page/resources/snippets.blade.php	0.00		cached
ok	/site/manager/views/page/resources/templates.blade.php	0.00		cached
ok	/site/manager/views/page/resources/tv.blade.php	0.00		cached
ok	/site/manager/views/page/role_management.blade.php	0.00		cached
ok	/site/manager/views/page/search.blade.php	0.00		cached
ok	/site/manager/views/page/site_schedule.blade.php	0.00		cached
ok	/site/manager/views/page/snippet.blade.php	0.00		cached
ok	/site/manager/views/page/sysinfo.blade.php	0.00		cached
ok	/site/manager/views/page/sysinfo/html.blade.php	0.00		cached
ok	/site/manager/views/page/sysinfo/phpversion.blade.php	0.00		cached
ok	/site/manager/views/page/system_settings.blade.php	0.00		cached
ok	/site/manager/views/page/system_settings/file_browser.blade.php	0.00		cached
ok	/site/manager/views/page/system_settings/file_manager.blade.php	0.00		cached
ok	/site/manager/views/page/system_settings/friendly_urls.blade.php	0.00		cached
ok	/site/manager/views/page/system_settings/general.blade.php	0.00		cached
ok	/site/manager/views/page/system_settings/interface.blade.php	0.00		cached
ok	/site/manager/views/page/system_settings/mail_templates.blade.php	0.00		cached
ok	/site/manager/views/page/system_settings/security.blade.php	0.00		cached
ok	/site/manager/views/page/template.blade.php	0.00		cached
fail	/site/manager/views/page/template/tv.blade.php	0.00	compile failed: MIR.verify: dangling local $item read in __main but never defined	cached
fail	/site/manager/views/page/tmplvar.blade.php	0.00	compile failed: MIR.verify: dangling local $_style read in __main but never defined	cached
ok	/site/manager/views/page/tmplvar/role.blade.php	0.00		cached
ok	/site/manager/views/page/tmplvar/template.blade.php	0.00		cached
ok	/site/manager/views/page/tmplvar_rank.blade.php	0.00		cached
ok	/site/manager/views/page/update_tree.blade.php	0.00		cached
fail	/site/manager/views/page/user_roles/element_permission.blade.php	0.00	compile failed: MIR.verify: dangling local $item read in __main but never defined	cached
ok	/site/manager/views/page/user_roles/permission.blade.php	0.00		cached
ok	/site/manager/views/page/user_roles/permission_group_list.blade.php	0.00		cached
ok	/site/manager/views/page/user_roles/permission_list.blade.php	0.00		cached
ok	/site/manager/views/page/user_roles/permissions_groups.blade.php	0.00		cached
ok	/site/manager/views/page/user_roles/role_management.blade.php	0.00		cached
ok	/site/manager/views/page/user_roles/user_role.blade.php	0.00		cached
ok	/site/manager/views/page/users/message_after_save.blade.php	0.00		cached
ok	/site/manager/views/page/web_access_permissions.blade.php	0.00		cached
ok	/site/manager/views/partials/actionButtons.blade.php	0.00		cached
ok	/site/manager/views/partials/debug.blade.php	0.00		cached
ok	/site/manager/views/partials/footer.blade.php	0.00		cached
ok	/site/manager/views/partials/header.blade.php	0.00		cached
ok	/site/manager/views/partials/panelCollapse.blade.php	0.00		cached
ok	/site/manager/views/template/blank.blade.php	0.00		cached
ok	/site/manager/views/template/page.blade.php	0.00		cached
